sourceKind,sourceFile,uid,name,rowKey,category,contributionKind,runtimeReadiness,confidence,needsEncounterEvidence,targetScope,targetText,statDependencies,usesFinalStats,gameFileEvidence,runtimeEvidence,remainingEvidence,needsRuntimeOwnership,values,snippet,provenance
battleImagine,BattleImagineDescriptions.json,2110034,Tina - Lower CD,battleImagine:2110034:1,cooldownAcceleration,accelerate,activeBuffOrAttrCandidate,high,false,unknown,,[],false,"[""battleImagineDefinition"",""localizedDescription""]","[""battleImagineTier"",""equippedBattleImagine""]","[""targetSkillScopeMapping""]",true,[],Increase CD speed throughout the duration,"[{""sourceFile"":""ModifierSourceIndex.json""},{""sourceFile"":""ModifierSourceIndex.json""},{""sourceFile"":""EffectSources.json""},{""sourceFile"":""EffectSources.json""}]"
battleImagine,BattleImagineDescriptions.json,2110042,Crimson Foxen - Haste,battleImagine:2110042:1,hasteStat,hasteEvidence,attrOrBuffEvidence,medium,false,unknown,,"[""haste""]",true,"[""battleImagineDefinition"",""localizedDescription""]","[""battleImagineTier"",""equippedBattleImagine"",""finalCharacterStats""]","[""targetSkillScopeMapping""]",true,[],Increase Haste throughout the duration,"[{""sourceFile"":""ModifierSourceIndex.json""},{""sourceFile"":""ModifierSourceIndex.json""},{""sourceFile"":""EffectSources.json""},{""sourceFile"":""EffectSources.json""}]"
battleImagine,BattleImagineDescriptions.json,2110056,Time Stasis,battleImagine:2110056:1,cooldownTextUnclassified,evidence,textOnly,medium,false,unknown,,[],false,"[""battleImagineDefinition"",""localizedDescription""]","[""battleImagineTier"",""equippedBattleImagine""]","[""runtimeIdBridge""]",true,[],"Time Acceleration Decree"" cannot be added again","[{""sourceFile"":""ModifierSourceIndex.json""},{""sourceFile"":""ModifierSourceIndex.json""},{""sourceFile"":""EffectSources.json""},{""sourceFile"":""EffectSources.json""}]"
battleImagine,BattleImagineDescriptions.json,2110060,Swift Vortex,battleImagine:2110060:1,hasteStat,hasteEvidence,attrOrBuffEvidence,medium,false,unknown,,"[""haste""]",true,"[""battleImagineDefinition"",""localizedDescription""]","[""battleImagineTier"",""equippedBattleImagine"",""finalCharacterStats""]","[""targetSkillScopeMapping""]",true,[],Gain explosive Speed and accelerated Haste throughout the duration,"[{""sourceFile"":""ModifierSourceIndex.json""},{""sourceFile"":""ModifierSourceIndex.json""},{""sourceFile"":""EffectSources.json""},{""sourceFile"":""EffectSources.json""}]"
battleImagine,BattleImagineDescriptions.json,2110103,Celestial Flier - Azure Gale,battleImagine:2110103:1,hasteStat,hasteEvidence,attrOrBuffEvidence,medium,false,unknown,,"[""haste""]",true,"[""battleImagineDefinition"",""localizedDescription""]","[""battleImagineTier"",""equippedBattleImagine"",""finalCharacterStats""]","[""targetSkillScopeMapping""]",true,[],Greatly increases own haste,"[{""sourceFile"":""ModifierSourceIndex.json""},{""sourceFile"":""ModifierSourceIndex.json""},{""sourceFile"":""EffectSources.json""},{""sourceFile"":""EffectSources.json""}]"
battleImagine,BattleImagineDescriptions.json,2110123,Flamehorn - Flame of Luck,battleImagine:2110123:1,flatCooldownReduce,flatReduceMs,activeBuffOrAttrCandidate,high,false,unknown,passive's,"[""lucky""]",true,"[""battleImagineDefinition"",""localizedDescription""]","[""battleImagineTier"",""equippedBattleImagine"",""finalCharacterStats""]","[""targetSkillScopeMapping""]",true,[],Immediately gains Absolute Luck and reduces the passive's CD,"[{""sourceFile"":""ModifierSourceIndex.json""},{""sourceFile"":""ModifierSourceIndex.json""},{""sourceFile"":""EffectSources.json""},{""sourceFile"":""EffectSources.json""}]"
battleImagine,BattleImagineDescriptions.json,2110129,Emerald Caprahorn - Haste Specialization,battleImagine:2110129:1,hasteStat,hasteEvidence,attrOrBuffEvidence,medium,false,unknown,,"[""haste""]",true,"[""battleImagineDefinition"",""localizedDescription""]","[""battleImagineTier"",""equippedBattleImagine"",""finalCharacterStats""]","[""targetSkillScopeMapping""]",true,[],Increases Haste during the duration,"[{""sourceFile"":""ModifierSourceIndex.json""},{""sourceFile"":""ModifierSourceIndex.json""},{""sourceFile"":""EffectSources.json""},{""sourceFile"":""EffectSources.json""}]"
battleImagine,BattleImagineDescriptions.json,2110165,Natsu - Fire Dragon's Roar,battleImagine:2110165:1,cooldownAcceleration,accelerate,activeBuffOrAttrCandidate,high,false,unknown,,[],false,"[""battleImagineDefinition"",""localizedDescription""]","[""battleImagineTier"",""equippedBattleImagine""]","[""targetSkillScopeMapping""]",true,[],Grants Fire Bonus and CD Boost.,"[{""sourceFile"":""ModifierSourceIndex.json""},{""sourceFile"":""ModifierSourceIndex.json""},{""sourceFile"":""EffectSources.json""},{""sourceFile"":""EffectSources.json""}]"
factor,FactorDescriptions.json,3050140,Stormblade Rhapsody X3,factor:3050140:1,cooldownTextUnclassified,evidence,textOnly,medium,false,unknown,,[],false,"[""factorDefinition"",""factorGradeRows"",""localizedDescription""]","[""selectedFactorGradeItem"",""skillCastEvent""]","[""runtimeIdBridge""]",true,[],Recasting Moonstrike returns the Moonblade to the caster's position.,"[{""sourceFile"":""SeasonPhantomFactors.json""},{""sourceFile"":""SeasonPhantomFactors.json""}]"
factor,FactorDescriptions.json,3051110,Wind Knight X11,factor:3051110:1,cooldownAcceleration,accelerate,activeBuffOrAttrCandidate,high,false,unknown,,[],false,"[""factorDefinition"",""factorGradeRows"",""localizedDescription""]","[""selectedFactorGradeItem""]","[""targetSkillScopeMapping""]",true,"[{""value"":5,""unit"":""percent"",""raw"":""5%""}]","Every , Sharp Impact gains 5% charge (affected by CD Boost); Sharp Impact, Typhoon: Sharp Impact Illusion-Breaking DMG +.","[{""sourceFile"":""SeasonPhantomFactors.json""},{""sourceFile"":""SeasonPhantomFactors.json""}]"
factor,FactorDescriptions.json,3051400,Wind Knight Reality Factor X1,factor:3051400:1,flatCooldownReduce,flatReduceMs,eventEvidenceRequired,high,true,unknown,Galeform,[],false,"[""factorDefinition"",""factorGradeRows"",""localizedDescription""]","[""illusionEnergyTracker"",""selectedFactorGradeItem""]","[""controlledEncounterTriggerProof"",""targetSkillScopeMapping""]",true,"[{""value"":1,""unit"":""seconds"",""raw"":""1s""}]","When Illusion Energy reaches points, reduces the remaining CD of Galeform by 1s.","[{""sourceFile"":""SeasonPhantomFactors.json""},{""sourceFile"":""SeasonPhantomFactors.json""}]"
factor,FactorDescriptions.json,3052430,Frost Mage Reality Factor X4,factor:3052430:1,noCooldownTrigger,noCooldownTrigger,eventEvidenceRequired,high,true,unknown,,[],false,"[""factorDefinition"",""factorGradeRows"",""localizedDescription""]","[""illusionEnergyTracker"",""selectedFactorGradeItem"",""skillCastEvent""]","[""controlledEncounterTriggerProof"",""targetSkillScopeMapping""]",true,[],"When Illusion Energy reaches points, the next cast of Tidepool does not trigger CD, and its Illusion DMG increases by .","[{""sourceFile"":""SeasonPhantomFactors.json""},{""sourceFile"":""SeasonPhantomFactors.json""}]"
factor,FactorDescriptions.json,3053090,Marksman X9,factor:3053090:1,hasteStat,hasteEvidence,attrOrBuffEvidence,medium,false,unknown,,"[""haste""]",true,"[""factorDefinition"",""factorGradeRows"",""localizedDescription""]","[""damageEvent"",""finalCharacterStats"",""selectedFactorGradeItem""]","[""targetSkillScopeMapping""]",true,"[{""value"":1,""unit"":"""",""raw"":""1""}]",Each Haste increases Radiance Barrage hit count by 1; Radiance Barrage Illusion-Breaking DMG increases by .,"[{""sourceFile"":""SeasonPhantomFactors.json""},{""sourceFile"":""SeasonPhantomFactors.json""}]"
factor,FactorDescriptions.json,3053430,Marksman Reality Factor X4,factor:3053430:1,flatCooldownReduce,flatReduceMs,activeBuffOrAttrCandidate,high,false,unknown,its remaining,[],false,"[""factorDefinition"",""factorGradeRows"",""localizedDescription""]","[""selectedFactorGradeItem""]","[""targetSkillScopeMapping""]",true,[],"If Powerdraw is on CD, reduces its remaining CD by .","[{""sourceFile"":""SeasonPhantomFactors.json""},{""sourceFile"":""SeasonPhantomFactors.json""}]"
factor,FactorDescriptions.json,3054450,Shield Knight Reality Factor X6,factor:3054450:1,flatCooldownReduce,flatReduceMs,eventEvidenceRequired,high,true,unknown,the Ultimate is reduced,[],false,"[""factorDefinition"",""factorGradeRows"",""localizedDescription""]","[""illusionEnergyTracker"",""selectedFactorGradeItem""]","[""controlledEncounterTriggerProof"",""targetSkillScopeMapping""]",true,"[{""value"":1,""unit"":""seconds"",""raw"":""1s""}]","When Illusion Energy reaches points, the remaining CD of the Ultimate is reduced by 1s.","[{""sourceFile"":""SeasonPhantomFactors.json""},{""sourceFile"":""SeasonPhantomFactors.json""}]"
factor,FactorDescriptions.json,3055380,Heavy Guardian Reality Factor X3,factor:3055380:1,cooldownTextUnclassified,evidence,textOnly,medium,false,unknown,,[],false,"[""factorDefinition"",""factorGradeRows"",""localizedDescription""]","[""illusionEnergyTracker"",""selectedFactorGradeItem""]","[""runtimeIdBridge""]",true,"[{""value"":1,""unit"":""seconds"",""raw"":""1s""}]","When Illusion Energy reaches points, the remaining CDs of Stoneform and Brave Bastion are reduced by 1s.","[{""sourceFile"":""SeasonPhantomFactors.json""},{""sourceFile"":""SeasonPhantomFactors.json""}]"
factor,FactorDescriptions.json,3056120,Verdant Oracle Rhapsody X1,factor:3056120:1,cooldownTextUnclassified,evidence,textOnly,medium,false,classSkill,,[],false,"[""factorDefinition"",""factorGradeRows"",""localizedDescription""]","[""killEvent"",""selectedFactorGradeItem""]","[""runtimeIdBridge""]",true,[],"While Regen Pulse is equipped, Regen Pulse is triggered whenever a non-basic attack Class Skill enters CD (can be triggered at most once each time).","[{""sourceFile"":""SeasonPhantomFactors.json""},{""sourceFile"":""SeasonPhantomFactors.json""}]"
factor,FactorDescriptions.json,3056380,Verdant Oracle Reality Factor X1,factor:3056380:1,flatCooldownReduce,flatReduceMs,eventEvidenceRequired,high,true,unknown,Nature Ward,[],false,"[""factorDefinition"",""factorGradeRows"",""localizedDescription""]","[""illusionEnergyTracker"",""selectedFactorGradeItem""]","[""controlledEncounterTriggerProof"",""targetSkillScopeMapping""]",true,"[{""value"":1,""unit"":""seconds"",""raw"":""1s""}]","When Illusion Energy reaches points, grants Energy and reduces the remaining CD of Nature Ward by 1s.","[{""sourceFile"":""SeasonPhantomFactors.json""},{""sourceFile"":""SeasonPhantomFactors.json""}]"
factor,FactorDescriptions.json,3056430,Verdant Oracle Reality Factor X6,factor:3056430:1,flatCooldownReduce,flatReduceMs,eventEvidenceRequired,high,true,unknown,Grove Wish is reduced,[],false,"[""factorDefinition"",""factorGradeRows"",""localizedDescription""]","[""illusionEnergyTracker"",""selectedFactorGradeItem""]","[""controlledEncounterTriggerProof"",""targetSkillScopeMapping""]",true,"[{""value"":1,""unit"":""seconds"",""raw"":""1s""}]","When Illusion Energy reaches points, the remaining CD of Grove Wish is reduced by 1s.","[{""sourceFile"":""SeasonPhantomFactors.json""},{""sourceFile"":""SeasonPhantomFactors.json""}]"
factor,FactorDescriptions.json,3058060,Polarity X6,factor:3058060:1,hasteStat,hasteEvidence,attrOrBuffEvidence,medium,false,unknown,,"[""haste"",""lucky""]",true,"[""factorDefinition"",""factorGradeRows"",""localizedDescription""]","[""finalCharacterStats"",""selectedFactorGradeItem""]","[""targetSkillScopeMapping""]",true,[],"Luck gained in any way +, but Haste gained in any way –","[{""sourceFile"":""SeasonPhantomFactors.json""},{""sourceFile"":""SeasonPhantomFactors.json""}]"
factor,FactorDescriptions.json,3058080,Polarity X8,factor:3058080:1,hasteStat,hasteEvidence,attrOrBuffEvidence,medium,false,unknown,,"[""haste"",""crit""]",true,"[""factorDefinition"",""factorGradeRows"",""localizedDescription""]","[""damageEventCritFlag"",""finalCharacterStats"",""selectedFactorGradeItem""]","[""targetSkillScopeMapping""]",true,[],"Haste gained in any way +, but Crit gained in any way –","[{""sourceFile"":""SeasonPhantomFactors.json""},{""sourceFile"":""SeasonPhantomFactors.json""}]"
factor,FactorDescriptions.json,3059110,Stormblade Stasis X2,factor:3059110:1,cooldownTextUnclassified,evidence,textOnly,medium,false,unknown,,[],false,"[""factorDefinition"",""factorGradeRows"",""localizedDescription""]","[""selectedFactorGradeItem""]","[""runtimeIdBridge""]",true,"[{""value"":1,""unit"":"""",""raw"":""+1""}]",True Sight charge count +1; CD −,"[{""sourceFile"":""SeasonPhantomFactors.json""},{""sourceFile"":""SeasonPhantomFactors.json""}]"
factor,FactorDescriptions.json,3059120,Wind Knight Stasis X1,factor:3059120:1,cooldownTextUnclassified,evidence,textOnly,medium,false,unknown,,[],false,"[""factorDefinition"",""factorGradeRows"",""localizedDescription""]","[""selectedFactorGradeItem""]","[""runtimeIdBridge""]",true,"[{""value"":1,""unit"":"""",""raw"":""+1""}]",Aegis Gale charge count +1; CD −,"[{""sourceFile"":""SeasonPhantomFactors.json""},{""sourceFile"":""SeasonPhantomFactors.json""}]"
factor,FactorDescriptions.json,3059150,Frost Mage Stasis X2,factor:3059150:1,cooldownTextUnclassified,evidence,textOnly,medium,false,unknown,,[],false,"[""factorDefinition"",""factorGradeRows"",""localizedDescription""]","[""selectedFactorGradeItem""]","[""runtimeIdBridge""]",true,"[{""value"":1,""unit"":"""",""raw"":""+1""}]",Frost Shelter charge count +1; CD −,"[{""sourceFile"":""SeasonPhantomFactors.json""},{""sourceFile"":""SeasonPhantomFactors.json""}]"
factor,FactorDescriptions.json,3059170,Marksman Stasis X2,factor:3059170:1,cooldownTextUnclassified,evidence,textOnly,medium,false,unknown,,[],false,"[""factorDefinition"",""factorGradeRows"",""localizedDescription""]","[""selectedFactorGradeItem""]","[""runtimeIdBridge""]",true,[],"During Deter Shot, Magic DMG Resistance +; Deter Shot CD −","[{""sourceFile"":""SeasonPhantomFactors.json""},{""sourceFile"":""SeasonPhantomFactors.json""}]"
factor,FactorDescriptions.json,3059180,Shield Knight Stasis X1,factor:3059180:1,cooldownTextUnclassified,evidence,textOnly,medium,false,unknown,,[],false,"[""factorDefinition"",""factorGradeRows"",""localizedDescription""]","[""selectedFactorGradeItem"",""skillCastEvent""]","[""runtimeIdBridge""]",true,[],"Aegis Ward and Radiance CD −; After casting Aegis Ward or Radiance, the next Judgment costs no Holy Energy","[{""sourceFile"":""SeasonPhantomFactors.json""},{""sourceFile"":""SeasonPhantomFactors.json""}]"
factor,FactorDescriptions.json,3060450,Flame Vanguard Reality Factor X6,factor:3060450:1,flatCooldownReduce,flatReduceMs,eventEvidenceRequired,high,true,unknown,the Ultimate is reduced,[],false,"[""factorDefinition"",""factorGradeRows"",""localizedDescription""]","[""illusionEnergyTracker"",""selectedFactorGradeItem""]","[""controlledEncounterTriggerProof"",""targetSkillScopeMapping""]",true,"[{""value"":0.5,""unit"":""seconds"",""raw"":""0.5s""}]","When Illusion Energy reaches points, the remaining CD of the Ultimate is reduced by 0.5s.","[{""sourceFile"":""SeasonPhantomFactors.json""},{""sourceFile"":""SeasonPhantomFactors.json""}]"
itemOrEquipment,ItemDescriptions.json,1010001,Recovery Potion,itemOrEquipment:1010001:1,itemUseCooldown,itemCooldown,notCombatSkillModifier,high,false,unknown,,[],false,"[""itemDefinition"",""localizedDescription""]","[""equippedItemConfigId""]","[""targetSkillScopeMapping""]",true,"[{""value"":30,""unit"":""seconds"",""raw"":""30s""}]","Essential combat medicine for adventurers, restores HP when used, CD: 30s.","[{""sourceFile"":""ItemDescriptionSources.json""}]"
itemOrEquipment,ItemDescriptions.json,1015202,Creation Core - Haste,itemOrEquipment:1015202:1,hasteStat,hasteEvidence,attrOrBuffEvidence,medium,false,unknown,,"[""haste""]",true,"[""itemDefinition"",""localizedDescription""]","[""equippedItemConfigId"",""finalCharacterStats""]","[""targetSkillScopeMapping""]",true,[],Integrating it into crafting boosts the finished gear's Haste.,"[{""sourceFile"":""ItemDescriptionSources.json""}]"
itemOrEquipment,ItemDescriptions.json,1101208,Energizing Incense,itemOrEquipment:1101208:1,cooldownTextUnclassified,evidence,textOnly,medium,false,unknown,,[],false,"[""itemDefinition"",""localizedDescription""]","[""equippedItemConfigId""]","[""runtimeIdBridge""]",true,"[{""value"":300,""unit"":"""",""raw"":""300""}]","Can only be used in the Slumberdream Valley, with a 300-second CD after usage.","[{""sourceFile"":""ItemDescriptionSources.json""}]"
itemOrEquipment,ItemDescriptions.json,1101209,Mistmoon Incense,itemOrEquipment:1101209:1,cooldownTextUnclassified,evidence,textOnly,medium,false,unknown,,[],false,"[""itemDefinition"",""localizedDescription""]","[""equippedItemConfigId""]","[""runtimeIdBridge""]",true,"[{""value"":300,""unit"":"""",""raw"":""300""}]","Can only be used in the Slumberdream Valley, with a 300-second CD after usage.","[{""sourceFile"":""ItemDescriptionSources.json""}]"
itemOrEquipment,ItemDescriptions.json,1101210,Cleansing Incense,itemOrEquipment:1101210:1,cooldownTextUnclassified,evidence,textOnly,medium,false,unknown,,[],false,"[""itemDefinition"",""localizedDescription""]","[""equippedItemConfigId""]","[""runtimeIdBridge""]",true,"[{""value"":300,""unit"":"""",""raw"":""300""}]","Can only be used in the Slumberdream Valley, with a 300-second CD after usage.","[{""sourceFile"":""ItemDescriptionSources.json""}]"
itemOrEquipment,ItemDescriptions.json,1101218,Phase Lens - Luminescence,itemOrEquipment:1101218:1,cooldownTextUnclassified,evidence,textOnly,medium,false,unknown,,[],false,"[""itemDefinition"",""localizedDescription""]","[""equippedItemConfigId"",""skillCastEvent""]","[""runtimeIdBridge""]",true,"[{""value"":300,""unit"":"""",""raw"":""300""}]",A 300-second CD will apply after using the lens.,"[{""sourceFile"":""ItemDescriptionSources.json""}]"
itemOrEquipment,ItemDescriptions.json,1101219,Phase Lens - Radiance,itemOrEquipment:1101219:1,cooldownTextUnclassified,evidence,textOnly,medium,false,unknown,,[],false,"[""itemDefinition"",""localizedDescription""]","[""equippedItemConfigId"",""skillCastEvent""]","[""runtimeIdBridge""]",true,"[{""value"":300,""unit"":"""",""raw"":""300""}]",A 300-second CD will apply after using the lens.,"[{""sourceFile"":""ItemDescriptionSources.json""}]"
itemOrEquipment,ItemDescriptions.json,1101220,Phase Lens - Brilliance,itemOrEquipment:1101220:1,cooldownTextUnclassified,evidence,textOnly,medium,false,unknown,,[],false,"[""itemDefinition"",""localizedDescription""]","[""equippedItemConfigId"",""skillCastEvent""]","[""runtimeIdBridge""]",true,"[{""value"":300,""unit"":"""",""raw"":""300""}]",A 300-second CD will apply after using the lens.,"[{""sourceFile"":""ItemDescriptionSources.json""}]"
itemOrEquipment,ItemDescriptions.json,2010813,Lethal Highland Facehelm,itemOrEquipment:2010813:1,hasteExcluded,notModifier,notCombatSkillModifier,high,false,unknown,,"[""haste""]",true,"[""itemDefinition"",""localizedDescription""]","[""equippedItemConfigId"",""finalCharacterStats""]","[""targetSkillScopeMapping""]",true,[],[This gear's advanced attributes will not include Haste.],"[{""sourceFile"":""ItemDescriptionSources.json""}]"
itemOrEquipment,ItemDescriptions.json,2010814,Lethal Highland Facehelm,itemOrEquipment:2010814:1,hasteExcluded,notModifier,notCombatSkillModifier,high,false,unknown,,"[""haste""]",true,"[""itemDefinition"",""localizedDescription""]","[""equippedItemConfigId"",""finalCharacterStats""]","[""targetSkillScopeMapping""]",true,[],[This gear's advanced attributes will not include Haste.],"[{""sourceFile"":""ItemDescriptionSources.json""}]"
itemOrEquipment,ItemDescriptions.json,2010815,Fortune Highland Facehelm,itemOrEquipment:2010815:1,hasteExcluded,notModifier,notCombatSkillModifier,high,false,unknown,,"[""haste""]",true,"[""itemDefinition"",""localizedDescription""]","[""equippedItemConfigId"",""finalCharacterStats""]","[""targetSkillScopeMapping""]",true,[],[This gear's advanced attributes will not include Haste.],"[{""sourceFile"":""ItemDescriptionSources.json""}]"
itemOrEquipment,ItemDescriptions.json,2010816,Fortune Highland Facehelm,itemOrEquipment:2010816:1,hasteExcluded,notModifier,notCombatSkillModifier,high,false,unknown,,"[""haste""]",true,"[""itemDefinition"",""localizedDescription""]","[""equippedItemConfigId"",""finalCharacterStats""]","[""targetSkillScopeMapping""]",true,[],[This gear's advanced attributes will not include Haste.],"[{""sourceFile"":""ItemDescriptionSources.json""}]"
itemOrEquipment,ItemDescriptions.json,2010817,Dominion Highland Facehelm,itemOrEquipment:2010817:1,hasteExcluded,notModifier,notCombatSkillModifier,high,false,unknown,,"[""haste""]",true,"[""itemDefinition"",""localizedDescription""]","[""equippedItemConfigId"",""finalCharacterStats""]","[""targetSkillScopeMapping""]",true,[],[This gear's advanced attributes will not include Haste.],"[{""sourceFile"":""ItemDescriptionSources.json""}]"
itemOrEquipment,ItemDescriptions.json,2010818,Dominion Highland Facehelm,itemOrEquipment:2010818:1,hasteExcluded,notModifier,notCombatSkillModifier,high,false,unknown,,"[""haste""]",true,"[""itemDefinition"",""localizedDescription""]","[""equippedItemConfigId"",""finalCharacterStats""]","[""targetSkillScopeMapping""]",true,[],[This gear's advanced attributes will not include Haste.],"[{""sourceFile"":""ItemDescriptionSources.json""}]"
itemOrEquipment,ItemDescriptions.json,2010819,Peerless Highland Facehelm,itemOrEquipment:2010819:1,hasteExcluded,notModifier,notCombatSkillModifier,high,false,unknown,,"[""haste""]",true,"[""itemDefinition"",""localizedDescription""]","[""equippedItemConfigId"",""finalCharacterStats""]","[""targetSkillScopeMapping""]",true,[],[This gear's advanced attributes will not include Haste.],"[{""sourceFile"":""ItemDescriptionSources.json""}]"
itemOrEquipment,ItemDescriptions.json,2010820,Peerless Highland Facehelm,itemOrEquipment:2010820:1,hasteExcluded,notModifier,notCombatSkillModifier,high,false,unknown,,"[""haste""]",true,"[""itemDefinition"",""localizedDescription""]","[""equippedItemConfigId"",""finalCharacterStats""]","[""targetSkillScopeMapping""]",true,[],[This gear's advanced attributes will not include Haste.],"[{""sourceFile"":""ItemDescriptionSources.json""}]"
itemOrEquipment,ItemDescriptions.json,2010821,Peerless Highland Facehelm,itemOrEquipment:2010821:1,hasteExcluded,notModifier,notCombatSkillModifier,high,false,unknown,,"[""haste""]",true,"[""itemDefinition"",""localizedDescription""]","[""equippedItemConfigId"",""finalCharacterStats""]","[""targetSkillScopeMapping""]",true,[],[This gear's advanced attributes will not include Haste.],"[{""sourceFile"":""ItemDescriptionSources.json""}]"
itemOrEquipment,ItemDescriptions.json,2010822,Lethal Highland Facehelm,itemOrEquipment:2010822:1,hasteExcluded,notModifier,notCombatSkillModifier,high,false,unknown,,"[""haste""]",true,"[""itemDefinition"",""localizedDescription""]","[""equippedItemConfigId"",""finalCharacterStats""]","[""targetSkillScopeMapping""]",true,[],[This gear's advanced attributes will not include Haste.],"[{""sourceFile"":""ItemDescriptionSources.json""}]"
itemOrEquipment,ItemDescriptions.json,2010823,Fortune Highland Facehelm,itemOrEquipment:2010823:1,hasteExcluded,notModifier,notCombatSkillModifier,high,false,unknown,,"[""haste""]",true,"[""itemDefinition"",""localizedDescription""]","[""equippedItemConfigId"",""finalCharacterStats""]","[""targetSkillScopeMapping""]",true,[],[This gear's advanced attributes will not include Haste.],"[{""sourceFile"":""ItemDescriptionSources.json""}]"
itemOrEquipment,ItemDescriptions.json,2010824,Dominion Highland Facehelm,itemOrEquipment:2010824:1,hasteExcluded,notModifier,notCombatSkillModifier,high,false,unknown,,"[""haste""]",true,"[""itemDefinition"",""localizedDescription""]","[""equippedItemConfigId"",""finalCharacterStats""]","[""targetSkillScopeMapping""]",true,[],[This gear's advanced attributes will not include Haste.],"[{""sourceFile"":""ItemDescriptionSources.json""}]"
itemOrEquipment,ItemDescriptions.json,2010838,Wane Highland Face Guard,itemOrEquipment:2010838:1,hasteExcluded,notModifier,notCombatSkillModifier,high,false,unknown,,"[""haste""]",true,"[""itemDefinition"",""localizedDescription""]","[""equippedItemConfigId"",""finalCharacterStats""]","[""targetSkillScopeMapping""]",true,[],[This gear's advanced attributes will not include Haste.],"[{""sourceFile"":""ItemDescriptionSources.json""}]"
itemOrEquipment,ItemDescriptions.json,2060801,Peerless Blazeheart Necklace,itemOrEquipment:2060801:1,hasteExcluded,notModifier,notCombatSkillModifier,high,false,unknown,,"[""haste""]",true,"[""itemDefinition"",""localizedDescription""]","[""equippedItemConfigId"",""finalCharacterStats""]","[""targetSkillScopeMapping""]",true,[],[This gear's advanced attributes will not include Haste.],"[{""sourceFile"":""ItemDescriptionSources.json""}]"
itemOrEquipment,ItemDescriptions.json,2060802,Peerless Blazeheart Necklace,itemOrEquipment:2060802:1,hasteExcluded,notModifier,notCombatSkillModifier,high,false,unknown,,"[""haste""]",true,"[""itemDefinition"",""localizedDescription""]","[""equippedItemConfigId"",""finalCharacterStats""]","[""targetSkillScopeMapping""]",true,[],[This gear's advanced attributes will not include Haste.],"[{""sourceFile"":""ItemDescriptionSources.json""}]"
itemOrEquipment,ItemDescriptions.json,2060803,Peerless Blazeheart Necklace,itemOrEquipment:2060803:1,hasteExcluded,notModifier,notCombatSkillModifier,high,false,unknown,,"[""haste""]",true,"[""itemDefinition"",""localizedDescription""]","[""equippedItemConfigId"",""finalCharacterStats""]","[""targetSkillScopeMapping""]",true,[],[This gear's advanced attributes will not include Haste.],"[{""sourceFile"":""ItemDescriptionSources.json""}]"
itemOrEquipment,ItemDescriptions.json,2060804,Lethal Blazeheart Necklace,itemOrEquipment:2060804:1,hasteExcluded,notModifier,notCombatSkillModifier,high,false,unknown,,"[""haste""]",true,"[""itemDefinition"",""localizedDescription""]","[""equippedItemConfigId"",""finalCharacterStats""]","[""targetSkillScopeMapping""]",true,[],[This gear's advanced attributes will not include Haste.],"[{""sourceFile"":""ItemDescriptionSources.json""}]"
itemOrEquipment,ItemDescriptions.json,2060805,Dominion Blazeheart Necklace,itemOrEquipment:2060805:1,hasteExcluded,notModifier,notCombatSkillModifier,high,false,unknown,,"[""haste""]",true,"[""itemDefinition"",""localizedDescription""]","[""equippedItemConfigId"",""finalCharacterStats""]","[""targetSkillScopeMapping""]",true,[],[This gear's advanced attributes will not include Haste.],"[{""sourceFile"":""ItemDescriptionSources.json""}]"
itemOrEquipment,ItemDescriptions.json,2060806,Fortune Blazeheart Necklace,itemOrEquipment:2060806:1,hasteExcluded,notModifier,notCombatSkillModifier,high,false,unknown,,"[""haste""]",true,"[""itemDefinition"",""localizedDescription""]","[""equippedItemConfigId"",""finalCharacterStats""]","[""targetSkillScopeMapping""]",true,[],[This gear's advanced attributes will not include Haste.],"[{""sourceFile"":""ItemDescriptionSources.json""}]"
itemOrEquipment,ItemDescriptions.json,2060807,Lethal Blazeheart Necklace,itemOrEquipment:2060807:1,hasteExcluded,notModifier,notCombatSkillModifier,high,false,unknown,,"[""haste""]",true,"[""itemDefinition"",""localizedDescription""]","[""equippedItemConfigId"",""finalCharacterStats""]","[""targetSkillScopeMapping""]",true,[],[This gear's advanced attributes will not include Haste.],"[{""sourceFile"":""ItemDescriptionSources.json""}]"
itemOrEquipment,ItemDescriptions.json,2060808,Lethal Blazeheart Necklace,itemOrEquipment:2060808:1,hasteExcluded,notModifier,notCombatSkillModifier,high,false,unknown,,"[""haste""]",true,"[""itemDefinition"",""localizedDescription""]","[""equippedItemConfigId"",""finalCharacterStats""]","[""targetSkillScopeMapping""]",true,[],[This gear's advanced attributes will not include Haste.],"[{""sourceFile"":""ItemDescriptionSources.json""}]"
itemOrEquipment,ItemDescriptions.json,2060809,Fortune Blazeheart Necklace,itemOrEquipment:2060809:1,hasteExcluded,notModifier,notCombatSkillModifier,high,false,unknown,,"[""haste""]",true,"[""itemDefinition"",""localizedDescription""]","[""equippedItemConfigId"",""finalCharacterStats""]","[""targetSkillScopeMapping""]",true,[],[This gear's advanced attributes will not include Haste.],"[{""sourceFile"":""ItemDescriptionSources.json""}]"
itemOrEquipment,ItemDescriptions.json,2060810,Fortune Blazeheart Necklace,itemOrEquipment:2060810:1,hasteExcluded,notModifier,notCombatSkillModifier,high,false,unknown,,"[""haste""]",true,"[""itemDefinition"",""localizedDescription""]","[""equippedItemConfigId"",""finalCharacterStats""]","[""targetSkillScopeMapping""]",true,[],[This gear's advanced attributes will not include Haste.],"[{""sourceFile"":""ItemDescriptionSources.json""}]"
itemOrEquipment,ItemDescriptions.json,2060811,Dominion Blazeheart Necklace,itemOrEquipment:2060811:1,hasteExcluded,notModifier,notCombatSkillModifier,high,false,unknown,,"[""haste""]",true,"[""itemDefinition"",""localizedDescription""]","[""equippedItemConfigId"",""finalCharacterStats""]","[""targetSkillScopeMapping""]",true,[],[This gear's advanced attributes will not include Haste.],"[{""sourceFile"":""ItemDescriptionSources.json""}]"
itemOrEquipment,ItemDescriptions.json,2060812,Dominion Blazeheart Necklace,itemOrEquipment:2060812:1,hasteExcluded,notModifier,notCombatSkillModifier,high,false,unknown,,"[""haste""]",true,"[""itemDefinition"",""localizedDescription""]","[""equippedItemConfigId"",""finalCharacterStats""]","[""targetSkillScopeMapping""]",true,[],[This gear's advanced attributes will not include Haste.],"[{""sourceFile"":""ItemDescriptionSources.json""}]"
itemOrEquipment,ItemDescriptions.json,2060837,Wane Blazeheart Necklace,itemOrEquipment:2060837:1,hasteExcluded,notModifier,notCombatSkillModifier,high,false,unknown,,"[""haste""]",true,"[""itemDefinition"",""localizedDescription""]","[""equippedItemConfigId"",""finalCharacterStats""]","[""targetSkillScopeMapping""]",true,[],[This gear's advanced attributes will not include Haste.],"[{""sourceFile"":""ItemDescriptionSources.json""}]"
itemOrEquipment,ItemDescriptions.json,2060901,Peerless Magma Necklace,itemOrEquipment:2060901:1,hasteExcluded,notModifier,notCombatSkillModifier,high,false,unknown,,"[""haste""]",true,"[""itemDefinition"",""localizedDescription""]","[""equippedItemConfigId"",""finalCharacterStats""]","[""targetSkillScopeMapping""]",true,[],[This gear's advanced attributes will not include Haste.],"[{""sourceFile"":""ItemDescriptionSources.json""}]"
itemOrEquipment,ItemDescriptions.json,2060902,Peerless Magma Necklace,itemOrEquipment:2060902:1,hasteExcluded,notModifier,notCombatSkillModifier,high,false,unknown,,"[""haste""]",true,"[""itemDefinition"",""localizedDescription""]","[""equippedItemConfigId"",""finalCharacterStats""]","[""targetSkillScopeMapping""]",true,[],[This gear's advanced attributes will not include Haste.],"[{""sourceFile"":""ItemDescriptionSources.json""}]"
itemOrEquipment,ItemDescriptions.json,2060903,Peerless Magma Necklace,itemOrEquipment:2060903:1,hasteExcluded,notModifier,notCombatSkillModifier,high,false,unknown,,"[""haste""]",true,"[""itemDefinition"",""localizedDescription""]","[""equippedItemConfigId"",""finalCharacterStats""]","[""targetSkillScopeMapping""]",true,[],[This gear's advanced attributes will not include Haste.],"[{""sourceFile"":""ItemDescriptionSources.json""}]"
itemOrEquipment,ItemDescriptions.json,2060904,Lethal Magma Necklace,itemOrEquipment:2060904:1,hasteExcluded,notModifier,notCombatSkillModifier,high,false,unknown,,"[""haste""]",true,"[""itemDefinition"",""localizedDescription""]","[""equippedItemConfigId"",""finalCharacterStats""]","[""targetSkillScopeMapping""]",true,[],[This gear's advanced attributes will not include Haste.],"[{""sourceFile"":""ItemDescriptionSources.json""}]"
itemOrEquipment,ItemDescriptions.json,2060905,Dominion Magma Necklace,itemOrEquipment:2060905:1,hasteExcluded,notModifier,notCombatSkillModifier,high,false,unknown,,"[""haste""]",true,"[""itemDefinition"",""localizedDescription""]","[""equippedItemConfigId"",""finalCharacterStats""]","[""targetSkillScopeMapping""]",true,[],[This gear's advanced attributes will not include Haste.],"[{""sourceFile"":""ItemDescriptionSources.json""}]"
itemOrEquipment,ItemDescriptions.json,2060906,Fortune Magma Necklace,itemOrEquipment:2060906:1,hasteExcluded,notModifier,notCombatSkillModifier,high,false,unknown,,"[""haste""]",true,"[""itemDefinition"",""localizedDescription""]","[""equippedItemConfigId"",""finalCharacterStats""]","[""targetSkillScopeMapping""]",true,[],[This gear's advanced attributes will not include Haste.],"[{""sourceFile"":""ItemDescriptionSources.json""}]"
itemOrEquipment,ItemDescriptions.json,2060907,Lethal Magma Necklace,itemOrEquipment:2060907:1,hasteExcluded,notModifier,notCombatSkillModifier,high,false,unknown,,"[""haste""]",true,"[""itemDefinition"",""localizedDescription""]","[""equippedItemConfigId"",""finalCharacterStats""]","[""targetSkillScopeMapping""]",true,[],[This gear's advanced attributes will not include Haste.],"[{""sourceFile"":""ItemDescriptionSources.json""}]"
itemOrEquipment,ItemDescriptions.json,2060908,Lethal Magma Necklace,itemOrEquipment:2060908:1,hasteExcluded,notModifier,notCombatSkillModifier,high,false,unknown,,"[""haste""]",true,"[""itemDefinition"",""localizedDescription""]","[""equippedItemConfigId"",""finalCharacterStats""]","[""targetSkillScopeMapping""]",true,[],[This gear's advanced attributes will not include Haste.],"[{""sourceFile"":""ItemDescriptionSources.json""}]"
itemOrEquipment,ItemDescriptions.json,2060909,Fortune Magma Necklace,itemOrEquipment:2060909:1,hasteExcluded,notModifier,notCombatSkillModifier,high,false,unknown,,"[""haste""]",true,"[""itemDefinition"",""localizedDescription""]","[""equippedItemConfigId"",""finalCharacterStats""]","[""targetSkillScopeMapping""]",true,[],[This gear's advanced attributes will not include Haste.],"[{""sourceFile"":""ItemDescriptionSources.json""}]"
itemOrEquipment,ItemDescriptions.json,2060910,Fortune Magma Necklace,itemOrEquipment:2060910:1,hasteExcluded,notModifier,notCombatSkillModifier,high,false,unknown,,"[""haste""]",true,"[""itemDefinition"",""localizedDescription""]","[""equippedItemConfigId"",""finalCharacterStats""]","[""targetSkillScopeMapping""]",true,[],[This gear's advanced attributes will not include Haste.],"[{""sourceFile"":""ItemDescriptionSources.json""}]"
itemOrEquipment,ItemDescriptions.json,2060911,Dominion Magma Necklace,itemOrEquipment:2060911:1,hasteExcluded,notModifier,notCombatSkillModifier,high,false,unknown,,"[""haste""]",true,"[""itemDefinition"",""localizedDescription""]","[""equippedItemConfigId"",""finalCharacterStats""]","[""targetSkillScopeMapping""]",true,[],[This gear's advanced attributes will not include Haste.],"[{""sourceFile"":""ItemDescriptionSources.json""}]"
itemOrEquipment,ItemDescriptions.json,2060912,Dominion Magma Necklace,itemOrEquipment:2060912:1,hasteExcluded,notModifier,notCombatSkillModifier,high,false,unknown,,"[""haste""]",true,"[""itemDefinition"",""localizedDescription""]","[""equippedItemConfigId"",""finalCharacterStats""]","[""targetSkillScopeMapping""]",true,[],[This gear's advanced attributes will not include Haste.],"[{""sourceFile"":""ItemDescriptionSources.json""}]"
itemOrEquipment,ItemDescriptions.json,2060937,Wane Magma Necklace,itemOrEquipment:2060937:1,hasteExcluded,notModifier,notCombatSkillModifier,high,false,unknown,,"[""haste""]",true,"[""itemDefinition"",""localizedDescription""]","[""equippedItemConfigId"",""finalCharacterStats""]","[""targetSkillScopeMapping""]",true,[],[This gear's advanced attributes will not include Haste.],"[{""sourceFile"":""ItemDescriptionSources.json""}]"
itemOrEquipment,ItemDescriptions.json,2061001,Peerless Sunfire Necklace,itemOrEquipment:2061001:1,hasteExcluded,notModifier,notCombatSkillModifier,high,false,unknown,,"[""haste""]",true,"[""itemDefinition"",""localizedDescription""]","[""equippedItemConfigId"",""finalCharacterStats""]","[""targetSkillScopeMapping""]",true,[],[This gear's advanced attributes will not include Haste.],"[{""sourceFile"":""ItemDescriptionSources.json""}]"
itemOrEquipment,ItemDescriptions.json,2061002,Peerless Sunfire Necklace,itemOrEquipment:2061002:1,hasteExcluded,notModifier,notCombatSkillModifier,high,false,unknown,,"[""haste""]",true,"[""itemDefinition"",""localizedDescription""]","[""equippedItemConfigId"",""finalCharacterStats""]","[""targetSkillScopeMapping""]",true,[],[This gear's advanced attributes will not include Haste.],"[{""sourceFile"":""ItemDescriptionSources.json""}]"
itemOrEquipment,ItemDescriptions.json,2061003,Peerless Sunfire Necklace,itemOrEquipment:2061003:1,hasteExcluded,notModifier,notCombatSkillModifier,high,false,unknown,,"[""haste""]",true,"[""itemDefinition"",""localizedDescription""]","[""equippedItemConfigId"",""finalCharacterStats""]","[""targetSkillScopeMapping""]",true,[],[This gear's advanced attributes will not include Haste.],"[{""sourceFile"":""ItemDescriptionSources.json""}]"
itemOrEquipment,ItemDescriptions.json,2061004,Lethal Sunfire Necklace,itemOrEquipment:2061004:1,hasteExcluded,notModifier,notCombatSkillModifier,high,false,unknown,,"[""haste""]",true,"[""itemDefinition"",""localizedDescription""]","[""equippedItemConfigId"",""finalCharacterStats""]","[""targetSkillScopeMapping""]",true,[],[This gear's advanced attributes will not include Haste.],"[{""sourceFile"":""ItemDescriptionSources.json""}]"
itemOrEquipment,ItemDescriptions.json,2061005,Dominion Sunfire Necklace,itemOrEquipment:2061005:1,hasteExcluded,notModifier,notCombatSkillModifier,high,false,unknown,,"[""haste""]",true,"[""itemDefinition"",""localizedDescription""]","[""equippedItemConfigId"",""finalCharacterStats""]","[""targetSkillScopeMapping""]",true,[],[This gear's advanced attributes will not include Haste.],"[{""sourceFile"":""ItemDescriptionSources.json""}]"
itemOrEquipment,ItemDescriptions.json,2061006,Fortune Sunfire Necklace,itemOrEquipment:2061006:1,hasteExcluded,notModifier,notCombatSkillModifier,high,false,unknown,,"[""haste""]",true,"[""itemDefinition"",""localizedDescription""]","[""equippedItemConfigId"",""finalCharacterStats""]","[""targetSkillScopeMapping""]",true,[],[This gear's advanced attributes will not include Haste.],"[{""sourceFile"":""ItemDescriptionSources.json""}]"
itemOrEquipment,ItemDescriptions.json,2061007,Lethal Sunfire Necklace,itemOrEquipment:2061007:1,hasteExcluded,notModifier,notCombatSkillModifier,high,false,unknown,,"[""haste""]",true,"[""itemDefinition"",""localizedDescription""]","[""equippedItemConfigId"",""finalCharacterStats""]","[""targetSkillScopeMapping""]",true,[],[This gear's advanced attributes will not include Haste.],"[{""sourceFile"":""ItemDescriptionSources.json""}]"
itemOrEquipment,ItemDescriptions.json,2061008,Lethal Sunfire Necklace,itemOrEquipment:2061008:1,hasteExcluded,notModifier,notCombatSkillModifier,high,false,unknown,,"[""haste""]",true,"[""itemDefinition"",""localizedDescription""]","[""equippedItemConfigId"",""finalCharacterStats""]","[""targetSkillScopeMapping""]",true,[],[This gear's advanced attributes will not include Haste.],"[{""sourceFile"":""ItemDescriptionSources.json""}]"
itemOrEquipment,ItemDescriptions.json,2061009,Fortune Sunfire Necklace,itemOrEquipment:2061009:1,hasteExcluded,notModifier,notCombatSkillModifier,high,false,unknown,,"[""haste""]",true,"[""itemDefinition"",""localizedDescription""]","[""equippedItemConfigId"",""finalCharacterStats""]","[""targetSkillScopeMapping""]",true,[],[This gear's advanced attributes will not include Haste.],"[{""sourceFile"":""ItemDescriptionSources.json""}]"
itemOrEquipment,ItemDescriptions.json,2061010,Fortune Sunfire Necklace,itemOrEquipment:2061010:1,hasteExcluded,notModifier,notCombatSkillModifier,high,false,unknown,,"[""haste""]",true,"[""itemDefinition"",""localizedDescription""]","[""equippedItemConfigId"",""finalCharacterStats""]","[""targetSkillScopeMapping""]",true,[],[This gear's advanced attributes will not include Haste.],"[{""sourceFile"":""ItemDescriptionSources.json""}]"
itemOrEquipment,ItemDescriptions.json,2061011,Dominion Sunfire Necklace,itemOrEquipment:2061011:1,hasteExcluded,notModifier,notCombatSkillModifier,high,false,unknown,,"[""haste""]",true,"[""itemDefinition"",""localizedDescription""]","[""equippedItemConfigId"",""finalCharacterStats""]","[""targetSkillScopeMapping""]",true,[],[This gear's advanced attributes will not include Haste.],"[{""sourceFile"":""ItemDescriptionSources.json""}]"
itemOrEquipment,ItemDescriptions.json,2061012,Dominion Sunfire Necklace,itemOrEquipment:2061012:1,hasteExcluded,notModifier,notCombatSkillModifier,high,false,unknown,,"[""haste""]",true,"[""itemDefinition"",""localizedDescription""]","[""equippedItemConfigId"",""finalCharacterStats""]","[""targetSkillScopeMapping""]",true,[],[This gear's advanced attributes will not include Haste.],"[{""sourceFile"":""ItemDescriptionSources.json""}]"
itemOrEquipment,ItemDescriptions.json,2061037,Wane Sunfire Necklace,itemOrEquipment:2061037:1,hasteExcluded,notModifier,notCombatSkillModifier,high,false,unknown,,"[""haste""]",true,"[""itemDefinition"",""localizedDescription""]","[""equippedItemConfigId"",""finalCharacterStats""]","[""targetSkillScopeMapping""]",true,[],[This gear's advanced attributes will not include Haste.],"[{""sourceFile"":""ItemDescriptionSources.json""}]"
itemOrEquipment,ItemDescriptions.json,2061201,Peerless Crimson Illusion Necklace,itemOrEquipment:2061201:1,hasteExcluded,notModifier,notCombatSkillModifier,high,false,unknown,,"[""haste""]",true,"[""itemDefinition"",""localizedDescription""]","[""equippedItemConfigId"",""finalCharacterStats""]","[""targetSkillScopeMapping""]",true,[],[This gear's advanced attributes will not include Haste.],"[{""sourceFile"":""ItemDescriptionSources.json""}]"
itemOrEquipment,ItemDescriptions.json,2061202,Peerless Crimson Illusion Necklace,itemOrEquipment:2061202:1,hasteExcluded,notModifier,notCombatSkillModifier,high,false,unknown,,"[""haste""]",true,"[""itemDefinition"",""localizedDescription""]","[""equippedItemConfigId"",""finalCharacterStats""]","[""targetSkillScopeMapping""]",true,[],[This gear's advanced attributes will not include Haste.],"[{""sourceFile"":""ItemDescriptionSources.json""}]"
itemOrEquipment,ItemDescriptions.json,2061203,Peerless Crimson Illusion Necklace,itemOrEquipment:2061203:1,hasteExcluded,notModifier,notCombatSkillModifier,high,false,unknown,,"[""haste""]",true,"[""itemDefinition"",""localizedDescription""]","[""equippedItemConfigId"",""finalCharacterStats""]","[""targetSkillScopeMapping""]",true,[],[This gear's advanced attributes will not include Haste.],"[{""sourceFile"":""ItemDescriptionSources.json""}]"
itemOrEquipment,ItemDescriptions.json,2061204,Lethal Crimson Illusion Necklace,itemOrEquipment:2061204:1,hasteExcluded,notModifier,notCombatSkillModifier,high,false,unknown,,"[""haste""]",true,"[""itemDefinition"",""localizedDescription""]","[""equippedItemConfigId"",""finalCharacterStats""]","[""targetSkillScopeMapping""]",true,[],[This gear's advanced attributes will not include Haste.],"[{""sourceFile"":""ItemDescriptionSources.json""}]"
itemOrEquipment,ItemDescriptions.json,2061205,Dominance Crimson Illusion Necklace,itemOrEquipment:2061205:1,hasteExcluded,notModifier,notCombatSkillModifier,high,false,unknown,,"[""haste""]",true,"[""itemDefinition"",""localizedDescription""]","[""equippedItemConfigId"",""finalCharacterStats""]","[""targetSkillScopeMapping""]",true,[],[This gear's advanced attributes will not include Haste.],"[{""sourceFile"":""ItemDescriptionSources.json""}]"
itemOrEquipment,ItemDescriptions.json,2061206,Fortune Crimson Illusion Necklace,itemOrEquipment:2061206:1,hasteExcluded,notModifier,notCombatSkillModifier,high,false,unknown,,"[""haste""]",true,"[""itemDefinition"",""localizedDescription""]","[""equippedItemConfigId"",""finalCharacterStats""]","[""targetSkillScopeMapping""]",true,[],[This gear's advanced attributes will not include Haste.],"[{""sourceFile"":""ItemDescriptionSources.json""}]"
itemOrEquipment,ItemDescriptions.json,2061207,Lethal Crimson Illusion Necklace,itemOrEquipment:2061207:1,hasteExcluded,notModifier,notCombatSkillModifier,high,false,unknown,,"[""haste""]",true,"[""itemDefinition"",""localizedDescription""]","[""equippedItemConfigId"",""finalCharacterStats""]","[""targetSkillScopeMapping""]",true,[],[This gear's advanced attributes will not include Haste.],"[{""sourceFile"":""ItemDescriptionSources.json""}]"
itemOrEquipment,ItemDescriptions.json,2061208,Lethal Crimson Illusion Necklace,itemOrEquipment:2061208:1,hasteExcluded,notModifier,notCombatSkillModifier,high,false,unknown,,"[""haste""]",true,"[""itemDefinition"",""localizedDescription""]","[""equippedItemConfigId"",""finalCharacterStats""]","[""targetSkillScopeMapping""]",true,[],[This gear's advanced attributes will not include Haste.],"[{""sourceFile"":""ItemDescriptionSources.json""}]"
itemOrEquipment,ItemDescriptions.json,2061209,Fortune Crimson Illusion Necklace,itemOrEquipment:2061209:1,hasteExcluded,notModifier,notCombatSkillModifier,high,false,unknown,,"[""haste""]",true,"[""itemDefinition"",""localizedDescription""]","[""equippedItemConfigId"",""finalCharacterStats""]","[""targetSkillScopeMapping""]",true,[],[This gear's advanced attributes will not include Haste.],"[{""sourceFile"":""ItemDescriptionSources.json""}]"
itemOrEquipment,ItemDescriptions.json,2061210,Fortune Crimson Illusion Necklace,itemOrEquipment:2061210:1,hasteExcluded,notModifier,notCombatSkillModifier,high,false,unknown,,"[""haste""]",true,"[""itemDefinition"",""localizedDescription""]","[""equippedItemConfigId"",""finalCharacterStats""]","[""targetSkillScopeMapping""]",true,[],[This gear's advanced attributes will not include Haste.],"[{""sourceFile"":""ItemDescriptionSources.json""}]"
itemOrEquipment,ItemDescriptions.json,2061211,Dominance Crimson Illusion Necklace,itemOrEquipment:2061211:1,hasteExcluded,notModifier,notCombatSkillModifier,high,false,unknown,,"[""haste""]",true,"[""itemDefinition"",""localizedDescription""]","[""equippedItemConfigId"",""finalCharacterStats""]","[""targetSkillScopeMapping""]",true,[],[This gear's advanced attributes will not include Haste.],"[{""sourceFile"":""ItemDescriptionSources.json""}]"
itemOrEquipment,ItemDescriptions.json,2061212,Dominance Crimson Illusion Necklace,itemOrEquipment:2061212:1,hasteExcluded,notModifier,notCombatSkillModifier,high,false,unknown,,"[""haste""]",true,"[""itemDefinition"",""localizedDescription""]","[""equippedItemConfigId"",""finalCharacterStats""]","[""targetSkillScopeMapping""]",true,[],[This gear's advanced attributes will not include Haste.],"[{""sourceFile"":""ItemDescriptionSources.json""}]"
itemOrEquipment,ItemDescriptions.json,2061237,Wane Crimson Illusion Necklace,itemOrEquipment:2061237:1,hasteExcluded,notModifier,notCombatSkillModifier,high,false,unknown,,"[""haste""]",true,"[""itemDefinition"",""localizedDescription""]","[""equippedItemConfigId"",""finalCharacterStats""]","[""targetSkillScopeMapping""]",true,[],[This gear's advanced attributes will not include Haste.],"[{""sourceFile"":""ItemDescriptionSources.json""}]"
itemOrEquipment,ItemDescriptions.json,2061301,Peerless Crimson Wakestone Necklace,itemOrEquipment:2061301:1,hasteExcluded,notModifier,notCombatSkillModifier,high,false,unknown,,"[""haste""]",true,"[""itemDefinition"",""localizedDescription""]","[""equippedItemConfigId"",""finalCharacterStats""]","[""targetSkillScopeMapping""]",true,[],[This gear's advanced attributes will not include Haste.],"[{""sourceFile"":""ItemDescriptionSources.json""}]"
itemOrEquipment,ItemDescriptions.json,2061302,Peerless Crimson Wakestone Necklace,itemOrEquipment:2061302:1,hasteExcluded,notModifier,notCombatSkillModifier,high,false,unknown,,"[""haste""]",true,"[""itemDefinition"",""localizedDescription""]","[""equippedItemConfigId"",""finalCharacterStats""]","[""targetSkillScopeMapping""]",true,[],[This gear's advanced attributes will not include Haste.],"[{""sourceFile"":""ItemDescriptionSources.json""}]"
itemOrEquipment,ItemDescriptions.json,2061303,Peerless Crimson Wakestone Necklace,itemOrEquipment:2061303:1,hasteExcluded,notModifier,notCombatSkillModifier,high,false,unknown,,"[""haste""]",true,"[""itemDefinition"",""localizedDescription""]","[""equippedItemConfigId"",""finalCharacterStats""]","[""targetSkillScopeMapping""]",true,[],[This gear's advanced attributes will not include Haste.],"[{""sourceFile"":""ItemDescriptionSources.json""}]"
itemOrEquipment,ItemDescriptions.json,2061304,Lethal Crimson Wakestone Necklace,itemOrEquipment:2061304:1,hasteExcluded,notModifier,notCombatSkillModifier,high,false,unknown,,"[""haste""]",true,"[""itemDefinition"",""localizedDescription""]","[""equippedItemConfigId"",""finalCharacterStats""]","[""targetSkillScopeMapping""]",true,[],[This gear's advanced attributes will not include Haste.],"[{""sourceFile"":""ItemDescriptionSources.json""}]"
itemOrEquipment,ItemDescriptions.json,2061305,Dominance Crimson Wakestone Necklace,itemOrEquipment:2061305:1,hasteExcluded,notModifier,notCombatSkillModifier,high,false,unknown,,"[""haste""]",true,"[""itemDefinition"",""localizedDescription""]","[""equippedItemConfigId"",""finalCharacterStats""]","[""targetSkillScopeMapping""]",true,[],[This gear's advanced attributes will not include Haste.],"[{""sourceFile"":""ItemDescriptionSources.json""}]"
itemOrEquipment,ItemDescriptions.json,2061306,Fortune Crimson Wakestone Necklace,itemOrEquipment:2061306:1,hasteExcluded,notModifier,notCombatSkillModifier,high,false,unknown,,"[""haste""]",true,"[""itemDefinition"",""localizedDescription""]","[""equippedItemConfigId"",""finalCharacterStats""]","[""targetSkillScopeMapping""]",true,[],[This gear's advanced attributes will not include Haste.],"[{""sourceFile"":""ItemDescriptionSources.json""}]"
itemOrEquipment,ItemDescriptions.json,2061307,Lethal Crimson Wakestone Necklace,itemOrEquipment:2061307:1,hasteExcluded,notModifier,notCombatSkillModifier,high,false,unknown,,"[""haste""]",true,"[""itemDefinition"",""localizedDescription""]","[""equippedItemConfigId"",""finalCharacterStats""]","[""targetSkillScopeMapping""]",true,[],[This gear's advanced attributes will not include Haste.],"[{""sourceFile"":""ItemDescriptionSources.json""}]"
itemOrEquipment,ItemDescriptions.json,2061308,Lethal Crimson Wakestone Necklace,itemOrEquipment:2061308:1,hasteExcluded,notModifier,notCombatSkillModifier,high,false,unknown,,"[""haste""]",true,"[""itemDefinition"",""localizedDescription""]","[""equippedItemConfigId"",""finalCharacterStats""]","[""targetSkillScopeMapping""]",true,[],[This gear's advanced attributes will not include Haste.],"[{""sourceFile"":""ItemDescriptionSources.json""}]"
itemOrEquipment,ItemDescriptions.json,2061309,Fortune Crimson Wakestone Necklace,itemOrEquipment:2061309:1,hasteExcluded,notModifier,notCombatSkillModifier,high,false,unknown,,"[""haste""]",true,"[""itemDefinition"",""localizedDescription""]","[""equippedItemConfigId"",""finalCharacterStats""]","[""targetSkillScopeMapping""]",true,[],[This gear's advanced attributes will not include Haste.],"[{""sourceFile"":""ItemDescriptionSources.json""}]"
itemOrEquipment,ItemDescriptions.json,2061310,Fortune Crimson Wakestone Necklace,itemOrEquipment:2061310:1,hasteExcluded,notModifier,notCombatSkillModifier,high,false,unknown,,"[""haste""]",true,"[""itemDefinition"",""localizedDescription""]","[""equippedItemConfigId"",""finalCharacterStats""]","[""targetSkillScopeMapping""]",true,[],[This gear's advanced attributes will not include Haste.],"[{""sourceFile"":""ItemDescriptionSources.json""}]"
itemOrEquipment,ItemDescriptions.json,2061311,Dominance Crimson Wakestone Necklace,itemOrEquipment:2061311:1,hasteExcluded,notModifier,notCombatSkillModifier,high,false,unknown,,"[""haste""]",true,"[""itemDefinition"",""localizedDescription""]","[""equippedItemConfigId"",""finalCharacterStats""]","[""targetSkillScopeMapping""]",true,[],[This gear's advanced attributes will not include Haste.],"[{""sourceFile"":""ItemDescriptionSources.json""}]"
itemOrEquipment,ItemDescriptions.json,2061312,Dominance Crimson Wakestone Necklace,itemOrEquipment:2061312:1,hasteExcluded,notModifier,notCombatSkillModifier,high,false,unknown,,"[""haste""]",true,"[""itemDefinition"",""localizedDescription""]","[""equippedItemConfigId"",""finalCharacterStats""]","[""targetSkillScopeMapping""]",true,[],[This gear's advanced attributes will not include Haste.],"[{""sourceFile"":""ItemDescriptionSources.json""}]"
itemOrEquipment,ItemDescriptions.json,2061337,Wane Crimson Wakestone Necklace,itemOrEquipment:2061337:1,hasteExcluded,notModifier,notCombatSkillModifier,high,false,unknown,,"[""haste""]",true,"[""itemDefinition"",""localizedDescription""]","[""equippedItemConfigId"",""finalCharacterStats""]","[""targetSkillScopeMapping""]",true,[],[This gear's advanced attributes will not include Haste.],"[{""sourceFile"":""ItemDescriptionSources.json""}]"
itemOrEquipment,ItemDescriptions.json,2061401,Peerless Crimson Enlightened Necklace,itemOrEquipment:2061401:1,hasteExcluded,notModifier,notCombatSkillModifier,high,false,unknown,,"[""haste""]",true,"[""itemDefinition"",""localizedDescription""]","[""equippedItemConfigId"",""finalCharacterStats""]","[""targetSkillScopeMapping""]",true,[],[This gear's advanced attributes will not include Haste.],"[{""sourceFile"":""ItemDescriptionSources.json""}]"
itemOrEquipment,ItemDescriptions.json,2061402,Peerless Crimson Enlightened Necklace,itemOrEquipment:2061402:1,hasteExcluded,notModifier,notCombatSkillModifier,high,false,unknown,,"[""haste""]",true,"[""itemDefinition"",""localizedDescription""]","[""equippedItemConfigId"",""finalCharacterStats""]","[""targetSkillScopeMapping""]",true,[],[This gear's advanced attributes will not include Haste.],"[{""sourceFile"":""ItemDescriptionSources.json""}]"
itemOrEquipment,ItemDescriptions.json,2061403,Peerless Crimson Enlightened Necklace,itemOrEquipment:2061403:1,hasteExcluded,notModifier,notCombatSkillModifier,high,false,unknown,,"[""haste""]",true,"[""itemDefinition"",""localizedDescription""]","[""equippedItemConfigId"",""finalCharacterStats""]","[""targetSkillScopeMapping""]",true,[],[This gear's advanced attributes will not include Haste.],"[{""sourceFile"":""ItemDescriptionSources.json""}]"
itemOrEquipment,ItemDescriptions.json,2061404,Lethal Crimson Enlightened Necklace,itemOrEquipment:2061404:1,hasteExcluded,notModifier,notCombatSkillModifier,high,false,unknown,,"[""haste""]",true,"[""itemDefinition"",""localizedDescription""]","[""equippedItemConfigId"",""finalCharacterStats""]","[""targetSkillScopeMapping""]",true,[],[This gear's advanced attributes will not include Haste.],"[{""sourceFile"":""ItemDescriptionSources.json""}]"
itemOrEquipment,ItemDescriptions.json,2061405,Dominance Crimson Enlightened Necklace,itemOrEquipment:2061405:1,hasteExcluded,notModifier,notCombatSkillModifier,high,false,unknown,,"[""haste""]",true,"[""itemDefinition"",""localizedDescription""]","[""equippedItemConfigId"",""finalCharacterStats""]","[""targetSkillScopeMapping""]",true,[],[This gear's advanced attributes will not include Haste.],"[{""sourceFile"":""ItemDescriptionSources.json""}]"
itemOrEquipment,ItemDescriptions.json,2061406,Fortune Crimson Enlightened Necklace,itemOrEquipment:2061406:1,hasteExcluded,notModifier,notCombatSkillModifier,high,false,unknown,,"[""haste""]",true,"[""itemDefinition"",""localizedDescription""]","[""equippedItemConfigId"",""finalCharacterStats""]","[""targetSkillScopeMapping""]",true,[],[This gear's advanced attributes will not include Haste.],"[{""sourceFile"":""ItemDescriptionSources.json""}]"
itemOrEquipment,ItemDescriptions.json,2061407,Lethal Crimson Enlightened Necklace,itemOrEquipment:2061407:1,hasteExcluded,notModifier,notCombatSkillModifier,high,false,unknown,,"[""haste""]",true,"[""itemDefinition"",""localizedDescription""]","[""equippedItemConfigId"",""finalCharacterStats""]","[""targetSkillScopeMapping""]",true,[],[This gear's advanced attributes will not include Haste.],"[{""sourceFile"":""ItemDescriptionSources.json""}]"
itemOrEquipment,ItemDescriptions.json,2061408,Lethal Crimson Enlightened Necklace,itemOrEquipment:2061408:1,hasteExcluded,notModifier,notCombatSkillModifier,high,false,unknown,,"[""haste""]",true,"[""itemDefinition"",""localizedDescription""]","[""equippedItemConfigId"",""finalCharacterStats""]","[""targetSkillScopeMapping""]",true,[],[This gear's advanced attributes will not include Haste.],"[{""sourceFile"":""ItemDescriptionSources.json""}]"
itemOrEquipment,ItemDescriptions.json,2061409,Fortune Crimson Enlightened Necklace,itemOrEquipment:2061409:1,hasteExcluded,notModifier,notCombatSkillModifier,high,false,unknown,,"[""haste""]",true,"[""itemDefinition"",""localizedDescription""]","[""equippedItemConfigId"",""finalCharacterStats""]","[""targetSkillScopeMapping""]",true,[],[This gear's advanced attributes will not include Haste.],"[{""sourceFile"":""ItemDescriptionSources.json""}]"
itemOrEquipment,ItemDescriptions.json,2061410,Fortune Crimson Enlightened Necklace,itemOrEquipment:2061410:1,hasteExcluded,notModifier,notCombatSkillModifier,high,false,unknown,,"[""haste""]",true,"[""itemDefinition"",""localizedDescription""]","[""equippedItemConfigId"",""finalCharacterStats""]","[""targetSkillScopeMapping""]",true,[],[This gear's advanced attributes will not include Haste.],"[{""sourceFile"":""ItemDescriptionSources.json""}]"
itemOrEquipment,ItemDescriptions.json,2061411,Dominance Crimson Enlightened Necklace,itemOrEquipment:2061411:1,hasteExcluded,notModifier,notCombatSkillModifier,high,false,unknown,,"[""haste""]",true,"[""itemDefinition"",""localizedDescription""]","[""equippedItemConfigId"",""finalCharacterStats""]","[""targetSkillScopeMapping""]",true,[],[This gear's advanced attributes will not include Haste.],"[{""sourceFile"":""ItemDescriptionSources.json""}]"
itemOrEquipment,ItemDescriptions.json,2061412,Dominance Crimson Enlightened Necklace,itemOrEquipment:2061412:1,hasteExcluded,notModifier,notCombatSkillModifier,high,false,unknown,,"[""haste""]",true,"[""itemDefinition"",""localizedDescription""]","[""equippedItemConfigId"",""finalCharacterStats""]","[""targetSkillScopeMapping""]",true,[],[This gear's advanced attributes will not include Haste.],"[{""sourceFile"":""ItemDescriptionSources.json""}]"
itemOrEquipment,ItemDescriptions.json,2061437,Wane Crimson Enlightened Necklace,itemOrEquipment:2061437:1,hasteExcluded,notModifier,notCombatSkillModifier,high,false,unknown,,"[""haste""]",true,"[""itemDefinition"",""localizedDescription""]","[""equippedItemConfigId"",""finalCharacterStats""]","[""targetSkillScopeMapping""]",true,[],[This gear's advanced attributes will not include Haste.],"[{""sourceFile"":""ItemDescriptionSources.json""}]"
itemOrEquipment,ItemDescriptions.json,3000005,Battle Imagine - Void Foxen,itemOrEquipment:3000005:1,hasteStat,hasteEvidence,attrOrBuffEvidence,medium,false,unknown,,"[""haste""]",true,"[""itemDefinition"",""localizedDescription""]","[""equippedItemConfigId"",""finalCharacterStats"",""killEvent""]","[""targetSkillScopeMapping""]",true,"[{""value"":20,""unit"":""seconds"",""raw"":""20s""}]","Spirit Fox Assault Resonates with the power of Elite Mutant Foxen, leaps into the air and swiftly pounces forward for a rapid kill, dealing area Attack DMG, and increases your haste bonus for 20s.","[{""sourceFile"":""ItemDescriptionSources.json""}]"
itemOrEquipment,ItemDescriptions.json,3000011,Battle Imagine - Tina,itemOrEquipment:3000011:1,cooldownTextUnclassified,evidence,textOnly,medium,false,unknown,,[],false,"[""itemDefinition"",""localizedDescription""]","[""equippedItemConfigId""]","[""runtimeIdBridge""]",true,[],"Time Decree Summons Tina to channel the power of time into allies, granting them CD reduction effect for a period.","[{""sourceFile"":""ItemDescriptionSources.json""}]"
itemOrEquipment,ItemDescriptions.json,3000019,Battle Imagine - Olvera,itemOrEquipment:3000019:1,itemUseCooldown,itemCooldown,notCombatSkillModifier,high,false,unknown,,[],false,"[""itemDefinition"",""localizedDescription""]","[""damageEvent"",""equippedItemConfigId""]","[""targetSkillScopeMapping""]",true,"[{""value"":2,""unit"":""seconds"",""raw"":""2s""}]","Dealing DMG to targets with Seed of Lightning will cause an explosion (CD: 2s), dealing Magic Damage.","[{""sourceFile"":""ItemDescriptionSources.json""}]"
itemOrEquipment,ItemDescriptions.json,3000019,Battle Imagine - Olvera,itemOrEquipment:3000019:2,flatCooldownReduce,flatReduceMs,eventEvidenceRequired,high,true,unknown,,[],false,"[""itemDefinition"",""localizedDescription""]","[""equippedItemConfigId"",""killEvent""]","[""controlledEncounterTriggerProof"",""targetSkillScopeMapping""]",true,"[{""value"":20,""unit"":""seconds"",""raw"":""20s""}]",Any defeated target with Seed of Lightning will reduce CD time by 20s.,"[{""sourceFile"":""ItemDescriptionSources.json""}]"
itemOrEquipment,ItemDescriptions.json,3000036,Battle Imagine - Golden Juggernaut,itemOrEquipment:3000036:1,itemUseCooldown,itemCooldown,notCombatSkillModifier,high,false,unknown,,[],false,"[""itemDefinition"",""localizedDescription""]","[""equippedItemConfigId""]","[""targetSkillScopeMapping""]",true,"[{""value"":0.5,""unit"":""seconds"",""raw"":""0.5s""}]","When dealing DMG, the shielded targets generate Thunderstrike (CD: 0.5s), and the DMG dealt depends on the friendly ATK.","[{""sourceFile"":""ItemDescriptionSources.json""}]"
itemOrEquipment,ItemDescriptions.json,3000043,Battle Imagine - Celestial Flier,itemOrEquipment:3000043:1,hasteStat,hasteEvidence,attrOrBuffEvidence,medium,false,unknown,,"[""haste""]",true,"[""itemDefinition"",""localizedDescription""]","[""equippedItemConfigId"",""finalCharacterStats"",""killEvent"",""skillCastEvent""]","[""targetSkillScopeMapping""]",true,[],"Upon the skill cast, your Haste is increased for a period of time.","[{""sourceFile"":""ItemDescriptionSources.json""}]"
itemOrEquipment,ItemDescriptions.json,4020010,Healing Tonic,itemOrEquipment:4020010:1,itemUseCooldown,itemCooldown,notCombatSkillModifier,high,false,unknown,,[],false,"[""itemDefinition"",""localizedDescription""]","[""equippedItemConfigId""]","[""targetSkillScopeMapping""]",true,"[{""value"":30,""unit"":""seconds"",""raw"":""30s""}]","Essential combat medicine for adventurers, restores HP upon use, CD: 30s.","[{""sourceFile"":""ItemDescriptionSources.json""}]"
seasonalTalent,SeasonalTalentDescriptions.json,102,Spacetime Overload,seasonalTalent:102:1,cooldownAcceleration,accelerate,eventEvidenceRequired,high,true,ultimateSkill,,[],false,"[""localizedDescription"",""seasonalTalentDefinition""]","[""activeSeasonTalent"",""killEvent"",""skillCastEvent""]","[""controlledEncounterTriggerProof""]",true,"[{""value"":100,""unit"":""percent"",""raw"":""100%""},{""value"":100,""unit"":""percent"",""raw"":""100%""},{""value"":20,""unit"":""seconds"",""raw"":""20s""}]","When using an Ultimate Skill, all skill CDs accelerate by 100%, and combat resource recovery speed increases by 100% for 20s","[{""sourceFile"":""probing-reports\\SeasonRogueEntryProbe.json""},{""sourceFile"":""probing-reports\\SeasonRogueEntryProbe.json""},{""sourceFile"":""probing-reports\\SeasonRogueEntryProbe.json""}]"
seasonalTalent,SeasonalTalentDescriptions.json,106,Engine Overload (Curse),seasonalTalent:106:1,hasteStat,hasteEvidence,attrOrBuffEvidence,medium,false,unknown,,"[""haste""]",true,"[""localizedDescription"",""seasonalTalentDefinition""]","[""activeSeasonTalent"",""finalCharacterStats""]","[""targetSkillScopeMapping""]",true,"[{""value"":20,""unit"":""percent"",""raw"":""+20%""}]",Haste +20%.,"[{""sourceFile"":""probing-reports\\SeasonRogueEntryProbe.json""},{""sourceFile"":""probing-reports\\SeasonRogueEntryProbe.json""},{""sourceFile"":""probing-reports\\SeasonRogueEntryProbe.json""}]"
seasonalTalent,SeasonalTalentDescriptions.json,107,Ultimate Charge,seasonalTalent:107:1,percentCooldownReduce,pctReduce,activeBuffOrAttrCandidate,high,false,ultimateSkill,Ultimate Skill,"[""haste""]",true,"[""localizedDescription"",""seasonalTalentDefinition""]","[""activeSeasonTalent"",""finalCharacterStats"",""killEvent""]",[],true,"[{""value"":1,""unit"":""percent"",""raw"":""1%""},{""value"":200,""unit"":"""",""raw"":""200 ""},{""value"":50,""unit"":""percent"",""raw"":""50%""}]",Reduces Ultimate Skill CD by 1% per 200 Haste (up to 50%),"[{""sourceFile"":""probing-reports\\SeasonRogueEntryProbe.json""},{""sourceFile"":""probing-reports\\SeasonRogueEntryProbe.json""},{""sourceFile"":""probing-reports\\SeasonRogueEntryProbe.json""}]"
seasonalTalent,SeasonalTalentDescriptions.json,108,Cycle Acceleration,seasonalTalent:108:1,percentCooldownReduce,pctReduce,eventEvidenceRequired,high,true,expertiseSkill,Expertise Skill,[],false,"[""localizedDescription"",""seasonalTalentDefinition""]","[""activeSeasonTalent"",""killEvent""]","[""controlledEncounterTriggerProof""]",true,"[{""value"":10,""unit"":""percent"",""raw"":""10%""}]",Defeating a target reduces the remaining Expertise Skill CD by 10%,"[{""sourceFile"":""probing-reports\\SeasonRogueEntryProbe.json""},{""sourceFile"":""probing-reports\\SeasonRogueEntryProbe.json""},{""sourceFile"":""probing-reports\\SeasonRogueEntryProbe.json""}]"
seasonalTalent,SeasonalTalentDescriptions.json,109,Hourglass of Time,seasonalTalent:109:1,flatCooldownReduce,flatReduceMs,activeBuffOrAttrCandidate,high,false,expertiseSkill,Expertise Skill,[],false,"[""localizedDescription"",""seasonalTalentDefinition""]","[""activeSeasonTalent"",""killEvent"",""skillCastEvent""]",[],true,"[{""value"":0.5,""unit"":""seconds"",""raw"":""0.5s""}]",Special Attacks reduce the remaining Expertise Skill CD by 0.5s,"[{""sourceFile"":""probing-reports\\SeasonRogueEntryProbe.json""},{""sourceFile"":""probing-reports\\SeasonRogueEntryProbe.json""},{""sourceFile"":""probing-reports\\SeasonRogueEntryProbe.json""}]"
seasonalTalent,SeasonalTalentDescriptions.json,114,Blood Surge,seasonalTalent:114:1,cooldownTextUnclassified,evidence,textOnly,medium,false,unknown,,"[""lucky""]",true,"[""localizedDescription"",""seasonalTalentDefinition""]","[""activeSeasonTalent"",""damageEventLuckyFlag"",""finalCharacterStats""]","[""runtimeIdBridge""]",true,"[{""value"":20,""unit"":""percent"",""raw"":""20%""},{""value"":1,""unit"":""seconds"",""raw"":""1s""}]","Landing a Lucky Strike triggers Blood Blast, dealing DMG equal to 20% of lost HP (CD: 1s)","[{""sourceFile"":""probing-reports\\SeasonRogueEntryProbe.json""},{""sourceFile"":""probing-reports\\SeasonRogueEntryProbe.json""},{""sourceFile"":""probing-reports\\SeasonRogueEntryProbe.json""}]"
seasonalTalent,SeasonalTalentDescriptions.json,116,Divine Escape,seasonalTalent:116:1,cooldownAcceleration,accelerate,eventEvidenceRequired,high,true,unknown,,[],false,"[""localizedDescription"",""seasonalTalentDefinition""]","[""activeSeasonTalent""]","[""controlledEncounterTriggerProof"",""targetSkillScopeMapping""]",true,"[{""value"":3,""unit"":""seconds"",""raw"":""3s""},{""value"":20,""unit"":""seconds"",""raw"":""20s""}]","When Near Death, gains 3s of Invincibility and Acceleration (CD: 20s)","[{""sourceFile"":""probing-reports\\SeasonRogueEntryProbe.json""},{""sourceFile"":""probing-reports\\SeasonRogueEntryProbe.json""},{""sourceFile"":""probing-reports\\SeasonRogueEntryProbe.json""}]"
seasonalTalent,SeasonalTalentDescriptions.json,123,Dynamic Rhythm,seasonalTalent:123:1,flatCooldownReduce,flatReduceMs,eventEvidenceRequired,high,true,unknown,all skills,[],false,"[""localizedDescription"",""seasonalTalentDefinition""]","[""activeSeasonTalent"",""damageEvent"",""killEvent""]","[""controlledEncounterTriggerProof"",""targetSkillScopeMapping""]",true,"[{""value"":1,""unit"":""seconds"",""raw"":""1s""}]","When hit, reduces the remaining CD of all skills by 1s","[{""sourceFile"":""probing-reports\\SeasonRogueEntryProbe.json""},{""sourceFile"":""probing-reports\\SeasonRogueEntryProbe.json""},{""sourceFile"":""probing-reports\\SeasonRogueEntryProbe.json""}]"
seasonalTalent,SeasonalTalentDescriptions.json,134,Stormclouds Gather,seasonalTalent:134:1,cooldownTextUnclassified,evidence,textOnly,medium,false,unknown,,"[""lucky""]",true,"[""localizedDescription"",""seasonalTalentDefinition""]","[""activeSeasonTalent"",""damageEventLuckyFlag"",""finalCharacterStats""]","[""runtimeIdBridge""]",true,"[{""value"":45,""unit"":""percent"",""raw"":""45%""},{""value"":1,""unit"":""seconds"",""raw"":""1s""}]","Landing a Lucky Strike triggers Lightning Strike, dealing DMG equal to 45% of ATK (CD: 1s)","[{""sourceFile"":""probing-reports\\SeasonRogueEntryProbe.json""},{""sourceFile"":""probing-reports\\SeasonRogueEntryProbe.json""},{""sourceFile"":""probing-reports\\SeasonRogueEntryProbe.json""}]"
seasonalTalent,SeasonalTalentDescriptions.json,135,Blade Storm,seasonalTalent:135:1,cooldownTextUnclassified,evidence,textOnly,medium,false,unknown,,"[""lucky""]",true,"[""localizedDescription"",""seasonalTalentDefinition""]","[""activeSeasonTalent"",""damageEventLuckyFlag"",""finalCharacterStats""]","[""runtimeIdBridge""]",true,"[{""value"":45,""unit"":""percent"",""raw"":""45%""},{""value"":1,""unit"":""seconds"",""raw"":""1s""}]","Landing a Lucky Strike triggers Blade Storm, dealing DMG equal to 45% of ATK (CD: 1s)","[{""sourceFile"":""probing-reports\\SeasonRogueEntryProbe.json""},{""sourceFile"":""probing-reports\\SeasonRogueEntryProbe.json""},{""sourceFile"":""probing-reports\\SeasonRogueEntryProbe.json""}]"
seasonalTalent,SeasonalTalentDescriptions.json,136,Fireball Explosion,seasonalTalent:136:1,cooldownTextUnclassified,evidence,textOnly,medium,false,unknown,,"[""lucky""]",true,"[""localizedDescription"",""seasonalTalentDefinition""]","[""activeSeasonTalent"",""damageEventLuckyFlag"",""finalCharacterStats""]","[""runtimeIdBridge""]",true,"[{""value"":45,""unit"":""percent"",""raw"":""45%""},{""value"":1,""unit"":""seconds"",""raw"":""1s""}]","Landing a Lucky Strike triggers Fireball Explosion, dealing DMG equal to 45% of ATK (CD: 1s)","[{""sourceFile"":""probing-reports\\SeasonRogueEntryProbe.json""},{""sourceFile"":""probing-reports\\SeasonRogueEntryProbe.json""},{""sourceFile"":""probing-reports\\SeasonRogueEntryProbe.json""}]"
seasonalTalent,SeasonalTalentDescriptions.json,137,Chain Lightning,seasonalTalent:137:1,cooldownTextUnclassified,evidence,textOnly,medium,false,unknown,,"[""lucky""]",true,"[""localizedDescription"",""seasonalTalentDefinition""]","[""activeSeasonTalent"",""damageEventLuckyFlag"",""finalCharacterStats""]","[""runtimeIdBridge""]",true,"[{""value"":1,""unit"":""percent"",""raw"":""1%""},{""value"":1,""unit"":""seconds"",""raw"":""1s""}]","Landing a Lucky Strike triggers Lightning Chain, dealing DMG equal to 1% Max HP (CD: 1s)","[{""sourceFile"":""probing-reports\\SeasonRogueEntryProbe.json""},{""sourceFile"":""probing-reports\\SeasonRogueEntryProbe.json""},{""sourceFile"":""probing-reports\\SeasonRogueEntryProbe.json""}]"
seasonalTalent,SeasonalTalentDescriptions.json,140,Crit Storm,seasonalTalent:140:1,cooldownTextUnclassified,evidence,textOnly,medium,false,unknown,,"[""crit""]",true,"[""localizedDescription"",""seasonalTalentDefinition""]","[""activeSeasonTalent"",""damageEvent"",""damageEventCritFlag"",""finalCharacterStats""]","[""runtimeIdBridge""]",true,"[{""value"":200,""unit"":""percent"",""raw"":""200%""},{""value"":1,""unit"":""seconds"",""raw"":""1s""}]","When landing a Crit hit, deals additional AoE DMG equal to 200% ATK at the target location (CD: 1s).","[{""sourceFile"":""probing-reports\\SeasonRogueEntryProbe.json""},{""sourceFile"":""probing-reports\\SeasonRogueEntryProbe.json""},{""sourceFile"":""probing-reports\\SeasonRogueEntryProbe.json""}]"
seasonalTalent,SeasonalTalentDescriptions.json,141,Crit Cooldown,seasonalTalent:141:1,cooldownTextUnclassified,evidence,textOnly,medium,false,unknown,,[],false,"[""localizedDescription"",""seasonalTalentDefinition""]","[""activeSeasonTalent"",""damageEventCritFlag"",""killEvent""]","[""runtimeIdBridge""]",true,"[{""value"":0.5,""unit"":""seconds"",""raw"":""0.5s""},{""value"":1,""unit"":""seconds"",""raw"":""1s""}]",Crits reduce the cooldowns of all skills by 0.5s (triggers at most once every 1s),"[{""sourceFile"":""probing-reports\\SeasonRogueEntryProbe.json""},{""sourceFile"":""probing-reports\\SeasonRogueEntryProbe.json""},{""sourceFile"":""probing-reports\\SeasonRogueEntryProbe.json""}]"
seasonalTalent,SeasonalTalentDescriptions.json,145,Crit Regen,seasonalTalent:145:1,cooldownTextUnclassified,evidence,textOnly,medium,false,unknown,,[],false,"[""localizedDescription"",""seasonalTalentDefinition""]","[""activeSeasonTalent"",""damageEventCritFlag""]","[""runtimeIdBridge""]",true,"[{""value"":1,""unit"":""percent"",""raw"":""1%""},{""value"":0.1,""unit"":""seconds"",""raw"":""0.1s""}]",Crits restore 1% of HP (CD: 0.1s),"[{""sourceFile"":""probing-reports\\SeasonRogueEntryProbe.json""},{""sourceFile"":""probing-reports\\SeasonRogueEntryProbe.json""},{""sourceFile"":""probing-reports\\SeasonRogueEntryProbe.json""}]"
seasonalTalent,SeasonalTalentDescriptions.json,151,Lucky Crit,seasonalTalent:151:1,cooldownTextUnclassified,evidence,textOnly,medium,false,unknown,,"[""crit""]",true,"[""localizedDescription"",""seasonalTalentDefinition""]","[""activeSeasonTalent"",""damageEvent"",""damageEventCritFlag"",""finalCharacterStats""]","[""runtimeIdBridge""]",true,"[{""value"":200,""unit"":""percent"",""raw"":""200%""},{""value"":1,""unit"":""seconds"",""raw"":""1s""}]","When landing a Crit hit, deals additional AoE DMG equal to 200% ATK at the target location (CD: 1s).","[{""sourceFile"":""probing-reports\\SeasonRogueEntryProbe.json""},{""sourceFile"":""probing-reports\\SeasonRogueEntryProbe.json""},{""sourceFile"":""probing-reports\\SeasonRogueEntryProbe.json""}]"
seasonalTalent,SeasonalTalentDescriptions.json,158,Summon on Crit,seasonalTalent:158:1,cooldownTextUnclassified,evidence,textOnly,medium,false,specialAttack,,[],false,"[""localizedDescription"",""seasonalTalentDefinition""]","[""activeSeasonTalent"",""damageEventCritFlag"",""skillCastEvent""]","[""runtimeIdBridge""]",true,"[{""value"":15,""unit"":""seconds"",""raw"":""15s""}]",Special Attack Crits summon a Muku Chief Battle Imagine (CD: 15s),"[{""sourceFile"":""probing-reports\\SeasonRogueEntryProbe.json""},{""sourceFile"":""probing-reports\\SeasonRogueEntryProbe.json""},{""sourceFile"":""probing-reports\\SeasonRogueEntryProbe.json""}]"
seasonalTalent,SeasonalTalentDescriptions.json,159,Torrent of Fate,seasonalTalent:159:1,cooldownTextUnclassified,evidence,textOnly,medium,false,unknown,,"[""lucky""]",true,"[""localizedDescription"",""seasonalTalentDefinition""]","[""activeSeasonTalent"",""finalCharacterStats""]","[""runtimeIdBridge""]",true,"[{""value"":200,""unit"":""percent"",""raw"":""200%""},{""value"":0.5,""unit"":"""",""raw"":""0.5""}]",Luck Effect: Deals AoE DMG equal to 200% ATK at the target location (CD: 0.5).,"[{""sourceFile"":""probing-reports\\SeasonRogueEntryProbe.json""},{""sourceFile"":""probing-reports\\SeasonRogueEntryProbe.json""},{""sourceFile"":""probing-reports\\SeasonRogueEntryProbe.json""}]"
seasonalTalent,SeasonalTalentDescriptions.json,163,Time's Favor,seasonalTalent:163:1,cooldownTextUnclassified,evidence,textOnly,medium,false,unknown,,"[""lucky""]",true,"[""localizedDescription"",""seasonalTalentDefinition""]","[""activeBuffState"",""activeSeasonTalent"",""damageEventLuckyFlag"",""finalCharacterStats"",""killEvent""]","[""runtimeIdBridge""]",true,"[{""value"":50,""unit"":"""",""raw"":""50 ""},{""value"":100,""unit"":""percent"",""raw"":""100%""},{""value"":15,""unit"":""seconds"",""raw"":""15s""}]","For every 50 Lucky Strikes on the primary target, increases the cooldown recovery speed of all skills by 100% for 15s (paused while active)","[{""sourceFile"":""probing-reports\\SeasonRogueEntryProbe.json""},{""sourceFile"":""probing-reports\\SeasonRogueEntryProbe.json""},{""sourceFile"":""probing-reports\\SeasonRogueEntryProbe.json""}]"
seasonalTalent,SeasonalTalentDescriptions.json,173,Wind King's Pact,seasonalTalent:173:1,cooldownTextUnclassified,evidence,textOnly,medium,false,unknown,,"[""lucky""]",true,"[""localizedDescription"",""seasonalTalentDefinition""]","[""activeSeasonTalent"",""damageEvent"",""damageEventLuckyFlag"",""finalCharacterStats""]","[""runtimeIdBridge""]",true,"[{""value"":20,""unit"":""seconds"",""raw"":""20s""}]","When dealing damage triggers a Lucky Strike, summon a Wind Goblin King to aid you in battle (CD: 20s)","[{""sourceFile"":""probing-reports\\SeasonRogueEntryProbe.json""},{""sourceFile"":""probing-reports\\SeasonRogueEntryProbe.json""},{""sourceFile"":""probing-reports\\SeasonRogueEntryProbe.json""}]"
seasonalTalent,SeasonalTalentDescriptions.json,174,Final Summon,seasonalTalent:174:1,cooldownTextUnclassified,evidence,textOnly,medium,false,ultimateSkill,,"[""lucky""]",true,"[""localizedDescription"",""seasonalTalentDefinition""]","[""activeSeasonTalent"",""damageEventLuckyFlag"",""finalCharacterStats"",""killEvent""]","[""runtimeIdBridge""]",true,"[{""value"":20,""unit"":""seconds"",""raw"":""20s""}]","When an Ultimate Skill triggers a Lucky Strike, summon a Lizardman Hunter (CD: 20s)","[{""sourceFile"":""probing-reports\\SeasonRogueEntryProbe.json""},{""sourceFile"":""probing-reports\\SeasonRogueEntryProbe.json""},{""sourceFile"":""probing-reports\\SeasonRogueEntryProbe.json""}]"
seasonalTalent,SeasonalTalentDescriptions.json,175,Imagine Acceleration,seasonalTalent:175:1,percentCooldownReduce,pctReduce,activeBuffOrAttrCandidate,high,false,battleImagine,Battle Imagine,[],false,"[""localizedDescription"",""seasonalTalentDefinition""]","[""activeSeasonTalent""]",[],true,"[{""value"":80,""unit"":""percent"",""raw"":""80%""}]",Reduces Battle Imagine CD by 80%,"[{""sourceFile"":""probing-reports\\SeasonRogueEntryProbe.json""},{""sourceFile"":""probing-reports\\SeasonRogueEntryProbe.json""},{""sourceFile"":""probing-reports\\SeasonRogueEntryProbe.json""}]"
seasonalTalent,SeasonalTalentDescriptions.json,184,Goblin Charge,seasonalTalent:184:1,cooldownTextUnclassified,evidence,textOnly,medium,false,specialAttack,,[],false,"[""localizedDescription"",""seasonalTalentDefinition""]","[""activeSeasonTalent"",""skillCastEvent""]","[""runtimeIdBridge""]",true,"[{""value"":20,""unit"":""seconds"",""raw"":""20s""}]",Special Attacks randomly summon a Goblin Imagine (CD: 20s),"[{""sourceFile"":""probing-reports\\SeasonRogueEntryProbe.json""},{""sourceFile"":""probing-reports\\SeasonRogueEntryProbe.json""},{""sourceFile"":""probing-reports\\SeasonRogueEntryProbe.json""}]"
seasonalTalent,SeasonalTalentDescriptions.json,185,Nature's Ally,seasonalTalent:185:1,cooldownTextUnclassified,evidence,textOnly,medium,false,expertiseSkill,,[],false,"[""localizedDescription"",""seasonalTalentDefinition""]","[""activeSeasonTalent"",""killEvent""]","[""runtimeIdBridge""]",true,"[{""value"":20,""unit"":""seconds"",""raw"":""20s""}]",Expertise Skills randomly summon an Animal Imagine (CD: 20s),"[{""sourceFile"":""probing-reports\\SeasonRogueEntryProbe.json""},{""sourceFile"":""probing-reports\\SeasonRogueEntryProbe.json""},{""sourceFile"":""probing-reports\\SeasonRogueEntryProbe.json""}]"
seasonalTalent,SeasonalTalentDescriptions.json,186,Dual Summon,seasonalTalent:186:1,cooldownTextUnclassified,evidence,textOnly,medium,false,battleImagine,,[],false,"[""localizedDescription"",""seasonalTalentDefinition""]","[""activeSeasonTalent""]","[""runtimeIdBridge""]",true,"[{""value"":30,""unit"":""seconds"",""raw"":""30s""}]",Battle Imagine simultaneously summons a Goblin Crossbow Imagine (CD: 30s),"[{""sourceFile"":""probing-reports\\SeasonRogueEntryProbe.json""},{""sourceFile"":""probing-reports\\SeasonRogueEntryProbe.json""},{""sourceFile"":""probing-reports\\SeasonRogueEntryProbe.json""}]"
seasonalTalent,SeasonalTalentDescriptions.json,187,Heroic Descent,seasonalTalent:187:1,cooldownTextUnclassified,evidence,textOnly,medium,false,ultimateSkill,,[],false,"[""localizedDescription"",""seasonalTalentDefinition""]","[""activeSeasonTalent"",""killEvent""]","[""runtimeIdBridge""]",true,"[{""value"":30,""unit"":""seconds"",""raw"":""30s""}]",Ultimate Skills randomly summon a Highland Character Imagine (CD: 30s),"[{""sourceFile"":""probing-reports\\SeasonRogueEntryProbe.json""},{""sourceFile"":""probing-reports\\SeasonRogueEntryProbe.json""},{""sourceFile"":""probing-reports\\SeasonRogueEntryProbe.json""}]"
seasonalTalent,SeasonalTalentDescriptions.json,189,Captain's Summon,seasonalTalent:189:1,cooldownTextUnclassified,evidence,textOnly,medium,false,ultimateSkill,,[],false,"[""localizedDescription"",""seasonalTalentDefinition""]","[""activeSeasonTalent"",""killEvent""]","[""runtimeIdBridge""]",true,"[{""value"":30,""unit"":""seconds"",""raw"":""30s""}]",Ultimate Skills simultaneously summon a Muku Warrior Imagine (CD: 30s),"[{""sourceFile"":""probing-reports\\SeasonRogueEntryProbe.json""},{""sourceFile"":""probing-reports\\SeasonRogueEntryProbe.json""},{""sourceFile"":""probing-reports\\SeasonRogueEntryProbe.json""}]"
seasonalTalent,SeasonalTalentDescriptions.json,190,King's Reinforcements,seasonalTalent:190:1,cooldownTextUnclassified,evidence,textOnly,medium,false,unknown,,[],false,"[""localizedDescription"",""seasonalTalentDefinition""]","[""activeSeasonTalent""]","[""runtimeIdBridge""]",true,"[{""value"":50,""unit"":""percent"",""raw"":""50%""},{""value"":30,""unit"":""seconds"",""raw"":""30s""}]","When HP falls below 50%, summons a Muku King Imagine (CD: 30s)","[{""sourceFile"":""probing-reports\\SeasonRogueEntryProbe.json""},{""sourceFile"":""probing-reports\\SeasonRogueEntryProbe.json""},{""sourceFile"":""probing-reports\\SeasonRogueEntryProbe.json""}]"
seasonalTalent,SeasonalTalentDescriptions.json,192,Thunder Vanguard,seasonalTalent:192:1,cooldownTextUnclassified,evidence,textOnly,medium,false,unknown,,[],false,"[""localizedDescription"",""seasonalTalentDefinition""]","[""activeSeasonTalent""]","[""runtimeIdBridge""]",true,"[{""value"":30,""unit"":""seconds"",""raw"":""30s""}]","Upon entering combat, immediately summons a Tempest Ogre Imagine (CD: 30s)","[{""sourceFile"":""probing-reports\\SeasonRogueEntryProbe.json""},{""sourceFile"":""probing-reports\\SeasonRogueEntryProbe.json""},{""sourceFile"":""probing-reports\\SeasonRogueEntryProbe.json""}]"
seasonalTalent,SeasonalTalentDescriptions.json,193,Lucky Phantom,seasonalTalent:193:1,cooldownTextUnclassified,evidence,textOnly,medium,false,unknown,,"[""lucky""]",true,"[""localizedDescription"",""seasonalTalentDefinition""]","[""activeSeasonTalent"",""damageEvent"",""damageEventLuckyFlag"",""finalCharacterStats"",""healEvent""]","[""runtimeIdBridge""]",true,"[{""value"":30,""unit"":""seconds"",""raw"":""30s""}]","When dealing damage or healing triggers a Lucky Strike, randomly summons a Luck Imagine (CD: 30s)","[{""sourceFile"":""probing-reports\\SeasonRogueEntryProbe.json""},{""sourceFile"":""probing-reports\\SeasonRogueEntryProbe.json""},{""sourceFile"":""probing-reports\\SeasonRogueEntryProbe.json""}]"
seasonalTalent,SeasonalTalentDescriptions.json,195,Coordinated Strike,seasonalTalent:195:1,cooldownTextUnclassified,evidence,textOnly,medium,false,classSkill,,[],false,"[""localizedDescription"",""seasonalTalentDefinition""]","[""activeSeasonTalent"",""damageEvent"",""killEvent""]","[""runtimeIdBridge""]",true,"[{""value"":1,""unit"":""percent"",""raw"":""1%""},{""value"":15,""unit"":""percent"",""raw"":""15%""},{""value"":3,""unit"":""seconds"",""raw"":""3s""},{""value"":0.3,""unit"":""seconds"",""raw"":""0.3s""}]","When your Class Skills deal damage, restores 1% HP to yourself and nearby allies and grants a 15% ATK bonus for 3s (CD: 0.3s).","[{""sourceFile"":""probing-reports\\SeasonRogueEntryProbe.json""},{""sourceFile"":""probing-reports\\SeasonRogueEntryProbe.json""},{""sourceFile"":""probing-reports\\SeasonRogueEntryProbe.json""}]"
seasonalTalent,SeasonalTalentDescriptions.json,197,Attribute Transfer,seasonalTalent:197:1,hasteStat,hasteEvidence,attrOrBuffEvidence,medium,false,unknown,,"[""versatility"",""haste"",""mastery"",""lucky"",""crit""]",true,"[""localizedDescription"",""seasonalTalentDefinition""]","[""activeSeasonTalent"",""damageEventCritFlag"",""finalCharacterStats""]","[""targetSkillScopeMapping""]",true,"[{""value"":10,""unit"":""percent"",""raw"":""10%""},{""value"":10,""unit"":""seconds"",""raw"":""10s""}]","When Crit/Luck/Haste/Mastery/Versatility changes, nearby allies gain a 10% increase of the corresponding stat for 10s","[{""sourceFile"":""probing-reports\\SeasonRogueEntryProbe.json""},{""sourceFile"":""probing-reports\\SeasonRogueEntryProbe.json""},{""sourceFile"":""probing-reports\\SeasonRogueEntryProbe.json""}]"
seasonalTalent,SeasonalTalentDescriptions.json,207,Synergy Healing Wave,seasonalTalent:207:1,cooldownTextUnclassified,evidence,textOnly,medium,false,unknown,,[],false,"[""localizedDescription"",""seasonalTalentDefinition""]","[""activeSeasonTalent""]","[""runtimeIdBridge""]",true,"[{""value"":30,""unit"":""seconds"",""raw"":""30s""}]",(CD: 30s),"[{""sourceFile"":""probing-reports\\SeasonRogueEntryProbe.json""},{""sourceFile"":""probing-reports\\SeasonRogueEntryProbe.json""},{""sourceFile"":""probing-reports\\SeasonRogueEntryProbe.json""}]"
seasonalTalent,SeasonalTalentDescriptions.json,208,Synergy Luck Field,seasonalTalent:208:1,cooldownTextUnclassified,evidence,textOnly,medium,false,expertiseSkill,,"[""lucky""]",true,"[""localizedDescription"",""seasonalTalentDefinition""]","[""activeBuffStacks"",""activeSeasonTalent"",""damageEventLuckyFlag"",""finalCharacterStats"",""killEvent"",""skillCastEvent""]","[""runtimeIdBridge""]",true,"[{""value"":10,""unit"":""seconds"",""raw"":""10s""},{""value"":15,""unit"":"""",""raw"":""15 ""},{""value"":30,""unit"":""seconds"",""raw"":""30s""}]","When casting an Expertise Skill, you gain a Lucky Aura for 10s, applying the Lizardman Hunter Imagine passive effect to allies within 15 meters (CD: 30s; this effect does not stack).","[{""sourceFile"":""probing-reports\\SeasonRogueEntryProbe.json""},{""sourceFile"":""probing-reports\\SeasonRogueEntryProbe.json""},{""sourceFile"":""probing-reports\\SeasonRogueEntryProbe.json""}]"
seasonalTalent,SeasonalTalentDescriptions.json,212,Synergy Summon—Petrified Behemoth,seasonalTalent:212:1,cooldownTextUnclassified,evidence,textOnly,medium,false,unknown,,[],false,"[""localizedDescription"",""seasonalTalentDefinition""]","[""activeSeasonTalent"",""healEvent""]","[""runtimeIdBridge""]",true,"[{""value"":30,""unit"":""seconds"",""raw"":""30s""}]","When healing is applied, summons a Basilisk Imagine (CD: 30s).","[{""sourceFile"":""probing-reports\\SeasonRogueEntryProbe.json""},{""sourceFile"":""probing-reports\\SeasonRogueEntryProbe.json""},{""sourceFile"":""probing-reports\\SeasonRogueEntryProbe.json""}]"
seasonalTalent,SeasonalTalentDescriptions.json,213,Synergy Summon—Brigand King,seasonalTalent:213:1,cooldownTextUnclassified,evidence,textOnly,medium,false,unknown,,[],false,"[""localizedDescription"",""seasonalTalentDefinition""]","[""activeSeasonTalent"",""healEvent""]","[""runtimeIdBridge""]",true,"[{""value"":30,""unit"":""seconds"",""raw"":""30s""}]","When healing is applied, summons a Brigand Chief Imagine (CD: 30s).","[{""sourceFile"":""probing-reports\\SeasonRogueEntryProbe.json""},{""sourceFile"":""probing-reports\\SeasonRogueEntryProbe.json""},{""sourceFile"":""probing-reports\\SeasonRogueEntryProbe.json""}]"
seasonalTalent,SeasonalTalentDescriptions.json,214,Guardian Synergy—Swarm,seasonalTalent:214:1,cooldownTextUnclassified,evidence,textOnly,medium,false,unknown,,[],false,"[""localizedDescription"",""seasonalTalentDefinition""]","[""activeSeasonTalent"",""healEvent""]","[""runtimeIdBridge""]",true,"[{""value"":30,""unit"":""seconds"",""raw"":""30s""}]","When healing is applied, summons a Beehive Imagine (CD: 30s).","[{""sourceFile"":""probing-reports\\SeasonRogueEntryProbe.json""},{""sourceFile"":""probing-reports\\SeasonRogueEntryProbe.json""},{""sourceFile"":""probing-reports\\SeasonRogueEntryProbe.json""}]"
seasonalTalent,SeasonalTalentDescriptions.json,215,Stormblade - Phantom Edgewind,seasonalTalent:215:1,cooldownTextUnclassified,evidence,textOnly,medium,false,unknown,,[],false,"[""localizedDescription"",""seasonalTalentDefinition""]","[""activeSeasonTalent""]","[""runtimeIdBridge""]",true,"[{""value"":300,""unit"":""percent"",""raw"":""300%""}]",Bladewind Domain's CD reduction for Oblivion Combo is increased by 300%.,"[{""sourceFile"":""probing-reports\\SeasonRogueEntryProbe.json""},{""sourceFile"":""probing-reports\\SeasonRogueEntryProbe.json""},{""sourceFile"":""probing-reports\\SeasonRogueEntryProbe.json""}]"
seasonalTalent,SeasonalTalentDescriptions.json,217,Stormblade - Iai Flash,seasonalTalent:217:1,percentCooldownReduce,pctReduce,activeBuffOrAttrCandidate,high,false,unknown,,[],false,"[""localizedDescription"",""seasonalTalentDefinition""]","[""activeSeasonTalent""]","[""targetSkillScopeMapping""]",true,"[{""value"":50,""unit"":""percent"",""raw"":""50%""},{""value"":50,""unit"":""percent"",""raw"":""50%""}]","Iaido Slash's CD is reduced by 50%, and Iaido Slash's Illusion-Breaking DMG is increased by 50%.","[{""sourceFile"":""probing-reports\\SeasonRogueEntryProbe.json""},{""sourceFile"":""probing-reports\\SeasonRogueEntryProbe.json""},{""sourceFile"":""probing-reports\\SeasonRogueEntryProbe.json""}]"
seasonalTalent,SeasonalTalentDescriptions.json,228,Stormblade - Instinctive Divine Retribution,seasonalTalent:228:1,flatCooldownReduce,flatReduceMs,eventEvidenceRequired,high,true,unknown,Stormflash,[],false,"[""localizedDescription"",""seasonalTalentDefinition""]","[""activeSeasonTalent"",""skillCastEvent""]","[""controlledEncounterTriggerProof"",""targetSkillScopeMapping""]",true,"[{""value"":2,""unit"":""seconds"",""raw"":""2s""}]",Each cast reduces the CD of Stormflash by 2s.,"[{""sourceFile"":""probing-reports\\SeasonRogueEntryProbe.json""},{""sourceFile"":""probing-reports\\SeasonRogueEntryProbe.json""},{""sourceFile"":""probing-reports\\SeasonRogueEntryProbe.json""}]"
seasonalTalent,SeasonalTalentDescriptions.json,232,Frost Mage - Pulse Reduction,seasonalTalent:232:1,flatCooldownReduce,flatReduceMs,eventEvidenceRequired,high,true,unknown,Permafrost is reduced,[],false,"[""localizedDescription"",""seasonalTalentDefinition""]","[""activeSeasonTalent""]","[""controlledEncounterTriggerProof"",""targetSkillScopeMapping""]",true,"[{""value"":1,""unit"":""seconds"",""raw"":""1s""}]","Each time Cold Pulse is triggered, the CD of Permafrost is reduced by 1s.","[{""sourceFile"":""probing-reports\\SeasonRogueEntryProbe.json""},{""sourceFile"":""probing-reports\\SeasonRogueEntryProbe.json""},{""sourceFile"":""probing-reports\\SeasonRogueEntryProbe.json""}]"
seasonalTalent,SeasonalTalentDescriptions.json,237,Frost Mage - Cascading Gyre,seasonalTalent:237:1,flatCooldownReduce,flatReduceMs,eventEvidenceRequired,high,true,unknown,Crystal Veil is reduced,[],false,"[""localizedDescription"",""seasonalTalentDefinition""]","[""activeSeasonTalent""]","[""controlledEncounterTriggerProof"",""targetSkillScopeMapping""]",true,"[{""value"":3,""unit"":""seconds"",""raw"":""3s""}]","When this triggers a Freeze effect, the CD of Crystal Veil is reduced by 3s.","[{""sourceFile"":""probing-reports\\SeasonRogueEntryProbe.json""},{""sourceFile"":""probing-reports\\SeasonRogueEntryProbe.json""},{""sourceFile"":""probing-reports\\SeasonRogueEntryProbe.json""}]"
seasonalTalent,SeasonalTalentDescriptions.json,239,Frost Mage - Orbital Lance,seasonalTalent:239:1,flatCooldownReduce,flatReduceMs,eventEvidenceRequired,high,true,unknown,Crystal Veil is reduced,[],false,"[""localizedDescription"",""seasonalTalentDefinition""]","[""activeSeasonTalent"",""damageEvent""]","[""controlledEncounterTriggerProof"",""targetSkillScopeMapping""]",true,"[{""value"":0.3,""unit"":""seconds"",""raw"":""0.3s""}]","When Piercing Ice Lance deals damage, the CD of Crystal Veil is reduced by 0.3s.","[{""sourceFile"":""probing-reports\\SeasonRogueEntryProbe.json""},{""sourceFile"":""probing-reports\\SeasonRogueEntryProbe.json""},{""sourceFile"":""probing-reports\\SeasonRogueEntryProbe.json""}]"
seasonalTalent,SeasonalTalentDescriptions.json,242,Frost Mage - Lance Reduction,seasonalTalent:242:1,flatCooldownReduce,flatReduceMs,eventEvidenceRequired,high,true,unknown,Permafrost is reduced,[],false,"[""localizedDescription"",""seasonalTalentDefinition""]","[""activeSeasonTalent"",""damageEvent""]","[""controlledEncounterTriggerProof"",""targetSkillScopeMapping""]",true,"[{""value"":0.3,""unit"":""seconds"",""raw"":""0.3s""}]","When Piercing Ice Lance deals damage, the CD of Permafrost is reduced by 0.3s.","[{""sourceFile"":""probing-reports\\SeasonRogueEntryProbe.json""},{""sourceFile"":""probing-reports\\SeasonRogueEntryProbe.json""},{""sourceFile"":""probing-reports\\SeasonRogueEntryProbe.json""}]"
seasonalTalent,SeasonalTalentDescriptions.json,243,Frost Mage - Orbital Tempest,seasonalTalent:243:1,flatCooldownReduce,flatReduceMs,eventEvidenceRequired,high,true,unknown,Crystal Veil is reduced,[],false,"[""localizedDescription"",""seasonalTalentDefinition""]","[""activeSeasonTalent"",""damageEvent""]","[""controlledEncounterTriggerProof"",""targetSkillScopeMapping""]",true,"[{""value"":0.3,""unit"":""seconds"",""raw"":""0.3s""}]","When Blizzard deals damage, the CD of Crystal Veil is reduced by 0.3s.","[{""sourceFile"":""probing-reports\\SeasonRogueEntryProbe.json""},{""sourceFile"":""probing-reports\\SeasonRogueEntryProbe.json""},{""sourceFile"":""probing-reports\\SeasonRogueEntryProbe.json""}]"
seasonalTalent,SeasonalTalentDescriptions.json,245,Frost Mage - Final Meteor,seasonalTalent:245:1,flatCooldownReduce,flatReduceMs,eventEvidenceRequired,high,true,unknown,Permafrost's,[],false,"[""localizedDescription"",""seasonalTalentDefinition""]","[""activeSeasonTalent"",""skillCastEvent""]","[""controlledEncounterTriggerProof"",""targetSkillScopeMapping""]",true,"[{""value"":5,""unit"":"""",""raw"":""5 ""},{""value"":5,""unit"":""seconds"",""raw"":""5s""}]","Every 5 casts of Meteor Storm summons a meteor from the Ultimate, which instantly puts Blizzard on CD and reduces Permafrost's CD by 5s.","[{""sourceFile"":""probing-reports\\SeasonRogueEntryProbe.json""},{""sourceFile"":""probing-reports\\SeasonRogueEntryProbe.json""},{""sourceFile"":""probing-reports\\SeasonRogueEntryProbe.json""}]"
seasonalTalent,SeasonalTalentDescriptions.json,249,Marksman - Wolf's Focus,seasonalTalent:249:1,flatCooldownReduce,flatReduceMs,activeBuffOrAttrCandidate,high,false,unknown,Focus,[],false,"[""localizedDescription"",""seasonalTalentDefinition""]","[""activeSeasonTalent""]","[""targetSkillScopeMapping""]",true,"[{""value"":5,""unit"":""seconds"",""raw"":""5s""}]",Each Wild Wolf summoned reduces the CD of Focus by 5s.,"[{""sourceFile"":""probing-reports\\SeasonRogueEntryProbe.json""},{""sourceFile"":""probing-reports\\SeasonRogueEntryProbe.json""},{""sourceFile"":""probing-reports\\SeasonRogueEntryProbe.json""}]"
seasonalTalent,SeasonalTalentDescriptions.json,261,Marksman - Crit CD Reduction,seasonalTalent:261:1,flatCooldownReduce,flatReduceMs,eventEvidenceRequired,high,true,unknown,Focus,[],false,"[""localizedDescription"",""seasonalTalentDefinition""]","[""activeSeasonTalent"",""skillCastEvent""]","[""controlledEncounterTriggerProof"",""targetSkillScopeMapping""]",true,"[{""value"":3,""unit"":""seconds"",""raw"":""3s""}]",Each cast of Powerdraw also reduces the CD of Focus by 3s.,"[{""sourceFile"":""probing-reports\\SeasonRogueEntryProbe.json""},{""sourceFile"":""probing-reports\\SeasonRogueEntryProbe.json""},{""sourceFile"":""probing-reports\\SeasonRogueEntryProbe.json""}]"
seasonalTalent,SeasonalTalentDescriptions.json,262,Marksman - Devastating Bombardment,seasonalTalent:262:1,flatCooldownReduce,flatReduceMs,eventEvidenceRequired,high,true,unknown,Radiance Barrage,"[""crit""]",true,"[""localizedDescription"",""seasonalTalentDefinition""]","[""activeSeasonTalent"",""damageEventCritFlag"",""finalCharacterStats""]","[""controlledEncounterTriggerProof"",""targetSkillScopeMapping""]",true,"[{""value"":0.2,""unit"":""seconds"",""raw"":""0.2s""}]",Every Crit reduces the CD of Radiance Barrage by 0.2s.,"[{""sourceFile"":""probing-reports\\SeasonRogueEntryProbe.json""},{""sourceFile"":""probing-reports\\SeasonRogueEntryProbe.json""},{""sourceFile"":""probing-reports\\SeasonRogueEntryProbe.json""}]"
seasonalTalent,SeasonalTalentDescriptions.json,264,Verdant Oracle - Wild Growth,seasonalTalent:264:1,percentCooldownReduce,pctReduce,eventEvidenceRequired,high,true,unknown,,[],false,"[""localizedDescription"",""seasonalTalentDefinition""]","[""activeSeasonTalent"",""skillCastEvent""]","[""controlledEncounterTriggerProof"",""targetSkillScopeMapping""]",true,"[{""value"":90,""unit"":""percent"",""raw"":""90%""},{""value"":100,""unit"":""percent"",""raw"":""100%""}]","Feral Seed's CD is reduced by 90%, and its Casting Speed is increased by 100%.","[{""sourceFile"":""probing-reports\\SeasonRogueEntryProbe.json""},{""sourceFile"":""probing-reports\\SeasonRogueEntryProbe.json""},{""sourceFile"":""probing-reports\\SeasonRogueEntryProbe.json""}]"
seasonalTalent,SeasonalTalentDescriptions.json,272,Verdant Oracle - Wishing Bud,seasonalTalent:272:1,cooldownAcceleration,accelerate,activeBuffOrAttrCandidate,high,false,unknown,,[],false,"[""localizedDescription"",""seasonalTalentDefinition""]","[""activeBuffState"",""activeSeasonTalent""]","[""targetSkillScopeMapping""]",true,"[{""value"":100,""unit"":""percent"",""raw"":""100%""}]","Continuously gain Regen Bud while Grove Wish is active, and it grants a 100% CD Boost for Grove Wish.","[{""sourceFile"":""probing-reports\\SeasonRogueEntryProbe.json""},{""sourceFile"":""probing-reports\\SeasonRogueEntryProbe.json""},{""sourceFile"":""probing-reports\\SeasonRogueEntryProbe.json""}]"
seasonalTalent,SeasonalTalentDescriptions.json,273,Verdant Oracle - Full Bloom CD Reduction,seasonalTalent:273:1,flatCooldownReduce,flatReduceMs,eventEvidenceRequired,high,true,ultimateSkill,the Ultimate Skill is reduced,[],false,"[""localizedDescription"",""seasonalTalentDefinition""]","[""activeSeasonTalent"",""killEvent""]","[""controlledEncounterTriggerProof""]",true,"[{""value"":1,""unit"":""seconds"",""raw"":""1s""}]","Each time Blossom Charge is triggered, the CD of the Ultimate Skill is reduced by 1s.","[{""sourceFile"":""probing-reports\\SeasonRogueEntryProbe.json""},{""sourceFile"":""probing-reports\\SeasonRogueEntryProbe.json""},{""sourceFile"":""probing-reports\\SeasonRogueEntryProbe.json""}]"
seasonalTalent,SeasonalTalentDescriptions.json,277,Verdant Oracle - Unending Magic,seasonalTalent:277:1,hasteStat,hasteEvidence,attrOrBuffEvidence,medium,false,classSkill,,"[""haste""]",true,"[""localizedDescription"",""seasonalTalentDefinition""]","[""activeSeasonTalent"",""finalCharacterStats"",""killEvent"",""skillCastEvent""]",[],true,"[{""value"":50,""unit"":""percent"",""raw"":""50%""},{""value"":30,""unit"":""percent"",""raw"":""30%""}]","Grants a 50% MAG Boost and 30% Haste to all class skills, but prevents using Ultimate Skills.","[{""sourceFile"":""probing-reports\\SeasonRogueEntryProbe.json""},{""sourceFile"":""probing-reports\\SeasonRogueEntryProbe.json""},{""sourceFile"":""probing-reports\\SeasonRogueEntryProbe.json""}]"
seasonalTalent,SeasonalTalentDescriptions.json,282,Wind Knight - Extreme Galeform,seasonalTalent:282:1,percentCooldownReduce,pctReduce,activeBuffOrAttrCandidate,high,false,unknown,Galeform,[],false,"[""localizedDescription"",""seasonalTalentDefinition""]","[""activeSeasonTalent""]","[""targetSkillScopeMapping""]",true,"[{""value"":80,""unit"":""percent"",""raw"":""80%""}]",Reduces the CD of Galeform by 80% and doubles its effect.,"[{""sourceFile"":""probing-reports\\SeasonRogueEntryProbe.json""},{""sourceFile"":""probing-reports\\SeasonRogueEntryProbe.json""},{""sourceFile"":""probing-reports\\SeasonRogueEntryProbe.json""}]"
seasonalTalent,SeasonalTalentDescriptions.json,285,Wind Knight - Spiral CD Reduction,seasonalTalent:285:1,flatCooldownReduce,flatReduceMs,eventEvidenceRequired,high,true,ultimateSkill,Ultimate Skill's,[],false,"[""localizedDescription"",""seasonalTalentDefinition""]","[""activeSeasonTalent"",""killEvent"",""skillCastEvent""]","[""controlledEncounterTriggerProof""]",true,[],Each cast of Vortex Strike reduces the Ultimate Skill's CD.,"[{""sourceFile"":""probing-reports\\SeasonRogueEntryProbe.json""},{""sourceFile"":""probing-reports\\SeasonRogueEntryProbe.json""},{""sourceFile"":""probing-reports\\SeasonRogueEntryProbe.json""}]"
seasonalTalent,SeasonalTalentDescriptions.json,301,Shield Knight - Holy Reckoning,seasonalTalent:301:1,cooldownTextUnclassified,evidence,textOnly,medium,false,unknown,,[],false,"[""localizedDescription"",""seasonalTalentDefinition""]","[""activeSeasonTalent""]","[""runtimeIdBridge""]",true,[],The CD reduction effect of Aegis Ward's Retribution on Aegis Ward is doubled.,"[{""sourceFile"":""probing-reports\\SeasonRogueEntryProbe.json""},{""sourceFile"":""probing-reports\\SeasonRogueEntryProbe.json""},{""sourceFile"":""probing-reports\\SeasonRogueEntryProbe.json""}]"
seasonalTalent,SeasonalTalentDescriptions.json,303,Shield Knight - Swift Resolve,seasonalTalent:303:1,percentCooldownReduce,pctReduce,activeBuffOrAttrCandidate,high,false,unknown,Radiance,[],false,"[""localizedDescription"",""seasonalTalentDefinition""]","[""activeSeasonTalent""]","[""targetSkillScopeMapping""]",true,"[{""value"":50,""unit"":""percent"",""raw"":""50%""}]",Reduces the CD of Radiance by 50%.,"[{""sourceFile"":""probing-reports\\SeasonRogueEntryProbe.json""},{""sourceFile"":""probing-reports\\SeasonRogueEntryProbe.json""},{""sourceFile"":""probing-reports\\SeasonRogueEntryProbe.json""}]"
seasonalTalent,SeasonalTalentDescriptions.json,308,Shield Knight - Swift Crusade,seasonalTalent:308:1,percentCooldownReduce,pctReduce,activeBuffOrAttrCandidate,high,false,unknown,Zeal Crusade,[],false,"[""localizedDescription"",""seasonalTalentDefinition""]","[""activeSeasonTalent""]","[""targetSkillScopeMapping""]",true,"[{""value"":50,""unit"":""percent"",""raw"":""50%""}]",Reduces the CD of Zeal Crusade by 50%.,"[{""sourceFile"":""probing-reports\\SeasonRogueEntryProbe.json""},{""sourceFile"":""probing-reports\\SeasonRogueEntryProbe.json""},{""sourceFile"":""probing-reports\\SeasonRogueEntryProbe.json""}]"
seasonalTalent,SeasonalTalentDescriptions.json,316,Heavy Guardian - Weak Spot CD Reduction,seasonalTalent:316:1,flatCooldownReduce,flatReduceMs,eventEvidenceRequired,high,true,unknown,Sandshroud is reduced,[],false,"[""localizedDescription"",""seasonalTalentDefinition""]","[""activeSeasonTalent""]","[""controlledEncounterTriggerProof"",""targetSkillScopeMapping""]",true,"[{""value"":1,""unit"":""seconds"",""raw"":""1s""}]","When Weakness Strike is triggered, the CD of Sandshroud is reduced by 1s.","[{""sourceFile"":""probing-reports\\SeasonRogueEntryProbe.json""},{""sourceFile"":""probing-reports\\SeasonRogueEntryProbe.json""},{""sourceFile"":""probing-reports\\SeasonRogueEntryProbe.json""}]"
seasonalTalent,SeasonalTalentDescriptions.json,333,Beat Performer - Lucky Ultimate,seasonalTalent:333:1,flatCooldownReduce,flatReduceMs,activeBuffOrAttrCandidate,high,false,ultimateSkill,Ultimate Skill's,"[""lucky""]",true,"[""localizedDescription"",""seasonalTalentDefinition""]","[""activeSeasonTalent"",""damageEventLuckyFlag"",""finalCharacterStats"",""killEvent""]",[],true,"[{""value"":0.5,""unit"":""seconds"",""raw"":""0.5s""}]",Triggering a Lucky Strike reduces the Ultimate Skill's CD by 0.5s.,"[{""sourceFile"":""probing-reports\\SeasonRogueEntryProbe.json""},{""sourceFile"":""probing-reports\\SeasonRogueEntryProbe.json""},{""sourceFile"":""probing-reports\\SeasonRogueEntryProbe.json""}]"
seasonalTalent,SeasonalTalentDescriptions.json,357,Expertise Synergy,seasonalTalent:357:1,cooldownTextUnclassified,evidence,textOnly,medium,false,expertiseSkill,,[],false,"[""localizedDescription"",""seasonalTalentDefinition""]","[""activeSeasonTalent"",""killEvent"",""skillCastEvent""]","[""runtimeIdBridge""]",true,"[{""value"":0.5,""unit"":""seconds"",""raw"":""0.5s""}]",Casting an Expertise Skill triggers Pulse Beam (CD: 0.5s).,"[{""sourceFile"":""probing-reports\\SeasonRogueEntryProbe.json""},{""sourceFile"":""probing-reports\\SeasonRogueEntryProbe.json""},{""sourceFile"":""probing-reports\\SeasonRogueEntryProbe.json""}]"
seasonalTalent,SeasonalTalentDescriptions.json,358,Ultimate Overdrive,seasonalTalent:358:1,cooldownTextUnclassified,evidence,textOnly,medium,false,ultimateSkill,Pulse Beam is halved (CD: 20s),[],false,"[""localizedDescription"",""seasonalTalentDefinition""]","[""activeSeasonTalent"",""killEvent"",""skillCastEvent""]","[""runtimeIdBridge""]",true,"[{""value"":15,""unit"":""seconds"",""raw"":""15s""},{""value"":20,""unit"":""seconds"",""raw"":""20s""}]","For 15s after casting an Ultimate Skill, the CD of Pulse Beam is halved (CD: 20s).","[{""sourceFile"":""probing-reports\\SeasonRogueEntryProbe.json""},{""sourceFile"":""probing-reports\\SeasonRogueEntryProbe.json""},{""sourceFile"":""probing-reports\\SeasonRogueEntryProbe.json""}]"
seasonalTalent,SeasonalTalentDescriptions.json,359,Frost Summon,seasonalTalent:359:1,cooldownTextUnclassified,evidence,textOnly,medium,false,unknown,,[],false,"[""localizedDescription"",""seasonalTalentDefinition""]","[""activeSeasonTalent"",""damageEvent""]","[""runtimeIdBridge""]",true,"[{""value"":30,""unit"":""seconds"",""raw"":""30s""}]","When Pulse Beam deals damage, it summons a Frost Ogre Imagine (CD: 30s).","[{""sourceFile"":""probing-reports\\SeasonRogueEntryProbe.json""},{""sourceFile"":""probing-reports\\SeasonRogueEntryProbe.json""},{""sourceFile"":""probing-reports\\SeasonRogueEntryProbe.json""}]"
seasonalTalent,SeasonalTalentDescriptions.json,365,Arachnocrab Summon,seasonalTalent:365:1,cooldownTextUnclassified,evidence,textOnly,medium,false,expertiseSkill,,[],false,"[""localizedDescription"",""seasonalTalentDefinition""]","[""activeSeasonTalent"",""killEvent"",""skillCastEvent""]","[""runtimeIdBridge""]",true,"[{""value"":30,""unit"":""seconds"",""raw"":""30s""}]",Casting an Expertise Skill summons an Arachnocrab King Imagine (CD: 30s).,"[{""sourceFile"":""probing-reports\\SeasonRogueEntryProbe.json""},{""sourceFile"":""probing-reports\\SeasonRogueEntryProbe.json""},{""sourceFile"":""probing-reports\\SeasonRogueEntryProbe.json""}]"
seasonalTalent,SeasonalTalentDescriptions.json,366,CD Resonance,seasonalTalent:366:1,cooldownAcceleration,accelerate,activeBuffOrAttrCandidate,high,false,unknown,,"[""mastery""]",true,"[""localizedDescription"",""seasonalTalentDefinition""]","[""activeSeasonTalent"",""finalCharacterStats"",""killEvent""]","[""targetSkillScopeMapping""]",true,"[{""value"":1,""unit"":""percent"",""raw"":""1%""},{""value"":1,""unit"":""percent"",""raw"":""1%""}]",Every 1% of Mastery increases skill CD Boost by 1%.,"[{""sourceFile"":""probing-reports\\SeasonRogueEntryProbe.json""},{""sourceFile"":""probing-reports\\SeasonRogueEntryProbe.json""},{""sourceFile"":""probing-reports\\SeasonRogueEntryProbe.json""}]"
seasonalTalent,SeasonalTalentDescriptions.json,368,Mastery Burst,seasonalTalent:368:1,percentCooldownReduce,pctReduce,activeBuffOrAttrCandidate,high,false,unknown,,[],false,"[""localizedDescription"",""seasonalTalentDefinition""]","[""activeSeasonTalent"",""killEvent""]","[""targetSkillScopeMapping""]",true,"[{""value"":80,""unit"":""percent"",""raw"":""80%""}]","While in this state, combat resources are infinite, and Skill CD is reduced by 80%.","[{""sourceFile"":""probing-reports\\SeasonRogueEntryProbe.json""},{""sourceFile"":""probing-reports\\SeasonRogueEntryProbe.json""},{""sourceFile"":""probing-reports\\SeasonRogueEntryProbe.json""}]"
seasonalTalent,SeasonalTalentDescriptions.json,369,Foxen Summon,seasonalTalent:369:1,cooldownTextUnclassified,evidence,textOnly,medium,false,specialAttack,,[],false,"[""localizedDescription"",""seasonalTalentDefinition""]","[""activeSeasonTalent"",""skillCastEvent""]","[""runtimeIdBridge""]",true,"[{""value"":30,""unit"":""seconds"",""raw"":""30s""}]",Casting a Special Attack summons a Blackfire Foxen Imagine (CD: 30s).,"[{""sourceFile"":""probing-reports\\SeasonRogueEntryProbe.json""},{""sourceFile"":""probing-reports\\SeasonRogueEntryProbe.json""},{""sourceFile"":""probing-reports\\SeasonRogueEntryProbe.json""}]"
seasonalTalent,SeasonalTalentDescriptions.json,388,HP Rhythm,seasonalTalent:388:1,hasteStat,hasteEvidence,attrOrBuffEvidence,medium,false,unknown,,"[""haste"",""mastery""]",true,"[""localizedDescription"",""seasonalTalentDefinition""]","[""activeSeasonTalent"",""finalCharacterStats""]","[""targetSkillScopeMapping""]",true,"[{""value"":20,""unit"":"""",""raw"":""20 ""},{""value"":1,""unit"":"""",""raw"":""1""}]",Every 20 points of Max HP increases Haste and Mastery by 1.,"[{""sourceFile"":""probing-reports\\SeasonRogueEntryProbe.json""},{""sourceFile"":""probing-reports\\SeasonRogueEntryProbe.json""},{""sourceFile"":""probing-reports\\SeasonRogueEntryProbe.json""}]"
seasonalTalent,SeasonalTalentDescriptions.json,390,Denvel Summon,seasonalTalent:390:1,cooldownTextUnclassified,evidence,textOnly,medium,false,unknown,,[],false,"[""localizedDescription"",""seasonalTalentDefinition""]","[""activeSeasonTalent"",""damageEvent"",""tankedDamageEvent""]","[""runtimeIdBridge""]",true,"[{""value"":30,""unit"":""seconds"",""raw"":""30s""}]",Taking damage summons a Denvel Imagine (CD: 30s).,"[{""sourceFile"":""probing-reports\\SeasonRogueEntryProbe.json""},{""sourceFile"":""probing-reports\\SeasonRogueEntryProbe.json""},{""sourceFile"":""probing-reports\\SeasonRogueEntryProbe.json""}]"
seasonalTalent,SeasonalTalentDescriptions.json,399,Blood-boiling Acceleration,seasonalTalent:399:1,cooldownAcceleration,accelerate,activeBuffOrAttrCandidate,high,false,unknown,,[],false,"[""localizedDescription"",""seasonalTalentDefinition""]","[""activeSeasonTalent"",""killEvent""]","[""targetSkillScopeMapping""]",true,"[{""value"":1,""unit"":""percent"",""raw"":""1%""},{""value"":1,""unit"":""percent"",""raw"":""1%""}]",Every 1% of HP lost increases skill CD Boost by 1%.,"[{""sourceFile"":""probing-reports\\SeasonRogueEntryProbe.json""},{""sourceFile"":""probing-reports\\SeasonRogueEntryProbe.json""},{""sourceFile"":""probing-reports\\SeasonRogueEntryProbe.json""}]"
seasonalTalent,SeasonalTalentDescriptions.json,401,Power of Desperation,seasonalTalent:401:1,hasteStat,hasteEvidence,attrOrBuffEvidence,medium,false,unknown,,"[""versatility"",""haste"",""mastery"",""lucky"",""crit""]",true,"[""localizedDescription"",""seasonalTalentDefinition""]","[""activeSeasonTalent"",""damageEventCritFlag"",""finalCharacterStats""]","[""targetSkillScopeMapping""]",true,"[{""value"":5,""unit"":""percent"",""raw"":""5%""}]","When HP changes, grants 5% Crit, Haste, Luck, Mastery, and Versatility.","[{""sourceFile"":""probing-reports\\SeasonRogueEntryProbe.json""},{""sourceFile"":""probing-reports\\SeasonRogueEntryProbe.json""},{""sourceFile"":""probing-reports\\SeasonRogueEntryProbe.json""}]"
seasonalTalent,SeasonalTalentDescriptions.json,402,Bloodthirst Surge,seasonalTalent:402:1,flatCooldownReduce,flatReduceMs,eventEvidenceRequired,high,true,unknown,all skills,[],false,"[""localizedDescription"",""seasonalTalentDefinition""]","[""activeSeasonTalent"",""killEvent""]","[""controlledEncounterTriggerProof"",""targetSkillScopeMapping""]",true,"[{""value"":1,""unit"":""seconds"",""raw"":""1s""}]","When HP changes, reduces the CD of all skills by 1s.","[{""sourceFile"":""probing-reports\\SeasonRogueEntryProbe.json""},{""sourceFile"":""probing-reports\\SeasonRogueEntryProbe.json""},{""sourceFile"":""probing-reports\\SeasonRogueEntryProbe.json""}]"
seasonalTalent,SeasonalTalentDescriptions.json,405,Blood Pact Summon,seasonalTalent:405:1,cooldownTextUnclassified,evidence,textOnly,medium,false,unknown,,[],false,"[""localizedDescription"",""seasonalTalentDefinition""]","[""activeSeasonTalent""]","[""runtimeIdBridge""]",true,"[{""value"":60,""unit"":""seconds"",""raw"":""60s""}]","When HP changes, automatically summons a Kartgriff Imagine (CD: 60s).","[{""sourceFile"":""probing-reports\\SeasonRogueEntryProbe.json""},{""sourceFile"":""probing-reports\\SeasonRogueEntryProbe.json""},{""sourceFile"":""probing-reports\\SeasonRogueEntryProbe.json""}]"
seasonalTalent,SeasonalTalentDescriptions.json,407,Low HP Summon,seasonalTalent:407:1,cooldownTextUnclassified,evidence,textOnly,medium,false,unknown,,[],false,"[""localizedDescription"",""seasonalTalentDefinition""]","[""activeSeasonTalent""]","[""runtimeIdBridge""]",true,"[{""value"":50,""unit"":""percent"",""raw"":""50%""},{""value"":30,""unit"":""seconds"",""raw"":""30s""}]","When HP falls below 50%, summons a Ridge Fang Imagine (CD: 30s).","[{""sourceFile"":""probing-reports\\SeasonRogueEntryProbe.json""},{""sourceFile"":""probing-reports\\SeasonRogueEntryProbe.json""},{""sourceFile"":""probing-reports\\SeasonRogueEntryProbe.json""}]"
seasonalTalent,SeasonalTalentDescriptions.json,420,Twin Striker - Formless Buff,seasonalTalent:420:1,hasteStat,hasteEvidence,attrOrBuffEvidence,medium,false,unknown,,"[""versatility"",""haste"",""mastery"",""lucky"",""crit""]",true,"[""localizedDescription"",""seasonalTalentDefinition""]","[""activeSeasonTalent"",""damageEventCritFlag"",""finalCharacterStats""]","[""targetSkillScopeMapping""]",true,"[{""value"":3,""unit"":""percent"",""raw"":""3%""}]","Each level of the Formless effect increases the highest among Crit, Haste, Luck, Mastery, and Versatility by 3%.","[{""sourceFile"":""probing-reports\\SeasonRogueEntryProbe.json""},{""sourceFile"":""probing-reports\\SeasonRogueEntryProbe.json""},{""sourceFile"":""probing-reports\\SeasonRogueEntryProbe.json""}]"
seasonalTalent,SeasonalTalentDescriptions.json,427,Twin Striker - Hellfire CD Reduction,seasonalTalent:427:1,percentCooldownReduce,pctReduce,eventEvidenceRequired,high,true,unknown,Endless Hellfire,[],false,"[""localizedDescription"",""seasonalTalentDefinition""]","[""activeSeasonTalent"",""damageEvent""]","[""controlledEncounterTriggerProof"",""targetSkillScopeMapping""]",true,"[{""value"":50,""unit"":""percent"",""raw"":""50%""},{""value"":0.5,""unit"":""seconds"",""raw"":""0.5s""}]","When Wildfire Dance hits the primary target, there is a 50% chance to reduce the CD of Endless Hellfire by 0.5s.","[{""sourceFile"":""probing-reports\\SeasonRogueEntryProbe.json""},{""sourceFile"":""probing-reports\\SeasonRogueEntryProbe.json""},{""sourceFile"":""probing-reports\\SeasonRogueEntryProbe.json""}]"
seasonalTalent,SeasonalTalentDescriptions.json,1001,Fantasia Impact,seasonalTalent:1001:1,flatCooldownReduce,flatReduceMs,activeBuffOrAttrCandidate,high,false,unknown,Fantasia Impact,"[""lucky""]",true,"[""localizedDescription"",""seasonalTalentDefinition""]","[""activeSeasonTalent"",""damageEventLuckyFlag"",""finalCharacterStats""]","[""targetSkillScopeMapping""]",true,"[{""value"":0.3,""unit"":""seconds"",""raw"":""0.30s""}]",Each Lucky Strike triggered reduces internal CD of Fantasia Impact by 0.30s.,"[{""sourceFile"":""probing-reports\\SeasonTalentNodeProbe.json""},{""sourceFile"":""probing-reports\\SeasonTalentNodeProbe.json""},{""sourceFile"":""probing-reports\\SeasonTalentNodeProbe.json""},{""sourceFile"":""probing-reports\\SeasonTalentNodeProbe.json""}]"
seasonalTalent,SeasonalTalentDescriptions.json,1004,Time-Step,seasonalTalent:1004:1,cooldownTextUnclassified,evidence,textOnly,medium,false,unknown,,[],false,"[""localizedDescription"",""seasonalTalentDefinition""]","[""activeSeasonTalent""]","[""runtimeIdBridge""]",true,"[{""value"":5,""unit"":""seconds"",""raw"":""+5s""},{""value"":100,""unit"":""percent"",""raw"":""+100%""}]",Internal CD of Fantasia Impact +5s; Illusion-Breaking DMG of Fantasia Impact +100%.,"[{""sourceFile"":""probing-reports\\SeasonTalentNodeProbe.json""},{""sourceFile"":""probing-reports\\SeasonTalentNodeProbe.json""},{""sourceFile"":""probing-reports\\SeasonTalentNodeProbe.json""},{""sourceFile"":""probing-reports\\SeasonTalentNodeProbe.json""},{""sourceFile"":""probing-reports\\SeasonTalentNodeProbe.json""}]"
seasonalTalent,SeasonalTalentDescriptions.json,1104,Time-Slit,seasonalTalent:1104:1,percentCooldownReduce,pctReduce,activeBuffOrAttrCandidate,high,false,expertiseSkill,Special Attack and Expertise Skills,[],false,"[""localizedDescription"",""seasonalTalentDefinition""]","[""activeSeasonTalent"",""killEvent"",""skillCastEvent""]",[],true,"[{""value"":22,""unit"":""percent"",""raw"":""22%""},{""value"":7,""unit"":""seconds"",""raw"":""7s""}]",Time-Slit - Dream: Reduces the CD of Special Attack and Expertise Skills by 22% for 7s.,"[{""sourceFile"":""probing-reports\\SeasonTalentNodeProbe.json""},{""sourceFile"":""probing-reports\\SeasonTalentNodeProbe.json""},{""sourceFile"":""probing-reports\\SeasonTalentNodeProbe.json""},{""sourceFile"":""probing-reports\\SeasonTalentNodeProbe.json""},{""sourceFile"":""probing-reports\\SeasonTalentNodeProbe.json""}]"
seasonalTalent,SeasonalTalentDescriptions.json,1105,Instant,seasonalTalent:1105:1,cooldownTextUnclassified,evidence,textOnly,medium,false,unknown,,[],false,"[""localizedDescription"",""seasonalTalentDefinition""]","[""activeSeasonTalent"",""killEvent""]","[""runtimeIdBridge""]",true,[],Defeating an enemy instantly refreshes Phantom Execution CD.,"[{""sourceFile"":""probing-reports\\SeasonTalentNodeProbe.json""},{""sourceFile"":""probing-reports\\SeasonTalentNodeProbe.json""},{""sourceFile"":""probing-reports\\SeasonTalentNodeProbe.json""},{""sourceFile"":""probing-reports\\SeasonTalentNodeProbe.json""},{""sourceFile"":""probing-reports\\SeasonTalentNodeProbe.json""}]"
seasonalTalent,SeasonalTalentDescriptions.json,1110,Swift-Calc,seasonalTalent:1110:1,cooldownTextUnclassified,evidence,textOnly,medium,false,classSkill,,"[""crit"",""critDamage""]",true,"[""localizedDescription"",""seasonalTalentDefinition""]","[""activeSeasonTalent"",""damageEventCritFlag"",""finalCharacterStats"",""killEvent""]","[""runtimeIdBridge""]",true,"[{""value"":1,""unit"":"""",""raw"":""+1""},{""value"":0.5,""unit"":""seconds"",""raw"":""0.5s""},{""value"":0.5,""unit"":""seconds"",""raw"":""0.5s""}]","When non-Basic Attack Direct-DMG class skills deal Crit DMG, Phantom Execution trigger count +1, and internal CD −0.5s (up to once every 0.5s).","[{""sourceFile"":""probing-reports\\SeasonTalentNodeProbe.json""},{""sourceFile"":""probing-reports\\SeasonTalentNodeProbe.json""},{""sourceFile"":""probing-reports\\SeasonTalentNodeProbe.json""},{""sourceFile"":""probing-reports\\SeasonTalentNodeProbe.json""},{""sourceFile"":""probing-reports\\SeasonTalentNodeProbe.json""},{""sourceFile"":""probing-reports\\SeasonTalentNodeProbe.json""}]"
seasonalTalent,SeasonalTalentDescriptions.json,1201,Phantom Arrow,seasonalTalent:1201:1,flatCooldownReduce,flatReduceMs,eventEvidenceRequired,high,true,specialAttack,Phantom Arrow,[],false,"[""localizedDescription"",""seasonalTalentDefinition""]","[""activeSeasonTalent"",""skillCastEvent""]","[""controlledEncounterTriggerProof""]",true,"[{""value"":0.6,""unit"":""seconds"",""raw"":""0.6s""}]",Each use of Special Attack reduces internal CD of Phantom Arrow by 0.6s.,"[{""sourceFile"":""probing-reports\\SeasonTalentNodeProbe.json""},{""sourceFile"":""probing-reports\\SeasonTalentNodeProbe.json""},{""sourceFile"":""probing-reports\\SeasonTalentNodeProbe.json""},{""sourceFile"":""probing-reports\\SeasonTalentNodeProbe.json""}]"
seasonalTalent,SeasonalTalentDescriptions.json,1202,Dual Time,seasonalTalent:1202:1,percentCooldownReduce,pctReduce,eventEvidenceRequired,high,true,specialAttack,,[],false,"[""localizedDescription"",""seasonalTalentDefinition""]","[""activeSeasonTalent"",""skillCastEvent""]","[""controlledEncounterTriggerProof""]",true,"[{""value"":30,""unit"":""percent"",""raw"":""30%""}]","When Special Attack reduces Phantom Arrow CD, it has a fixed 30% chance to double the reduction.","[{""sourceFile"":""probing-reports\\SeasonTalentNodeProbe.json""},{""sourceFile"":""probing-reports\\SeasonTalentNodeProbe.json""},{""sourceFile"":""probing-reports\\SeasonTalentNodeProbe.json""},{""sourceFile"":""probing-reports\\SeasonTalentNodeProbe.json""},{""sourceFile"":""probing-reports\\SeasonTalentNodeProbe.json""}]"
seasonalTalent,SeasonalTalentDescriptions.json,1310,Grace,seasonalTalent:1310:1,hasteStat,hasteEvidence,attrOrBuffEvidence,medium,false,unknown,,"[""haste"",""mastery"",""lucky"",""crit""]",true,"[""localizedDescription"",""seasonalTalentDefinition""]","[""activeBuffStacks"",""activeSeasonTalent"",""damageEventCritFlag"",""finalCharacterStats""]","[""targetSkillScopeMapping""]",true,"[{""value"":4,""unit"":"""",""raw"":""4 ""},{""value"":5,""unit"":""percent"",""raw"":""5%""}]","When Mirage Dream reaches max stacks, boosts the highest stat among the 4 following stats (Crit, Haste, Luck, and Mastery) by 5%.","[{""sourceFile"":""probing-reports\\SeasonTalentNodeProbe.json""},{""sourceFile"":""probing-reports\\SeasonTalentNodeProbe.json""},{""sourceFile"":""probing-reports\\SeasonTalentNodeProbe.json""},{""sourceFile"":""probing-reports\\SeasonTalentNodeProbe.json""},{""sourceFile"":""probing-reports\\SeasonTalentNodeProbe.json""}]"
seasonalTalent,SeasonalTalentDescriptions.json,1410,Amplify - Rare,seasonalTalent:1410:1,hasteStat,hasteEvidence,attrOrBuffEvidence,medium,false,unknown,,"[""haste"",""mastery"",""lucky"",""crit""]",true,"[""localizedDescription"",""seasonalTalentDefinition""]","[""activeBuffState"",""activeSeasonTalent"",""damageEventCritFlag"",""finalCharacterStats""]","[""targetSkillScopeMapping""]",true,"[{""value"":4,""unit"":"""",""raw"":""4 ""},{""value"":3,""unit"":""percent"",""raw"":""3%""}]","While Dreamforce is active, boosts the highest stat among the 4 following stats (Crit, Haste, Luck, and Mastery) by 3%.","[{""sourceFile"":""probing-reports\\SeasonTalentNodeProbe.json""},{""sourceFile"":""probing-reports\\SeasonTalentNodeProbe.json""},{""sourceFile"":""probing-reports\\SeasonTalentNodeProbe.json""},{""sourceFile"":""probing-reports\\SeasonTalentNodeProbe.json""},{""sourceFile"":""probing-reports\\SeasonTalentNodeProbe.json""}]"
seasonalTalent,SeasonalTalentDescriptions.json,1608,Surge,seasonalTalent:1608:1,flatCooldownReduce,flatReduceMs,eventEvidenceRequired,high,true,unknown,Shattered Illusion,[],false,"[""localizedDescription"",""seasonalTalentDefinition""]","[""activeSeasonTalent"",""damageEvent""]","[""controlledEncounterTriggerProof"",""targetSkillScopeMapping""]",true,"[{""value"":0.5,""unit"":""seconds"",""raw"":""0.5s""}]","When hit, reduces Shattered Illusion CD by 0.5s (up to once per second).","[{""sourceFile"":""probing-reports\\SeasonTalentNodeProbe.json""},{""sourceFile"":""probing-reports\\SeasonTalentNodeProbe.json""},{""sourceFile"":""probing-reports\\SeasonTalentNodeProbe.json""},{""sourceFile"":""probing-reports\\SeasonTalentNodeProbe.json""},{""sourceFile"":""probing-reports\\SeasonTalentNodeProbe.json""}]"
seasonalTalent,SeasonalTalentDescriptions.json,1704,Swiftflow,seasonalTalent:1704:1,cooldownAcceleration,accelerate,activeBuffOrAttrCandidate,high,false,expertiseSkill,,[],false,"[""localizedDescription"",""seasonalTalentDefinition""]","[""activeBuffStacks"",""activeSeasonTalent"",""killEvent""]",[],true,"[{""value"":2.5,""unit"":""percent"",""raw"":""2.5%""}]",Each stack of Endless Mind grants your Expertise Skills a 2.5% CD Boost.,"[{""sourceFile"":""probing-reports\\SeasonTalentNodeProbe.json""},{""sourceFile"":""probing-reports\\SeasonTalentNodeProbe.json""},{""sourceFile"":""probing-reports\\SeasonTalentNodeProbe.json""},{""sourceFile"":""probing-reports\\SeasonTalentNodeProbe.json""},{""sourceFile"":""probing-reports\\SeasonTalentNodeProbe.json""},{""sourceFile"":""probing-reports\\SeasonTalentNodeProbe.json""}]"
seasonalTalent,SeasonalTalentDescriptions.json,1705,Resurge,seasonalTalent:1705:1,cooldownAcceleration,accelerate,activeBuffOrAttrCandidate,high,false,ultimateSkill,,[],false,"[""localizedDescription"",""seasonalTalentDefinition""]","[""activeSeasonTalent"",""killEvent""]",[],true,"[{""value"":15,""unit"":""percent"",""raw"":""15%""}]",Grants your Ultimate Skill a 15% CD Boost.,"[{""sourceFile"":""probing-reports\\SeasonTalentNodeProbe.json""},{""sourceFile"":""probing-reports\\SeasonTalentNodeProbe.json""},{""sourceFile"":""probing-reports\\SeasonTalentNodeProbe.json""},{""sourceFile"":""probing-reports\\SeasonTalentNodeProbe.json""},{""sourceFile"":""probing-reports\\SeasonTalentNodeProbe.json""}]"
seasonalTalent,SeasonalTalentDescriptions.json,5101,Torrent of Fate,seasonalTalent:5101:1,cooldownTextUnclassified,evidence,textOnly,medium,false,unknown,,"[""lucky""]",true,"[""localizedDescription"",""seasonalTalentDefinition""]","[""activeSeasonTalent"",""finalCharacterStats""]","[""runtimeIdBridge""]",true,"[{""value"":200,""unit"":""percent"",""raw"":""200%""},{""value"":0.5,""unit"":""seconds"",""raw"":""0.5s""}]","Start combat with the Epic ""Luck"" entry — Torrent of Fate: Grants the Luck effect, dealing AoE DMG equal to 200% ATK at the target location (CD: 0.5s).","[{""sourceFile"":""probing-reports\\SeasonTalentNodeProbe.json""},{""sourceFile"":""probing-reports\\SeasonTalentNodeProbe.json""},{""sourceFile"":""probing-reports\\SeasonTalentNodeProbe.json""},{""sourceFile"":""probing-reports\\SeasonTalentNodeProbe.json""}]"
seasonalTalent,SeasonalTalentDescriptions.json,5201,Imagine Acceleration,seasonalTalent:5201:1,cooldownAcceleration,accelerate,activeBuffOrAttrCandidate,high,false,battleImagine,,[],false,"[""localizedDescription"",""seasonalTalentDefinition""]","[""activeSeasonTalent""]",[],true,"[{""value"":80,""unit"":""percent"",""raw"":""80%""}]","Start combat with the Epic ""Imagine"" entry — Imagine Acceleration: Battle Imagine CD −80%.","[{""sourceFile"":""probing-reports\\SeasonTalentNodeProbe.json""},{""sourceFile"":""probing-reports\\SeasonTalentNodeProbe.json""},{""sourceFile"":""probing-reports\\SeasonTalentNodeProbe.json""},{""sourceFile"":""probing-reports\\SeasonTalentNodeProbe.json""}]"
seasonalTalent,SeasonalTalentDescriptions.json,5301,Coordinated Strike,seasonalTalent:5301:1,cooldownTextUnclassified,evidence,textOnly,medium,false,classSkill,,[],false,"[""localizedDescription"",""seasonalTalentDefinition""]","[""activeSeasonTalent"",""damageEvent"",""killEvent""]","[""runtimeIdBridge""]",true,"[{""value"":1,""unit"":""percent"",""raw"":""1%""},{""value"":10,""unit"":""percent"",""raw"":""10%""},{""value"":3,""unit"":""seconds"",""raw"":""3s""},{""value"":0.3,""unit"":""seconds"",""raw"":""0.3s""}]","Start combat with the Epic ""Team"" entry — Sync Strike: When your Class Skills deal damage, restores 1% HP to yourself and nearby allies and grants a 10% ATK bonus for 3s (CD: 0.3s).","[{""sourceFile"":""probing-reports\\SeasonTalentNodeProbe.json""},{""sourceFile"":""probing-reports\\SeasonTalentNodeProbe.json""},{""sourceFile"":""probing-reports\\SeasonTalentNodeProbe.json""},{""sourceFile"":""probing-reports\\SeasonTalentNodeProbe.json""}]"
seasonEffect,SeasonEffectDescriptions.json,997440,997440,seasonEffect:997440:1,cooldownTextUnclassified,evidence,textOnly,medium,false,unknown,,"[""lucky""]",true,"[""localizedDescription"",""seasonEffectDefinition""]","[""activeSeasonEffect"",""finalCharacterStats""]","[""runtimeIdBridge""]",true,"[{""value"":200,""unit"":""percent"",""raw"":""200%""},{""value"":0.5,""unit"":""seconds"",""raw"":""0.5s""}]","Start combat with the Epic ""Luck"" entry — Torrent of Fate: Grants the Luck effect, dealing AoE DMG equal to 200% ATK at the target location (CD: 0.5s).",[]
seasonEffect,SeasonEffectDescriptions.json,997470,997470,seasonEffect:997470:1,cooldownAcceleration,accelerate,activeBuffOrAttrCandidate,high,false,battleImagine,,[],false,"[""localizedDescription"",""seasonEffectDefinition""]","[""activeSeasonEffect""]",[],true,"[{""value"":80,""unit"":""percent"",""raw"":""80%""}]","Start combat with the Epic ""Imagine"" entry — Imagine Acceleration: Battle Imagine CD −80%.",[]
seasonEffect,SeasonEffectDescriptions.json,997510,997510,seasonEffect:997510:1,cooldownTextUnclassified,evidence,textOnly,medium,false,classSkill,,[],false,"[""localizedDescription"",""seasonEffectDefinition""]","[""activeSeasonEffect"",""damageEvent"",""killEvent""]","[""runtimeIdBridge""]",true,"[{""value"":1,""unit"":""percent"",""raw"":""1%""},{""value"":10,""unit"":""percent"",""raw"":""10%""},{""value"":3,""unit"":""seconds"",""raw"":""3s""},{""value"":0.3,""unit"":""seconds"",""raw"":""0.3s""}]","Start combat with the Epic ""Team"" entry — Sync Strike: When your Class Skills deal damage, restores 1% HP to yourself and nearby allies and grants a 10% ATK bonus for 3s (CD: 0.3s).",[]
seasonEffect,SeasonEffectDescriptions.json,2033000,2033000,seasonEffect:2033000:1,cooldownTextUnclassified,evidence,textOnly,medium,false,unknown,,[],false,"[""localizedDescription"",""seasonEffectDefinition""]","[""activeSeasonEffect""]","[""runtimeIdBridge""]",true,"[{""value"":60,""unit"":""seconds"",""raw"":""60s""}]",Restore of Max HP + HP (CD 60s),[]
seasonEffect,SeasonEffectDescriptions.json,2200140,2200140,seasonEffect:2200140:1,resetCooldown,reset,eventEvidenceRequired,high,true,unknown,Flash Strike and Raijin Dash,[],false,"[""localizedDescription"",""seasonEffectDefinition""]","[""activeSeasonEffect"",""killEvent""]","[""controlledEncounterTriggerProof"",""targetSkillScopeMapping""]",true,"[{""value"":10,""unit"":""percent"",""raw"":""10%""}]","When Iaido Slash and its enhanced skill (Thunder Cut) deal DMG, there is a fixed 10% chance to reset the remaining CD of Flash Strike and Raijin Dash.",[]
seasonEffect,SeasonEffectDescriptions.json,2200150,2200150,seasonEffect:2200150:1,flatCooldownReduce,flatReduceMs,eventEvidenceRequired,high,true,unknown,Oblivion Combo,[],false,"[""localizedDescription"",""seasonEffectDefinition""]","[""activeSeasonEffect""]","[""controlledEncounterTriggerProof"",""targetSkillScopeMapping""]",true,"[{""value"":1.5,""unit"":""seconds"",""raw"":""1.5s""}]","Each time Bladewind Domain deals DMG, reduces the CD of Oblivion Combo by 1.5s.",[]
seasonEffect,SeasonEffectDescriptions.json,2200370,2200370,seasonEffect:2200370:1,hasteStat,hasteEvidence,attrOrBuffEvidence,medium,false,unknown,,"[""haste""]",true,"[""localizedDescription"",""seasonEffectDefinition""]","[""activeSeasonEffect"",""finalCharacterStats""]","[""targetSkillScopeMapping""]",true,"[{""value"":1,""unit"":""percent"",""raw"":""1%""},{""value"":1,""unit"":""percent"",""raw"":""1%""}]",Each 1% Haste provides an additional 1% Attack SPD.,[]
seasonEffect,SeasonEffectDescriptions.json,2200410,2200410,seasonEffect:2200410:1,cooldownTextUnclassified,evidence,textOnly,medium,false,unknown,Volt Surge -0,[],false,"[""localizedDescription"",""seasonEffectDefinition""]","[""activeSeasonEffect""]","[""runtimeIdBridge""]",true,"[{""value"":5,""unit"":"""",""raw"":""5 ""},{""value"":-0.5,""unit"":""seconds"",""raw"":""-0.5s""}]","For every 5 Thunder Sigils consumed, the remaining CD of Volt Surge -0.5s.",[]
seasonEffect,SeasonEffectDescriptions.json,2200500,2200500,seasonEffect:2200500:1,percentCooldownReduce,pctReduce,activeBuffOrAttrCandidate,high,false,unknown,Overdrive,[],false,"[""localizedDescription"",""seasonEffectDefinition""]","[""activeSeasonEffect""]","[""targetSkillScopeMapping""]",true,"[{""value"":30,""unit"":""percent"",""raw"":""30%""}]",Reduces the CD of Overdrive by 30%.,[]
seasonEffect,SeasonEffectDescriptions.json,2200580,2200580,seasonEffect:2200580:1,hasteStat,hasteEvidence,attrOrBuffEvidence,medium,false,unknown,,"[""haste""]",true,"[""localizedDescription"",""seasonEffectDefinition""]","[""activeSeasonEffect"",""finalCharacterStats""]","[""targetSkillScopeMapping""]",true,"[{""value"":1,""unit"":""percent"",""raw"":""1%""},{""value"":1,""unit"":""percent"",""raw"":""1%""}]",Each 1% Haste increases the REG SPD of Blade Intent by 1%.,[]
seasonEffect,SeasonEffectDescriptions.json,2200630,2200630,seasonEffect:2200630:1,flatCooldownReduce,flatReduceMs,activeBuffOrAttrCandidate,high,false,unknown,Stormflash is reduced,[],false,"[""localizedDescription"",""seasonEffectDefinition""]","[""activeSeasonEffect""]","[""targetSkillScopeMapping""]",true,"[{""value"":2,""unit"":"""",""raw"":""2 ""},{""value"":0.7,""unit"":""seconds"",""raw"":""0.7s""}]","Every 2 times Thunderstrike is triggered, the CD of Stormflash is reduced by 0.7s.",[]
seasonEffect,SeasonEffectDescriptions.json,2200720,2200720,seasonEffect:2200720:1,percentCooldownReduce,pctReduce,activeBuffOrAttrCandidate,high,false,unknown,its,"[""haste""]",true,"[""localizedDescription"",""seasonEffectDefinition""]","[""activeSeasonEffect"",""finalCharacterStats""]","[""targetSkillScopeMapping""]",true,"[{""value"":2,""unit"":""percent"",""raw"":""2%""},{""value"":1,""unit"":""percent"",""raw"":""1%""}]",Each 2% Haste reduces its CD by 1%.,[]
seasonEffect,SeasonEffectDescriptions.json,2201210,2201210,seasonEffect:2201210:1,flatCooldownReduce,flatReduceMs,activeBuffOrAttrCandidate,high,false,unknown,Stoneform,[],false,"[""localizedDescription"",""seasonEffectDefinition""]","[""activeSeasonEffect""]","[""targetSkillScopeMapping""]",true,"[{""value"":1,""unit"":""seconds"",""raw"":""1s""}]",Each Sand Crystal consumed reduces the CD of Stoneform by 1s.,[]
seasonEffect,SeasonEffectDescriptions.json,2201350,2201350,seasonEffect:2201350:1,flatCooldownReduce,flatReduceMs,eventEvidenceRequired,high,true,unknown,Brave Bastion,[],false,"[""localizedDescription"",""seasonEffectDefinition""]","[""activeSeasonEffect""]","[""controlledEncounterTriggerProof"",""targetSkillScopeMapping""]",true,"[{""value"":3,""unit"":""seconds"",""raw"":""3s""}]","When Rageblow deals DMG, it reduces the CD of Brave Bastion by 3s.",[]
seasonEffect,SeasonEffectDescriptions.json,2202140,2202140,seasonEffect:2202140:1,flatCooldownReduce,flatReduceMs,eventEvidenceRequired,high,true,unknown,Infusion,[],false,"[""localizedDescription"",""seasonEffectDefinition""]","[""activeSeasonEffect""]","[""controlledEncounterTriggerProof"",""targetSkillScopeMapping""]",true,"[{""value"":1,""unit"":""seconds"",""raw"":""1s""}]","When Wild Bloom deals DMG, reduces the remaining CD of Infusion by 1s.",[]
seasonEffect,SeasonEffectDescriptions.json,2202140,2202140,seasonEffect:2202140:2,flatCooldownReduce,flatReduceMs,activeBuffOrAttrCandidate,high,false,unknown,,"[""lucky""]",true,"[""localizedDescription"",""seasonEffectDefinition""]","[""activeSeasonEffect"",""damageEventLuckyFlag"",""finalCharacterStats""]","[""targetSkillScopeMapping""]",true,"[{""value"":3,""unit"":""seconds"",""raw"":""3s""}]","If the DMG triggers a Lucky Strike, the remaining CD is reduced by 3s.",[]
seasonEffect,SeasonEffectDescriptions.json,2202160,2202160,seasonEffect:2202160:1,hasteStat,hasteEvidence,attrOrBuffEvidence,medium,false,unknown,,"[""haste""]",true,"[""localizedDescription"",""seasonEffectDefinition""]","[""activeSeasonEffect"",""finalCharacterStats""]","[""targetSkillScopeMapping""]",true,"[{""value"":10,""unit"":""percent"",""raw"":""+10%""}]","Grass Domain: While inside the Grass Domain, your Haste +10%.",[]
seasonEffect,SeasonEffectDescriptions.json,2202170,2202170,seasonEffect:2202170:1,percentCooldownReduce,pctReduce,eventEvidenceRequired,high,true,unknown,Blossom Charge and Nourish,[],false,"[""localizedDescription"",""seasonEffectDefinition""]","[""activeSeasonEffect"",""skillCastEvent""]","[""controlledEncounterTriggerProof"",""targetSkillScopeMapping""]",true,"[{""value"":40,""unit"":""percent"",""raw"":""40%""},{""value"":2,""unit"":""seconds"",""raw"":""2s""}]",Casting Life Bloom grants a 40% chance to reduce the remaining CD of Blossom Charge and Nourish by 2s.,[]
seasonEffect,SeasonEffectDescriptions.json,2202170,2202170,seasonEffect:2202170:2,percentCooldownReduce,pctReduce,eventEvidenceRequired,high,true,unknown,Fast Growth,[],false,"[""localizedDescription"",""seasonEffectDefinition""]","[""activeSeasonEffect"",""skillCastEvent""]","[""controlledEncounterTriggerProof"",""targetSkillScopeMapping""]",true,"[{""value"":50,""unit"":""percent"",""raw"":""50%""},{""value"":0.2,""unit"":""seconds"",""raw"":""0.2s""},{""value"":10,""unit"":""seconds"",""raw"":""10s""}]","Casting Life Bloom grants a 50% chance to reduce the remaining CD of Fast Growth by 0.2s, triggering at most once every 10s.",[]
seasonEffect,SeasonEffectDescriptions.json,2202170,2202170,seasonEffect:2202170:3,hasteStat,hasteEvidence,attrOrBuffEvidence,medium,false,unknown,,"[""haste""]",true,"[""localizedDescription"",""seasonEffectDefinition""]","[""activeSeasonEffect"",""finalCharacterStats""]","[""targetSkillScopeMapping""]",true,"[{""value"":20,""unit"":""percent"",""raw"":""20%""},{""value"":0.1,""unit"":""seconds"",""raw"":""0.1s""},{""value"":0.5,""unit"":""seconds"",""raw"":""0.5s""}]","Each 20% of Haste increases the CD reduction by 0.1s, up to a maximum of 0.5s.",[]
seasonEffect,SeasonEffectDescriptions.json,2202320,2202320,seasonEffect:2202320:1,percentCooldownReduce,pctReduce,eventEvidenceRequired,high,true,unknown,the Ultimate,[],false,"[""localizedDescription"",""seasonEffectDefinition""]","[""activeSeasonEffect""]","[""controlledEncounterTriggerProof"",""targetSkillScopeMapping""]",true,"[{""value"":30,""unit"":""percent"",""raw"":""30%""},{""value"":1,""unit"":""seconds"",""raw"":""1s""}]","When Infusion, Feral Seed, or Wild Bloom deals DMG, 30% chance to reduce the CD of the Ultimate by 1s, once per second.",[]
seasonEffect,SeasonEffectDescriptions.json,2202410,2202410,seasonEffect:2202410:1,hasteStat,hasteEvidence,attrOrBuffEvidence,medium,false,unknown,,"[""haste""]",true,"[""localizedDescription"",""seasonEffectDefinition""]","[""activeSeasonEffect"",""finalCharacterStats""]","[""targetSkillScopeMapping""]",true,"[{""value"":2,""unit"":""percent"",""raw"":""2%""},{""value"":1,""unit"":""percent"",""raw"":""1%""}]",Every 2% haste provides 1% energy natural recovery efficiency.,[]
seasonEffect,SeasonEffectDescriptions.json,2202510,2202510,seasonEffect:2202510:1,flatCooldownReduce,flatReduceMs,eventEvidenceRequired,high,true,unknown,Nature Ward,[],false,"[""localizedDescription"",""seasonEffectDefinition""]","[""activeSeasonEffect"",""skillCastEvent""]","[""controlledEncounterTriggerProof"",""targetSkillScopeMapping""]",true,"[{""value"":2,""unit"":""seconds"",""raw"":""2s""}]","Each use or trigger of Regen Pulse, reduces the CD of Nature Ward by 2s.",[]
seasonEffect,SeasonEffectDescriptions.json,2202530,2202530,seasonEffect:2202530:1,flatCooldownReduce,flatReduceMs,activeBuffOrAttrCandidate,high,false,unknown,Feral Seed,[],false,"[""localizedDescription"",""seasonEffectDefinition""]","[""activeSeasonEffect""]","[""targetSkillScopeMapping""]",true,"[{""value"":1,""unit"":""seconds"",""raw"":""1 s""}]","Each Regen Bud gained, reduces the CD of Feral Seed by 1 second.",[]
seasonEffect,SeasonEffectDescriptions.json,2202750,2202750,seasonEffect:2202750:1,cooldownTextUnclassified,evidence,textOnly,medium,false,unknown,,[],false,"[""localizedDescription"",""seasonEffectDefinition""]","[""activeSeasonEffect"",""healEvent"",""skillCastEvent""]","[""runtimeIdBridge""]",true,"[{""value"":5,""unit"":"""",""raw"":""5 ""},{""value"":100,""unit"":""percent"",""raw"":""100%""},{""value"":50,""unit"":""percent"",""raw"":""50%""},{""value"":15,""unit"":""seconds"",""raw"":""15s""}]",Every 5 uses of Life Bloom accelerates the using of Grove Wish or Regen Pulse by 100% and increases their Healing by 50% in 15s.,[]
seasonEffect,SeasonEffectDescriptions.json,2203020,2203020,seasonEffect:2203020:1,hasteStat,hasteEvidence,attrOrBuffEvidence,medium,false,unknown,,"[""agility"",""haste""]",true,"[""localizedDescription"",""seasonEffectDefinition""]","[""activeSeasonEffect"",""finalCharacterStats""]","[""targetSkillScopeMapping""]",true,"[{""value"":10,""unit"":"""",""raw"":""10 ""},{""value"":7,""unit"":"""",""raw"":""7 ""}]",Every 10 points of Agility provide 7 points of Haste.,[]
seasonEffect,SeasonEffectDescriptions.json,2203070,2203070,seasonEffect:2203070:1,hasteStat,hasteEvidence,attrOrBuffEvidence,medium,false,unknown,,"[""haste"",""crit"",""critDamage""]",true,"[""localizedDescription"",""seasonEffectDefinition""]","[""activeSeasonEffect"",""damageEventCritFlag"",""finalCharacterStats""]","[""targetSkillScopeMapping""]",true,"[{""value"":2,""unit"":""percent"",""raw"":""2%""},{""value"":10,""unit"":""seconds"",""raw"":""10s""}]","When the Wild Wolf deals Crit DMG, you and your Beast gain 2% Haste for 10s.",[]
seasonEffect,SeasonEffectDescriptions.json,2203070,2203070,seasonEffect:2203070:2,hasteStat,hasteEvidence,attrOrBuffEvidence,medium,false,unknown,,"[""haste""]",true,"[""localizedDescription"",""seasonEffectDefinition""]","[""activeSeasonEffect"",""finalCharacterStats""]","[""targetSkillScopeMapping""]",true,"[{""value"":35,""unit"":""percent"",""raw"":""35%""},{""value"":1,""unit"":""percent"",""raw"":""1%""},{""value"":0.2,""unit"":""percent"",""raw"":""0.2%""}]","When Haste exceeds 35%, every extra 1% of Haste grants 0.2% ATK.",[]
seasonEffect,SeasonEffectDescriptions.json,2203260,2203260,seasonEffect:2203260:1,hasteStat,hasteEvidence,attrOrBuffEvidence,medium,false,unknown,,"[""haste""]",true,"[""localizedDescription"",""seasonEffectDefinition""]","[""activeSeasonEffect"",""finalCharacterStats""]","[""targetSkillScopeMapping""]",true,[],"The Wild Wolf becomes empowered, and Haste allows both you and the wolf to attack more frequently.",[]
seasonEffect,SeasonEffectDescriptions.json,2203320,2203320,seasonEffect:2203320:1,hasteStat,hasteEvidence,attrOrBuffEvidence,medium,false,unknown,,"[""haste""]",true,"[""localizedDescription"",""seasonEffectDefinition""]","[""activeSeasonEffect"",""finalCharacterStats""]","[""targetSkillScopeMapping""]",true,"[{""value"":5,""unit"":""percent"",""raw"":""5%""},{""value"":1,""unit"":""percent"",""raw"":""1%""}]",Every 5% Haste provides an additional 1% attack speed.,[]
seasonEffect,SeasonEffectDescriptions.json,2203380,2203380,seasonEffect:2203380:1,cooldownTextUnclassified,evidence,textOnly,medium,false,unknown,Arrow Rain -0,[],false,"[""localizedDescription"",""seasonEffectDefinition""]","[""activeSeasonEffect""]","[""runtimeIdBridge""]",true,"[{""value"":1,""unit"":"""",""raw"":""1 ""},{""value"":-0.5,""unit"":""seconds"",""raw"":""-0.5s""}]","Each time you summon 1 Wolf or Phantom Wolf, the remaining CD of Arrow Rain -0.5s.",[]
seasonEffect,SeasonEffectDescriptions.json,2203400,2203400,seasonEffect:2203400:1,flatCooldownReduce,flatReduceMs,eventEvidenceRequired,high,true,unknown,Storm Arrow,[],false,"[""localizedDescription"",""seasonEffectDefinition""]","[""activeSeasonEffect"",""damageEvent""]","[""controlledEncounterTriggerProof"",""targetSkillScopeMapping""]",true,"[{""value"":1,""unit"":""seconds"",""raw"":""1s""}]",Wild Wolf's Coordinated Attack or Tail Sweep deals damage (triggers only once even when hitting multiple targets) and reduces the remaining CD of Storm Arrow by 1s.,[]
seasonEffect,SeasonEffectDescriptions.json,2203450,2203450,seasonEffect:2203450:1,percentCooldownReduce,pctReduce,eventEvidenceRequired,high,true,unknown,Wildcall,"[""haste""]",true,"[""localizedDescription"",""seasonEffectDefinition""]","[""activeSeasonEffect"",""finalCharacterStats""]","[""controlledEncounterTriggerProof"",""targetSkillScopeMapping""]",true,"[{""value"":0.4,""unit"":""seconds"",""raw"":""0.4s""},{""value"":30,""unit"":""percent"",""raw"":""30%""},{""value"":1,""unit"":""percent"",""raw"":""1%""},{""value"":0.005,""unit"":""seconds"",""raw"":""0.005s""},{""value"":0.8,""unit"":""seconds"",""raw"":""0.8s""}]","For each Lightseeker Arrow fired, reduces the remaining CD of Wildcall by 0.4s (when Haste exceeds 30%, each extra 1% Haste reduces an additional 0.005s, up to 0.8s).",[]
seasonEffect,SeasonEffectDescriptions.json,2203470,2203470,seasonEffect:2203470:1,percentCooldownReduce,pctReduce,activeBuffOrAttrCandidate,high,false,unknown,Storm Arrow,[],false,"[""localizedDescription"",""seasonEffectDefinition""]","[""activeBuffState"",""activeSeasonEffect""]","[""targetSkillScopeMapping""]",true,"[{""value"":50,""unit"":""percent"",""raw"":""50%""}]","While Photon Reforge is active, reduces Storm Arrow CD by 50%.",[]
seasonEffect,SeasonEffectDescriptions.json,2203550,2203550,seasonEffect:2203550:1,flatCooldownReduce,flatReduceMs,eventEvidenceRequired,high,true,specialAttack,Blast Shot and Powerdraw,"[""crit"",""critDamage""]",true,"[""localizedDescription"",""seasonEffectDefinition""]","[""activeSeasonEffect"",""damageEventCritFlag"",""finalCharacterStats"",""skillCastEvent""]","[""controlledEncounterTriggerProof""]",true,"[{""value"":1,""unit"":""seconds"",""raw"":""1 s""}]","When a Special Attack deals Crit DMG, reduces the remaining CD of Blast Shot and Powerdraw by 1 second.",[]
seasonEffect,SeasonEffectDescriptions.json,2203600,2203600,seasonEffect:2203600:1,cooldownAcceleration,accelerate,activeBuffOrAttrCandidate,high,false,unknown,Focus,"[""haste""]",true,"[""localizedDescription"",""seasonEffectDefinition""]","[""activeSeasonEffect"",""finalCharacterStats""]","[""targetSkillScopeMapping""]",true,"[{""value"":1,""unit"":""percent"",""raw"":""1%""},{""value"":1,""unit"":""percent"",""raw"":""1%""}]","Now, each 1% of Haste increases the CD Boost of Focus by 1%.",[]
seasonEffect,SeasonEffectDescriptions.json,2203640,2203640,seasonEffect:2203640:1,cooldownTextUnclassified,evidence,textOnly,medium,false,unknown,,[],false,"[""localizedDescription"",""seasonEffectDefinition""]","[""activeSeasonEffect""]","[""runtimeIdBridge""]",true,"[{""value"":-50,""unit"":""percent"",""raw"":""-50%""}]",Powerdraw CD -50%.,[]
seasonEffect,SeasonEffectDescriptions.json,2204130,2204130,seasonEffect:2204130:1,cooldownTextUnclassified,evidence,textOnly,medium,false,unknown,Crystal Veil -1s,[],false,"[""localizedDescription"",""seasonEffectDefinition""]","[""activeSeasonEffect""]","[""runtimeIdBridge""]",true,"[{""value"":25,""unit"":"""",""raw"":""25 ""},{""value"":-1,""unit"":""seconds"",""raw"":""-1s""}]","For every 25 Ice Energy consumed, the CD of Crystal Veil -1s.",[]
seasonEffect,SeasonEffectDescriptions.json,2204150,2204150,seasonEffect:2204150:1,resetCooldown,reset,eventEvidenceRequired,high,true,unknown,,"[""lucky"",""crit""]",true,"[""localizedDescription"",""seasonEffectDefinition""]","[""activeSeasonEffect"",""damageEventCritFlag"",""damageEventLuckyFlag"",""finalCharacterStats""]","[""controlledEncounterTriggerProof"",""targetSkillScopeMapping""]",true,[],"When Frost Lance triggers both a Crit and a Lucky Strike, Meteor Storm's CD is immediately reset.",[]
seasonEffect,SeasonEffectDescriptions.json,2204150,2204150,seasonEffect:2204150:2,cooldownTextUnclassified,evidence,textOnly,medium,false,unknown,,[],false,"[""localizedDescription"",""seasonEffectDefinition""]","[""activeSeasonEffect"",""damageEvent"",""skillCastEvent""]","[""runtimeIdBridge""]",true,[],"If Meteor Storm is already off cooldown, it will be automatically cast (but this Meteor Storm will deal half damage).",[]
seasonEffect,SeasonEffectDescriptions.json,2204170,2204170,seasonEffect:2204170:1,flatCooldownReduce,flatReduceMs,eventEvidenceRequired,high,true,unknown,Blizzard,[],false,"[""localizedDescription"",""seasonEffectDefinition""]","[""activeSeasonEffect""]","[""controlledEncounterTriggerProof"",""targetSkillScopeMapping""]",true,"[{""value"":1,""unit"":""seconds"",""raw"":""1s""}]","When Crystal Veil deals DMG, it has a fixed chance to reduce the CD of Blizzard by 1s.",[]
seasonEffect,SeasonEffectDescriptions.json,2204260,2204260,seasonEffect:2204260:1,hasteStat,hasteEvidence,attrOrBuffEvidence,medium,false,expertiseSkill,,"[""haste"",""mastery"",""lucky"",""crit""]",true,"[""localizedDescription"",""seasonEffectDefinition""]","[""activeSeasonEffect"",""damageEvent"",""damageEventCritFlag"",""finalCharacterStats"",""killEvent""]",[],true,"[{""value"":2,""unit"":""percent"",""raw"":""2%""},{""value"":5,""unit"":""seconds"",""raw"":""5s""}]","Each additional target hit by an Expertise Skill or Ultimate grants a 2% bonus to your highest stat among Mastery, Haste, Crit, or Luck for 5s.",[]
seasonEffect,SeasonEffectDescriptions.json,2204270,2204270,seasonEffect:2204270:1,flatCooldownReduce,flatReduceMs,activeBuffOrAttrCandidate,high,false,unknown,Meteor Storm and Frozen Gale,[],false,"[""localizedDescription"",""seasonEffectDefinition""]","[""activeSeasonEffect""]","[""targetSkillScopeMapping""]",true,"[{""value"":35,""unit"":"""",""raw"":""35 ""},{""value"":1.3,""unit"":""seconds"",""raw"":""1.3s""}]",Every 35 Ice Energy consumed reduces the remaining CD of Meteor Storm and Frozen Gale by 1.3s.,[]
seasonEffect,SeasonEffectDescriptions.json,2204280,2204280,seasonEffect:2204280:1,hasteStat,hasteEvidence,attrOrBuffEvidence,medium,false,unknown,,"[""haste""]",true,"[""localizedDescription"",""seasonEffectDefinition""]","[""activeSeasonEffect"",""finalCharacterStats""]","[""targetSkillScopeMapping""]",true,"[{""value"":1,""unit"":""percent"",""raw"":""1%""},{""value"":1,""unit"":""percent"",""raw"":""1%""}]",Every 1% Haste increases Ice Energy's auto REG SPD by 1%.,[]
seasonEffect,SeasonEffectDescriptions.json,2204330,2204330,seasonEffect:2204330:1,cooldownTextUnclassified,evidence,textOnly,medium,false,unknown,,[],false,"[""localizedDescription"",""seasonEffectDefinition""]","[""activeSeasonEffect"",""killEvent""]","[""runtimeIdBridge""]",true,"[{""value"":300,""unit"":"""",""raw"":""300""},{""value"":-10,""unit"":""percent"",""raw"":""-10%""}]","When Intellect reaches 300, skill CD -10%.",[]
seasonEffect,SeasonEffectDescriptions.json,2204340,2204340,seasonEffect:2204340:1,hasteStat,hasteEvidence,attrOrBuffEvidence,medium,false,unknown,,"[""versatility"",""haste"",""mastery"",""lucky"",""crit""]",true,"[""localizedDescription"",""seasonEffectDefinition""]","[""activeSeasonEffect"",""damageEventCritFlag"",""finalCharacterStats""]","[""targetSkillScopeMapping""]",true,"[{""value"":5,""unit"":""seconds"",""raw"":""5 s""},{""value"":3.5,""unit"":""percent"",""raw"":""3.5%""}]","Boost the highest stat among the following 5 stats: Crit, Haste, Luck, Mastery, and Versatility by 3.5% as a final value.",[]
seasonEffect,SeasonEffectDescriptions.json,2204370,2204370,seasonEffect:2204370:1,cooldownTextUnclassified,evidence,textOnly,medium,false,unknown,,[],false,"[""localizedDescription"",""seasonEffectDefinition""]","[""activeSeasonEffect""]","[""runtimeIdBridge""]",true,"[{""value"":10,""unit"":""seconds"",""raw"":""10s""},{""value"":150,""unit"":""percent"",""raw"":""150%""}]","Endless Cold: For 10s, increases Meteor Storm DMG by 150%, and removes its CD and Ice Energy cost.",[]
seasonEffect,SeasonEffectDescriptions.json,2204640,2204640,seasonEffect:2204640:1,hasteStat,hasteEvidence,attrOrBuffEvidence,medium,false,unknown,,"[""haste""]",true,"[""localizedDescription"",""seasonEffectDefinition""]","[""activeSeasonEffect"",""finalCharacterStats""]","[""targetSkillScopeMapping""]",true,"[{""value"":2500,""unit"":"""",""raw"":""2500""}]",Increases Haste by 2500.,[]
seasonEffect,SeasonEffectDescriptions.json,2205010,2205010,seasonEffect:2205010:1,flatCooldownReduce,flatReduceMs,activeBuffOrAttrCandidate,high,false,unknown,"Spiral Thrust, Breach Pursuit, and Falcon Toss",[],false,"[""localizedDescription"",""seasonEffectDefinition""]","[""activeSeasonEffect""]","[""targetSkillScopeMapping""]",true,"[{""value"":50,""unit"":"""",""raw"":""50 ""},{""value"":1,""unit"":""seconds"",""raw"":""1s""}]","Every 50 points of Courage consumed reduces the CD of Spiral Thrust, Breach Pursuit, and Falcon Toss by 1s.",[]
seasonEffect,SeasonEffectDescriptions.json,2205270,2205270,seasonEffect:2205270:1,hasteStat,hasteEvidence,attrOrBuffEvidence,medium,false,unknown,,"[""haste""]",true,"[""localizedDescription"",""seasonEffectDefinition""]","[""activeBuffStacks"",""activeSeasonEffect"",""finalCharacterStats""]","[""targetSkillScopeMapping""]",true,"[{""value"":1,""unit"":""percent"",""raw"":""1%""},{""value"":2,""unit"":""percent"",""raw"":""2%""},{""value"":5,""unit"":""seconds"",""raw"":""5s""},{""value"":5,""unit"":"""",""raw"":""5 ""}]","Consuming Courage increases Haste by 1% and Speed by 2% for 5s, stacking up to 5 times.",[]
seasonEffect,SeasonEffectDescriptions.json,2205300,2205300,seasonEffect:2205300:1,flatCooldownReduce,flatReduceMs,activeBuffOrAttrCandidate,high,false,expertiseSkill,Expertise skills,[],false,"[""localizedDescription"",""seasonEffectDefinition""]","[""activeSeasonEffect"",""killEvent""]",[],true,[],Maximize Courage gain and expenditure to reduce the CD of Expertise skills.,[]
seasonEffect,SeasonEffectDescriptions.json,2205300,2205300,seasonEffect:2205300:2,hasteStat,hasteEvidence,attrOrBuffEvidence,medium,false,expertiseSkill,,"[""haste""]",true,"[""localizedDescription"",""seasonEffectDefinition""]","[""activeSeasonEffect"",""finalCharacterStats"",""killEvent"",""skillCastEvent""]",[],true,[],Haste increases Courage generation and the casting speed of core Expertise skills.,[]
seasonEffect,SeasonEffectDescriptions.json,2205330,2205330,seasonEffect:2205330:1,hasteStat,hasteEvidence,attrOrBuffEvidence,medium,false,unknown,,"[""haste""]",true,"[""localizedDescription"",""seasonEffectDefinition""]","[""activeSeasonEffect"",""finalCharacterStats""]","[""targetSkillScopeMapping""]",true,"[{""value"":1,""unit"":""percent"",""raw"":""1%""},{""value"":1,""unit"":""percent"",""raw"":""1%""}]",Each 1% Haste provides an additional 1% Attack Speed.,[]
seasonEffect,SeasonEffectDescriptions.json,2205370,2205370,seasonEffect:2205370:1,cooldownTextUnclassified,evidence,textOnly,medium,false,unknown,,[],false,"[""localizedDescription"",""seasonEffectDefinition""]","[""activeSeasonEffect"",""skillCastEvent""]","[""runtimeIdBridge""]",true,"[{""value"":15,""unit"":""seconds"",""raw"":""15s""}]","Within 15s after Casting the Ultimate, Casting Breach Pursuit will not start CD.",[]
seasonEffect,SeasonEffectDescriptions.json,2205390,2205390,seasonEffect:2205390:1,cooldownAcceleration,accelerate,eventEvidenceRequired,high,true,unknown,,[],false,"[""localizedDescription"",""seasonEffectDefinition""]","[""activeSeasonEffect"",""skillCastEvent""]","[""controlledEncounterTriggerProof"",""targetSkillScopeMapping""]",true,"[{""value"":30,""unit"":""seconds"",""raw"":""30s""}]","When Sharp reaches full amount and the caster is in combat, enters Vigor Spike state, effective up to once every 30s (affected by CD Boost stats).",[]
seasonEffect,SeasonEffectDescriptions.json,2205460,2205460,seasonEffect:2205460:1,hasteStat,hasteEvidence,attrOrBuffEvidence,medium,false,unknown,,"[""haste""]",true,"[""localizedDescription"",""seasonEffectDefinition""]","[""activeSeasonEffect"",""finalCharacterStats""]","[""targetSkillScopeMapping""]",true,"[{""value"":1,""unit"":""percent"",""raw"":""1%""},{""value"":2,""unit"":""percent"",""raw"":""2%""}]",Each 1% Haste accelerates the REG SPD of Courage by 2%.,[]
seasonEffect,SeasonEffectDescriptions.json,2205490,2205490,seasonEffect:2205490:1,flatCooldownReduce,flatReduceMs,eventEvidenceRequired,high,true,unknown,Ultimate,[],false,"[""localizedDescription"",""seasonEffectDefinition""]","[""activeSeasonEffect"",""damageEvent""]","[""controlledEncounterTriggerProof"",""targetSkillScopeMapping""]",true,"[{""value"":0.5,""unit"":""seconds"",""raw"":""0.5s""}]","When Valor Cyclone deals DMG, reduces the CD of Ultimate by 0.5s (which can only be triggers once on multiple hits).",[]
seasonEffect,SeasonEffectDescriptions.json,2205500,2205500,seasonEffect:2205500:1,hasteStat,hasteEvidence,attrOrBuffEvidence,medium,false,unknown,,"[""haste""]",true,"[""localizedDescription"",""seasonEffectDefinition""]","[""activeSeasonEffect"",""finalCharacterStats"",""skillCastEvent""]","[""targetSkillScopeMapping""]",true,"[{""value"":25,""unit"":""percent"",""raw"":""25%""},{""value"":10,""unit"":""seconds"",""raw"":""10s""}]","Using Vortex Strike, increases Haste by 25% for 10s.",[]
seasonEffect,SeasonEffectDescriptions.json,2205510,2205510,seasonEffect:2205510:1,hasteStat,hasteEvidence,attrOrBuffEvidence,medium,false,unknown,,"[""haste"",""crit"",""critDamage""]",true,"[""localizedDescription"",""seasonEffectDefinition""]","[""activeSeasonEffect"",""damageEventCritFlag"",""finalCharacterStats""]","[""targetSkillScopeMapping""]",true,"[{""value"":1,""unit"":""percent"",""raw"":""1%""},{""value"":0.5,""unit"":""percent"",""raw"":""0.5%""}]",Each 1% Haste grants 0.5% Crit DMG for Drake Cannon and Vortex Strike.,[]
seasonEffect,SeasonEffectDescriptions.json,2205550,2205550,seasonEffect:2205550:1,flatCooldownReduce,flatReduceMs,eventEvidenceRequired,high,true,unknown,Falcon Toss,[],false,"[""localizedDescription"",""seasonEffectDefinition""]","[""activeSeasonEffect"",""damageEvent""]","[""controlledEncounterTriggerProof"",""targetSkillScopeMapping""]",true,"[{""value"":2,""unit"":""seconds"",""raw"":""2s""}]",Spear Thrust reduces the CD of Falcon Toss by 2s (which can only be triggers once on multiple hits).,[]
seasonEffect,SeasonEffectDescriptions.json,2206040,2206040,seasonEffect:2206040:1,cooldownTextUnclassified,evidence,textOnly,medium,false,unknown,30s,[],false,"[""localizedDescription"",""seasonEffectDefinition""]","[""activeSeasonEffect"",""skillCastEvent""]","[""runtimeIdBridge""]",true,"[{""value"":30,""unit"":""seconds"",""raw"":""30s""}]","Casting Judgment generates a Divine Circle, with a CD of 30s.",[]
seasonEffect,SeasonEffectDescriptions.json,2206040,2206040,seasonEffect:2206040:2,flatCooldownReduce,flatReduceMs,activeBuffOrAttrCandidate,high,false,unknown,remaining,[],false,"[""localizedDescription"",""seasonEffectDefinition""]","[""activeSeasonEffect""]","[""targetSkillScopeMapping""]",true,"[{""value"":1,""unit"":""seconds"",""raw"":""1s""}]",Each Holy Sigil consumed reduces the remaining CD by 1s.,[]
seasonEffect,SeasonEffectDescriptions.json,2206060,2206060,seasonEffect:2206060:1,hasteStat,hasteEvidence,attrOrBuffEvidence,medium,false,unknown,,"[""haste""]",true,"[""localizedDescription"",""seasonEffectDefinition""]","[""activeSeasonEffect"",""finalCharacterStats""]","[""targetSkillScopeMapping""]",true,"[{""value"":1,""unit"":""percent"",""raw"":""1%""},{""value"":1,""unit"":""percent"",""raw"":""1%""}]",Each 1% Haste increases the recovery speed of Holy Sigil by 1%.,[]
seasonEffect,SeasonEffectDescriptions.json,2206140,2206140,seasonEffect:2206140:1,cooldownTextUnclassified,evidence,textOnly,medium,false,unknown,Aegis Ward -1 second,[],false,"[""localizedDescription"",""seasonEffectDefinition""]","[""activeSeasonEffect""]","[""runtimeIdBridge""]",true,"[{""value"":2,""unit"":"""",""raw"":""2 ""},{""value"":-1,""unit"":""seconds"",""raw"":""-1 s""}]","For every 2 Holy Sigils consumed, the remaining CD of Aegis Ward -1 second.",[]
seasonEffect,SeasonEffectDescriptions.json,2206160,2206160,seasonEffect:2206160:1,flatCooldownReduce,flatReduceMs,eventEvidenceRequired,high,true,unknown,Aegis Ward's remaining,[],false,"[""localizedDescription"",""seasonEffectDefinition""]","[""activeSeasonEffect""]","[""controlledEncounterTriggerProof"",""targetSkillScopeMapping""]",true,"[{""value"":0.5,""unit"":""seconds"",""raw"":""0.5s""}]","When attacked, reduces Aegis Ward's remaining CD by 0.5s.",[]
seasonEffect,SeasonEffectDescriptions.json,2206220,2206220,seasonEffect:2206220:1,hasteStat,hasteEvidence,attrOrBuffEvidence,medium,false,unknown,,"[""haste""]",true,"[""localizedDescription"",""seasonEffectDefinition""]","[""activeSeasonEffect"",""finalCharacterStats""]","[""targetSkillScopeMapping""]",true,"[{""value"":100,""unit"":""percent"",""raw"":""+100%""}]",The recovery rate of Holy Sigils from Haste +100%.,[]
seasonEffect,SeasonEffectDescriptions.json,2206290,2206290,seasonEffect:2206290:1,hasteStat,hasteEvidence,attrOrBuffEvidence,medium,false,unknown,,"[""haste""]",true,"[""localizedDescription"",""seasonEffectDefinition""]","[""activeSeasonEffect"",""finalCharacterStats""]","[""targetSkillScopeMapping""]",true,"[{""value"":1,""unit"":""percent"",""raw"":""1%""},{""value"":1,""unit"":""percent"",""raw"":""1%""},{""value"":50,""unit"":""percent"",""raw"":""50%""}]",Every 1% of Haste reduces the trigger interval by 1% (up to 50%).,[]
seasonEffect,SeasonEffectDescriptions.json,2206350,2206350,seasonEffect:2206350:1,cooldownTextUnclassified,evidence,textOnly,medium,false,unknown,,[],false,"[""localizedDescription"",""seasonEffectDefinition""]","[""activeSeasonEffect"",""damageEvent""]","[""runtimeIdBridge""]",true,"[{""value"":1,""unit"":"""",""raw"":""1 ""}]","When Condemn deals damage, it immediately cools down 1 Holy Sigil (prioritizing the Holy Sigil with the longest remaining CD).",[]
seasonEffect,SeasonEffectDescriptions.json,2206390,2206390,seasonEffect:2206390:1,resetCooldown,reset,eventEvidenceRequired,high,true,expertiseSkill,,"[""crit"",""critDamage""]",true,"[""localizedDescription"",""seasonEffectDefinition""]","[""activeSeasonEffect"",""damageEventCritFlag"",""finalCharacterStats"",""killEvent""]","[""controlledEncounterTriggerProof""]",true,"[{""value"":50,""unit"":""percent"",""raw"":""50%""},{""value"":1,""unit"":"""",""raw"":""1 ""}]","During Aegis Ward, when an Expertise Skill deals Crit DMG, there's a 50% fixed chance to instantly reset 1 Holy Sigil CD (prioritizing Holy Sigil with the longest remaining CD).",[]
seasonEffect,SeasonEffectDescriptions.json,2206540,2206540,seasonEffect:2206540:1,hasteStat,hasteEvidence,attrOrBuffEvidence,medium,false,unknown,,"[""haste""]",true,"[""localizedDescription"",""seasonEffectDefinition""]","[""activeBuffStacks"",""activeSeasonEffect"",""finalCharacterStats""]","[""targetSkillScopeMapping""]",true,"[{""value"":3,""unit"":""percent"",""raw"":""3%""},{""value"":10,""unit"":""seconds"",""raw"":""10s""},{""value"":10,""unit"":"""",""raw"":""10 ""}]","Bold Fearless: Increases Haste by 3% for 10s, stacking up to 10 times.",[]
seasonEffect,SeasonEffectDescriptions.json,2206580,2206580,seasonEffect:2206580:1,cooldownTextUnclassified,evidence,textOnly,medium,false,unknown,Zeal Crusade -1 second,[],false,"[""localizedDescription"",""seasonEffectDefinition""]","[""activeSeasonEffect""]","[""runtimeIdBridge""]",true,"[{""value"":15,""unit"":"""",""raw"":""15 ""},{""value"":-1,""unit"":""seconds"",""raw"":""-1 s""}]","For every 15 points of Photon Energy consumed, the remaining CD of Zeal Crusade -1 second.",[]
seasonEffect,SeasonEffectDescriptions.json,2206660,2206660,seasonEffect:2206660:1,flatCooldownReduce,flatReduceMs,eventEvidenceRequired,high,true,unknown,Radiance,[],false,"[""localizedDescription"",""seasonEffectDefinition""]","[""activeBuffStacks"",""activeSeasonEffect""]","[""controlledEncounterTriggerProof"",""targetSkillScopeMapping""]",true,"[{""value"":1,""unit"":""seconds"",""raw"":""1 s""},{""value"":1,""unit"":""seconds"",""raw"":""1 s""}]","Each time 1 stack of Lightforged Barrier is consumed or deducted, reduces the remaining CD of Radiance by 1 second.",[]
seasonEffect,SeasonEffectDescriptions.json,2207090,2207090,seasonEffect:2207090:1,cooldownTextUnclassified,evidence,textOnly,medium,false,unknown,,[],false,"[""localizedDescription"",""seasonEffectDefinition""]","[""activeSeasonEffect"",""healEvent"",""skillCastEvent""]","[""runtimeIdBridge""]",true,[],Heroic Melody enhances healing while consecutive Fierce Strikes accelerate Harmonic Anthem casting frequency.,[]
seasonEffect,SeasonEffectDescriptions.json,2207110,2207110,seasonEffect:2207110:1,hasteStat,hasteEvidence,attrOrBuffEvidence,medium,false,unknown,,"[""haste""]",true,"[""localizedDescription"",""seasonEffectDefinition""]","[""activeSeasonEffect"",""finalCharacterStats""]","[""targetSkillScopeMapping""]",true,"[{""value"":0.6,""unit"":"""",""raw"":""0.6""}]","While in Rhapsody of Flame, ATK increases by Haste % x 0.6.",[]
seasonEffect,SeasonEffectDescriptions.json,2207170,2207170,seasonEffect:2207170:1,resetCooldown,reset,eventEvidenceRequired,high,true,unknown,,"[""lucky""]",true,"[""localizedDescription"",""seasonEffectDefinition""]","[""activeSeasonEffect"",""damageEventLuckyFlag"",""finalCharacterStats"",""skillCastEvent""]","[""controlledEncounterTriggerProof"",""targetSkillScopeMapping""]",true,"[{""value"":10,""unit"":""seconds"",""raw"":""10s""}]","When Harmonic Anthem or Fierce Strike triggers a Lucky Strike, limited to a single activation when striking multiple targets, immediately resets Rhapsody of Flame's CD and allows Rhapsody of Flame not to consume Performance Passion for 10s, this effect is nullified upon casting Rhapsody of Flame.",[]
seasonEffect,SeasonEffectDescriptions.json,2207180,2207180,seasonEffect:2207180:1,flatCooldownReduce,flatReduceMs,activeBuffOrAttrCandidate,high,false,unknown,Fivefold Crescendo and Passion Burst,[],false,"[""localizedDescription"",""seasonEffectDefinition""]","[""activeBuffState"",""activeSeasonEffect"",""healEvent""]","[""targetSkillScopeMapping""]",true,"[{""value"":1,""unit"":""seconds"",""raw"":""1 s""}]","While Healing Melody is active, reduces the remaining CD of Fivefold Crescendo and Passion Burst by 1 second per second.",[]
seasonEffect,SeasonEffectDescriptions.json,2207350,2207350,seasonEffect:2207350:1,hasteStat,hasteEvidence,attrOrBuffEvidence,medium,false,unknown,,"[""haste""]",true,"[""localizedDescription"",""seasonEffectDefinition""]","[""activeSeasonEffect"",""finalCharacterStats""]","[""targetSkillScopeMapping""]",true,"[{""value"":1,""unit"":""percent"",""raw"":""1%""},{""value"":1,""unit"":""percent"",""raw"":""1%""}]",Each 1% Haste increases the REG SPD of Performance Passion by 1%.,[]
seasonEffect,SeasonEffectDescriptions.json,2207430,2207430,seasonEffect:2207430:1,hasteStat,hasteEvidence,attrOrBuffEvidence,medium,false,unknown,,"[""haste""]",true,"[""localizedDescription"",""seasonEffectDefinition""]","[""activeSeasonEffect"",""finalCharacterStats""]","[""targetSkillScopeMapping""]",true,"[{""value"":350,""unit"":""percent"",""raw"":""350%""},{""value"":3,""unit"":""seconds"",""raw"":""3s""}]","When Heroic Melody is active, Rhapsody of Flame will erupt, dealing Magic DMG equal to 350% ATK every 3s to targets it touches (DMG interval affected by Haste).",[]
seasonEffect,SeasonEffectDescriptions.json,2207500,2207500,seasonEffect:2207500:1,flatCooldownReduce,flatReduceMs,activeBuffOrAttrCandidate,high,false,unknown,Center Stage,[],false,"[""localizedDescription"",""seasonEffectDefinition""]","[""activeSeasonEffect""]","[""targetSkillScopeMapping""]",true,"[{""value"":1,""unit"":""seconds"",""raw"":""1 s""}]",Each Performance Passion consumed reduces the CD of Center Stage by 1 second.,[]
seasonEffect,SeasonEffectDescriptions.json,2207570,2207570,seasonEffect:2207570:1,hasteStat,hasteEvidence,attrOrBuffEvidence,medium,false,unknown,,"[""haste""]",true,"[""localizedDescription"",""seasonEffectDefinition""]","[""activeBuffState"",""activeSeasonEffect"",""finalCharacterStats"",""healEvent"",""skillCastEvent""]","[""targetSkillScopeMapping""]",true,"[{""value"":10,""unit"":""percent"",""raw"":""10%""},{""value"":0.4,""unit"":"""",""raw"":""0.4""},{""value"":-30,""unit"":""percent"",""raw"":""-30%""}]","While Healing Melody is active, reduces the caster's DMG taken by (10% + Haste % x 0.4) (max -30%).",[]
seasonEffect,SeasonEffectDescriptions.json,2207640,2207640,seasonEffect:2207640:1,flatCooldownReduce,flatReduceMs,activeBuffOrAttrCandidate,high,false,unknown,Expertise,[],false,"[""localizedDescription"",""seasonEffectDefinition""]","[""activeSeasonEffect""]","[""targetSkillScopeMapping""]",true,"[{""value"":1,""unit"":""seconds"",""raw"":""1 s""}]",Each trigger of Encore Strings reduces the remaining CD of Expertise by 1 second.,[]
seasonEffect,SeasonEffectDescriptions.json,2208020,2208020,seasonEffect:2208020:1,hasteStat,hasteEvidence,attrOrBuffEvidence,medium,false,unknown,,"[""haste""]",true,"[""localizedDescription"",""seasonEffectDefinition""]","[""activeSeasonEffect"",""finalCharacterStats""]","[""targetSkillScopeMapping""]",true,"[{""value"":1,""unit"":""percent"",""raw"":""1%""},{""value"":1,""unit"":""percent"",""raw"":""1%""}]",Each 1% Haste provides an additional 1% Attack SPD.,[]
seasonEffect,SeasonEffectDescriptions.json,2208130,2208130,seasonEffect:2208130:1,cooldownTextUnclassified,evidence,textOnly,medium,false,unknown,,[],false,"[""localizedDescription"",""seasonEffectDefinition""]","[""activeSeasonEffect""]","[""runtimeIdBridge""]",true,"[{""value"":8,""unit"":""seconds"",""raw"":""8s""},{""value"":1,""unit"":"""",""raw"":""1 ""},{""value"":2,""unit"":""percent"",""raw"":""2%""}]","During its 8s duration, each 1 level grants Blazing Assault, Rage Cleave, and Axe Wind a 2% CD Speed increase.",[]
seasonEffect,SeasonEffectDescriptions.json,2208130,2208130,seasonEffect:2208130:2,cooldownAcceleration,accelerate,activeBuffOrAttrCandidate,high,false,expertiseSkill,,[],false,"[""localizedDescription"",""seasonEffectDefinition""]","[""activeSeasonEffect"",""killEvent""]",[],true,[],"Trigger Formless effects to accelerate CDs, chain Blazing Assault to boost Expertise Skill DMG, and combine with the core Formless Flame Slash mechanic to deal massive combo DMG.",[]
seasonEffect,SeasonEffectDescriptions.json,2208160,2208160,seasonEffect:2208160:1,flatCooldownReduce,flatReduceMs,eventEvidenceRequired,high,true,unknown,"the skill with the longest current CD among Blazing Assault, Rage Cleave, and Axe Wind is reduced",[],false,"[""localizedDescription"",""seasonEffectDefinition""]","[""activeSeasonEffect"",""killEvent""]","[""controlledEncounterTriggerProof"",""targetSkillScopeMapping""]",true,"[{""value"":1.5,""unit"":""seconds"",""raw"":""1.5s""}]","When Formless is obtained, the remaining CD of the skill with the longest current CD among Blazing Assault, Rage Cleave, and Axe Wind is reduced by 1.5s.",[]
seasonEffect,SeasonEffectDescriptions.json,2208380,2208380,seasonEffect:2208380:1,flatCooldownReduce,flatReduceMs,eventEvidenceRequired,high,true,unknown,Wasteland's End is reduced,[],false,"[""localizedDescription"",""seasonEffectDefinition""]","[""activeSeasonEffect""]","[""controlledEncounterTriggerProof"",""targetSkillScopeMapping""]",true,"[{""value"":0.5,""unit"":""seconds"",""raw"":""0.5s""},{""value"":0.5,""unit"":""seconds"",""raw"":""0.5s""},{""value"":5,""unit"":""seconds"",""raw"":""5s""}]","When Formless is obtained, the remaining CD of Wasteland's End is reduced by 0.5s or its duration is extended by 0.5s (total extended duration cannot exceed 5s).",[]
seasonEffect,SeasonEffectDescriptions.json,2208490,2208490,seasonEffect:2208490:1,cooldownAcceleration,accelerate,activeBuffOrAttrCandidate,high,false,expertiseSkill,,"[""haste""]",true,"[""localizedDescription"",""seasonEffectDefinition""]","[""activeSeasonEffect"",""finalCharacterStats"",""killEvent""]",[],true,"[{""value"":1,""unit"":""percent"",""raw"":""1%""},{""value"":0.5,""unit"":""percent"",""raw"":""0.5%""}]",Every 1% Haste grants 0.5% Expertise Skill CD Boost.,[]
seasonEffect,SeasonEffectDescriptions.json,2208650,2208650,seasonEffect:2208650:1,hasteStat,hasteEvidence,attrOrBuffEvidence,medium,false,unknown,,"[""haste""]",true,"[""localizedDescription"",""seasonEffectDefinition""]","[""activeBuffStacks"",""activeSeasonEffect"",""finalCharacterStats""]","[""targetSkillScopeMapping""]",true,"[{""value"":12,""unit"":""percent"",""raw"":""12%""},{""value"":2.5,""unit"":"""",""raw"":""2.5 ""},{""value"":1,""unit"":""seconds"",""raw"":""1 s""}]","When Wildfire Dance deals DMG, there is a fixed chance of 12% + Haste% / 2.5 to gain 1 stack of Crimson Bloodline.",[]
seasonEffect,SeasonEffectDescriptions.json,2208670,2208670,seasonEffect:2208670:1,percentCooldownReduce,pctReduce,activeBuffOrAttrCandidate,high,false,unknown,Endless Hellfire,[],false,"[""localizedDescription"",""seasonEffectDefinition""]","[""activeSeasonEffect""]","[""targetSkillScopeMapping""]",true,"[{""value"":15,""unit"":""percent"",""raw"":""15%""},{""value"":0.5,""unit"":""seconds"",""raw"":""0.5s""}]",Every 15% Crimson Soul Gauge charged reduces the remaining CD of Endless Hellfire by 0.5s.,[]
seasonEffect,SeasonEffectDescriptions.json,2208670,2208670,seasonEffect:2208670:2,hasteStat,hasteEvidence,attrOrBuffEvidence,medium,false,unknown,,"[""haste""]",true,"[""localizedDescription"",""seasonEffectDefinition""]","[""activeSeasonEffect"",""finalCharacterStats""]","[""targetSkillScopeMapping""]",true,"[{""value"":10,""unit"":""percent"",""raw"":""10%""},{""value"":0.1,""unit"":""seconds"",""raw"":""0.1s""},{""value"":1,""unit"":""seconds"",""raw"":""1s""}]","Every 10% of Haste reduces it by an additional 0.1s, up to 1s.",[]
seasonEffect,SeasonEffectDescriptions.json,2301420,2301420,seasonEffect:2301420:1,hasteStat,hasteEvidence,attrOrBuffEvidence,medium,false,classSkill,,"[""haste""]",true,"[""localizedDescription"",""seasonEffectDefinition""]","[""activeSeasonEffect"",""finalCharacterStats"",""killEvent"",""skillCastEvent""]",[],true,"[{""value"":8,""unit"":""seconds"",""raw"":""8s""}]","After casting a Class Skill, you have a chance to increase your Haste by for 8s.",[]
seasonEffect,SeasonEffectDescriptions.json,2301730,2301730,seasonEffect:2301730:1,cooldownTextUnclassified,evidence,textOnly,medium,false,unknown,,[],false,"[""localizedDescription"",""seasonEffectDefinition""]","[""activeSeasonEffect"",""skillCastEvent""]","[""runtimeIdBridge""]",true,"[{""value"":30,""unit"":""seconds"",""raw"":""30s""},{""value"":15,""unit"":""seconds"",""raw"":""15s""}]","Every 30s in battle, you gain an acceleration effect that increases your Attack SPD by and Casting SPD by for 15s.",[]
seasonEffect,SeasonEffectDescriptions.json,2302320,2302320,seasonEffect:2302320:1,cooldownTextUnclassified,evidence,textOnly,medium,false,unknown,,[],false,"[""localizedDescription"",""seasonEffectDefinition""]","[""activeSeasonEffect""]","[""runtimeIdBridge""]",true,"[{""value"":30,""unit"":""seconds"",""raw"":""30s""}]",CD: 30s.,[]
seasonEffect,SeasonEffectDescriptions.json,2302420,2302420,seasonEffect:2302420:1,hasteStat,hasteEvidence,attrOrBuffEvidence,medium,false,unknown,,"[""versatility"",""haste"",""mastery"",""lucky"",""crit""]",true,"[""localizedDescription"",""seasonEffectDefinition""]","[""activeSeasonEffect"",""damageEventCritFlag"",""finalCharacterStats""]","[""targetSkillScopeMapping""]",true,"[{""value"":5,""unit"":""seconds"",""raw"":""5s""}]","When HP changes, the highest attribute among Crit, mastery, haste, versatility, or luck +, lasting 5s.",[]
seasonEffect,SeasonEffectDescriptions.json,2402120,2402120,seasonEffect:2402120:1,cooldownTextUnclassified,evidence,textOnly,medium,false,unknown,,[],false,"[""localizedDescription"",""seasonEffectDefinition""]","[""activeSeasonEffect""]","[""runtimeIdBridge""]",true,"[{""value"":-5,""unit"":""seconds"",""raw"":""-5s""}]",Blizzard CD -5s (unique effect),[]
seasonEffect,SeasonEffectDescriptions.json,2403280,2403280,seasonEffect:2403280:1,flatCooldownReduce,flatReduceMs,eventEvidenceRequired,high,true,unknown,,"[""lucky""]",true,"[""localizedDescription"",""seasonEffectDefinition""]","[""activeSeasonEffect"",""damageEventLuckyFlag"",""finalCharacterStats""]","[""controlledEncounterTriggerProof"",""targetSkillScopeMapping""]",true,"[{""value"":0.2,""unit"":""seconds"",""raw"":""0.2s""}]",Triggering a Lucky Strike reduces the remaining CD on Galeform by 0.2s (counts only once when multiple Lucky Strikes are triggered at the same time).,[]
seasonEffect,SeasonEffectDescriptions.json,2404150,2404150,seasonEffect:2404150:1,cooldownTextUnclassified,evidence,textOnly,medium,false,unknown,,[],false,"[""localizedDescription"",""seasonEffectDefinition""]","[""activeSeasonEffect""]","[""runtimeIdBridge""]",true,"[{""value"":-25,""unit"":""percent"",""raw"":""-25%""},{""value"":12,""unit"":""percent"",""raw"":""+12%""}]",Feral Seed CD -25% Feral Seed elemental DMG +12%.,[]
seasonEffect,SeasonEffectDescriptions.json,2405260,2405260,seasonEffect:2405260:1,flatCooldownReduce,flatReduceMs,eventEvidenceRequired,high,true,specialAttack,,[],false,"[""localizedDescription"",""seasonEffectDefinition""]","[""activeSeasonEffect"",""skillCastEvent""]","[""controlledEncounterTriggerProof""]",true,"[{""value"":1,""unit"":""seconds"",""raw"":""1s""}]",Each use of Special Attacks reduces the remaining CD on Radiance Barrage by 1s.,[]
seasonEffect,SeasonEffectDescriptions.json,2406280,2406280,seasonEffect:2406280:1,flatCooldownReduce,flatReduceMs,eventEvidenceRequired,high,true,unknown,,[],false,"[""localizedDescription"",""seasonEffectDefinition""]","[""activeSeasonEffect"",""skillCastEvent""]","[""controlledEncounterTriggerProof"",""targetSkillScopeMapping""]",true,"[{""value"":0.6,""unit"":""seconds"",""raw"":""0.6s""}]",Casting Granite reduces the remaining CD on Sandshroud by 0.6s.,[]
seasonEffect,SeasonEffectDescriptions.json,2407020,2407020,seasonEffect:2407020:1,hasteStat,hasteEvidence,attrOrBuffEvidence,medium,false,unknown,,"[""haste""]",true,"[""localizedDescription"",""seasonEffectDefinition""]","[""activeSeasonEffect"",""finalCharacterStats""]","[""targetSkillScopeMapping""]",true,[],"While inside Divine Circle, increases Haste by",[]
seasonEffect,SeasonEffectDescriptions.json,2407290,2407290,seasonEffect:2407290:1,hasteStat,hasteEvidence,attrOrBuffEvidence,medium,false,unknown,,"[""haste""]",true,"[""localizedDescription"",""seasonEffectDefinition""]","[""activeBuffStacks"",""activeSeasonEffect"",""damageEvent"",""finalCharacterStats""]","[""targetSkillScopeMapping""]",true,"[{""value"":15,""unit"":""seconds"",""raw"":""15 s""},{""value"":10,""unit"":""percent"",""raw"":""+10%""},{""value"":6,""unit"":""percent"",""raw"":""+6%""},{""value"":7,""unit"":""seconds"",""raw"":""7s""}]","For every 15 stacks of Lightforged Barrier consumed, gain Damage +10% and Haste +6% for 7s.",[]
seasonEffect,SeasonEffectDescriptions.json,3001040,3001040,seasonEffect:3001040:1,cooldownTextUnclassified,evidence,textOnly,medium,false,unknown,,[],false,"[""localizedDescription"",""seasonEffectDefinition""]","[""activeSeasonEffect""]","[""runtimeIdBridge""]",true,[],(DMG is halved against non-Void targets.) CD -.,[]
seasonEffect,SeasonEffectDescriptions.json,3001040,3001040,seasonEffect:3001040:2,flatCooldownReduce,flatReduceMs,activeBuffOrAttrCandidate,high,false,expertiseSkill,,[],false,"[""localizedDescription"",""seasonEffectDefinition""]","[""activeSeasonEffect"",""killEvent""]",[],true,"[{""value"":1,""unit"":""seconds"",""raw"":""1s""}]",Each Expertise Skill use reduces CD by 1s.,[]
seasonEffect,SeasonEffectDescriptions.json,3001050,3001050,seasonEffect:3001050:1,hasteStat,hasteEvidence,attrOrBuffEvidence,medium,false,unknown,,"[""haste""]",true,"[""localizedDescription"",""seasonEffectDefinition""]","[""activeBuffStacks"",""activeSeasonEffect"",""finalCharacterStats"",""killEvent""]","[""targetSkillScopeMapping""]",true,"[{""value"":20,""unit"":""seconds"",""raw"":""20s""},{""value"":5,""unit"":"""",""raw"":""5 ""}]","Defeating a Void Monster increases your Haste by for 20s, stacking up to 5 times.",[]
seasonEffect,SeasonEffectDescriptions.json,3001120,3001120,seasonEffect:3001120:1,percentCooldownReduce,pctReduce,eventEvidenceRequired,high,true,unknown,all skills,[],false,"[""localizedDescription"",""seasonEffectDefinition""]","[""activeSeasonEffect"",""killEvent""]","[""controlledEncounterTriggerProof"",""targetSkillScopeMapping""]",true,"[{""value"":10,""unit"":""percent"",""raw"":""10%""}]","Upon defeating a Void Monster, there is a 10% chance to reduce the CD of all skills by .",[]
seasonEffect,SeasonEffectDescriptions.json,3001150,3001150,seasonEffect:3001150:1,cooldownTextUnclassified,evidence,textOnly,medium,false,unknown,,[],false,"[""localizedDescription"",""seasonEffectDefinition""]","[""activeSeasonEffect""]","[""runtimeIdBridge""]",true,"[{""value"":5,""unit"":""seconds"",""raw"":""5s""},{""value"":0.2,""unit"":""seconds"",""raw"":""0.2s""}]",[DMG]: Dealing DMG to Void target grants Voidshaded for 5s (CD: 0.2s).,[]
seasonEffect,SeasonEffectDescriptions.json,3001170,3001170,seasonEffect:3001170:1,cooldownTextUnclassified,evidence,textOnly,medium,false,unknown,,[],false,"[""localizedDescription"",""seasonEffectDefinition""]","[""activeSeasonEffect""]","[""runtimeIdBridge""]",true,"[{""value"":1,""unit"":""seconds"",""raw"":""1s""}]","[General]: When taking DMG from Void targets, triggers Void Corruption Fluctuation (CD: 1s) on a fixed chance.",[]
seasonEffect,SeasonEffectDescriptions.json,3001270,3001270,seasonEffect:3001270:1,hasteStat,hasteEvidence,attrOrBuffEvidence,medium,false,specialAttack,,"[""haste""]",true,"[""localizedDescription"",""seasonEffectDefinition""]","[""activeBuffStacks"",""activeSeasonEffect"",""finalCharacterStats"",""skillCastEvent""]",[],true,"[{""value"":10,""unit"":""seconds"",""raw"":""10s""},{""value"":5,""unit"":"""",""raw"":""5 ""}]","[Buff]: When your Special Attack deals DMG to a Void target, your Haste + for 10s, stacking up to 5 times.",[]
seasonEffect,SeasonEffectDescriptions.json,3001280,3001280,seasonEffect:3001280:1,cooldownTextUnclassified,evidence,textOnly,medium,false,specialAttack,,[],false,"[""localizedDescription"",""seasonEffectDefinition""]","[""activeSeasonEffect"",""skillCastEvent""]","[""runtimeIdBridge""]",true,"[{""value"":1,""unit"":"""",""raw"":""1 ""},{""value"":0.5,""unit"":""seconds"",""raw"":""0.5s""}]","[Buff]: When your Special Attack deals DMG to a Void target, you gain 1 layerof Void Corruption Focus (CD : 0.5s).",[]
seasonEffect,SeasonEffectDescriptions.json,3001280,3001280,seasonEffect:3001280:2,cooldownTextUnclassified,evidence,textOnly,medium,false,unknown,,[],false,"[""localizedDescription"",""seasonEffectDefinition""]","[""activeBuffStacks"",""activeSeasonEffect""]","[""runtimeIdBridge""]",true,[],"Upon reaching stacks, your Expertise' CD is instantly -.",[]
seasonEffect,SeasonEffectDescriptions.json,3002010,3002010,seasonEffect:3002010:1,flatCooldownReduce,flatReduceMs,activeBuffOrAttrCandidate,high,false,unknown,Fantasia Impact,"[""lucky""]",true,"[""localizedDescription"",""seasonEffectDefinition""]","[""activeSeasonEffect"",""damageEventLuckyFlag"",""finalCharacterStats""]","[""targetSkillScopeMapping""]",true,"[{""value"":0.3,""unit"":""seconds"",""raw"":""0.30s""}]",Each Lucky Strike triggered reduces internal CD of Fantasia Impact by 0.30s.,[]
seasonEffect,SeasonEffectDescriptions.json,3002040,3002040,seasonEffect:3002040:1,cooldownTextUnclassified,evidence,textOnly,medium,false,unknown,,[],false,"[""localizedDescription"",""seasonEffectDefinition""]","[""activeSeasonEffect""]","[""runtimeIdBridge""]",true,"[{""value"":5,""unit"":""seconds"",""raw"":""+5s""},{""value"":100,""unit"":""percent"",""raw"":""+100%""}]",Internal CD of Fantasia Impact +5s; Illusion-Breaking DMG of Fantasia Impact +100%.,[]
seasonEffect,SeasonEffectDescriptions.json,3002240,3002240,seasonEffect:3002240:1,percentCooldownReduce,pctReduce,activeBuffOrAttrCandidate,high,false,expertiseSkill,Special Attack and Expertise Skills,[],false,"[""localizedDescription"",""seasonEffectDefinition""]","[""activeSeasonEffect"",""killEvent"",""skillCastEvent""]",[],true,"[{""value"":22,""unit"":""percent"",""raw"":""22%""},{""value"":7,""unit"":""seconds"",""raw"":""7s""}]",Time-Slit - Dream: Reduces the CD of Special Attack and Expertise Skills by 22% for 7s.,[]
seasonEffect,SeasonEffectDescriptions.json,3002250,3002250,seasonEffect:3002250:1,cooldownTextUnclassified,evidence,textOnly,medium,false,unknown,,[],false,"[""localizedDescription"",""seasonEffectDefinition""]","[""activeSeasonEffect"",""killEvent""]","[""runtimeIdBridge""]",true,[],Defeating an enemy instantly refreshes Phantom Execution CD.,[]
seasonEffect,SeasonEffectDescriptions.json,3002280,3002280,seasonEffect:3002280:1,cooldownTextUnclassified,evidence,textOnly,medium,false,classSkill,,"[""crit"",""critDamage""]",true,"[""localizedDescription"",""seasonEffectDefinition""]","[""activeSeasonEffect"",""damageEventCritFlag"",""finalCharacterStats"",""killEvent""]","[""runtimeIdBridge""]",true,"[{""value"":1,""unit"":"""",""raw"":""+1""},{""value"":0.5,""unit"":""seconds"",""raw"":""0.5s""},{""value"":0.5,""unit"":""seconds"",""raw"":""0.5s""}]","When non-Basic Attack Direct-DMG class skills deal Crit DMG, Phantom Execution trigger count +1, and internal CD −0.5s (up to once every 0.5s).",[]
seasonEffect,SeasonEffectDescriptions.json,3002410,3002410,seasonEffect:3002410:1,flatCooldownReduce,flatReduceMs,eventEvidenceRequired,high,true,specialAttack,Phantom Arrow,[],false,"[""localizedDescription"",""seasonEffectDefinition""]","[""activeSeasonEffect"",""skillCastEvent""]","[""controlledEncounterTriggerProof""]",true,"[{""value"":0.6,""unit"":""seconds"",""raw"":""0.6s""}]",Each use of Special Attack reduces internal CD of Phantom Arrow by 0.6s.,[]
seasonEffect,SeasonEffectDescriptions.json,3002420,3002420,seasonEffect:3002420:1,percentCooldownReduce,pctReduce,eventEvidenceRequired,high,true,specialAttack,,[],false,"[""localizedDescription"",""seasonEffectDefinition""]","[""activeSeasonEffect"",""skillCastEvent""]","[""controlledEncounterTriggerProof""]",true,"[{""value"":30,""unit"":""percent"",""raw"":""30%""}]","When Special Attack reduces Phantom Arrow CD, it has a fixed 30% chance to double the reduction.",[]
seasonEffect,SeasonEffectDescriptions.json,3002680,3002680,seasonEffect:3002680:1,hasteStat,hasteEvidence,attrOrBuffEvidence,medium,false,unknown,,"[""haste"",""mastery"",""lucky"",""crit""]",true,"[""localizedDescription"",""seasonEffectDefinition""]","[""activeBuffStacks"",""activeSeasonEffect"",""damageEventCritFlag"",""finalCharacterStats""]","[""targetSkillScopeMapping""]",true,"[{""value"":4,""unit"":"""",""raw"":""4 ""},{""value"":5,""unit"":""percent"",""raw"":""5%""}]","When Mirage Dream reaches max stacks, boosts the highest stat among the 4 following stats (Crit, Haste, Luck, and Mastery) by 5%.",[]
seasonEffect,SeasonEffectDescriptions.json,3002870,3002870,seasonEffect:3002870:1,hasteStat,hasteEvidence,attrOrBuffEvidence,medium,false,unknown,,"[""haste"",""mastery"",""lucky"",""crit""]",true,"[""localizedDescription"",""seasonEffectDefinition""]","[""activeBuffState"",""activeSeasonEffect"",""damageEventCritFlag"",""finalCharacterStats""]","[""targetSkillScopeMapping""]",true,"[{""value"":4,""unit"":"""",""raw"":""4 ""},{""value"":3,""unit"":""percent"",""raw"":""3%""}]","While Dreamforce is active, boosts the highest stat among the 4 following stats (Crit, Haste, Luck, and Mastery) by 3%.",[]
seasonEffect,SeasonEffectDescriptions.json,3003270,3003270,seasonEffect:3003270:1,flatCooldownReduce,flatReduceMs,eventEvidenceRequired,high,true,unknown,Shattered Illusion,[],false,"[""localizedDescription"",""seasonEffectDefinition""]","[""activeSeasonEffect"",""damageEvent""]","[""controlledEncounterTriggerProof"",""targetSkillScopeMapping""]",true,"[{""value"":0.5,""unit"":""seconds"",""raw"":""0.5s""}]","When hit, reduces Shattered Illusion CD by 0.5s (up to once per second).",[]
seasonEffect,SeasonEffectDescriptions.json,3003440,3003440,seasonEffect:3003440:1,cooldownAcceleration,accelerate,activeBuffOrAttrCandidate,high,false,expertiseSkill,,[],false,"[""localizedDescription"",""seasonEffectDefinition""]","[""activeBuffStacks"",""activeSeasonEffect"",""killEvent""]",[],true,"[{""value"":2.5,""unit"":""percent"",""raw"":""2.5%""}]",Each stack of Endless Mind grants your Expertise Skills a 2.5% CD Boost.,[]
seasonEffect,SeasonEffectDescriptions.json,3003450,3003450,seasonEffect:3003450:1,cooldownAcceleration,accelerate,activeBuffOrAttrCandidate,high,false,ultimateSkill,,[],false,"[""localizedDescription"",""seasonEffectDefinition""]","[""activeSeasonEffect"",""killEvent""]",[],true,"[{""value"":15,""unit"":""percent"",""raw"":""15%""}]",Grants your Ultimate Skill a 15% CD Boost.,[]
seasonEffect,SeasonEffectDescriptions.json,3003630,3003630,seasonEffect:3003630:1,hasteStat,hasteEvidence,attrOrBuffEvidence,medium,false,unknown,,"[""endurance"",""versatility"",""haste"",""mastery"",""lucky"",""crit""]",true,"[""localizedDescription"",""seasonEffectDefinition""]","[""activeSeasonEffect"",""damageEventCritFlag"",""finalCharacterStats""]","[""targetSkillScopeMapping""]",true,"[{""value"":5,""unit"":""seconds"",""raw"":""5 s""},{""value"":750,""unit"":"""",""raw"":""750""},{""value"":750,""unit"":"""",""raw"":""750""}]","Increases the highest stat among the following 5 stats: Crit, Haste, Luck, Mastery, and Versatility by 750, and increases Endurance by 750",[]
seasonEffect,SeasonEffectDescriptions.json,3003650,3003650,seasonEffect:3003650:1,hasteStat,hasteEvidence,attrOrBuffEvidence,medium,false,unknown,,"[""endurance"",""versatility"",""haste"",""mastery"",""lucky"",""crit""]",true,"[""localizedDescription"",""seasonEffectDefinition""]","[""activeSeasonEffect"",""damageEventCritFlag"",""finalCharacterStats""]","[""targetSkillScopeMapping""]",true,"[{""value"":5,""unit"":""seconds"",""raw"":""5 s""},{""value"":1,""unit"":"""",""raw"":""1""},{""value"":250,""unit"":"""",""raw"":""250""},{""value"":750,""unit"":"""",""raw"":""750""}]","Increases the highest stat among the following 5 stats: Crit, Haste, Luck, Mastery, and Versatility by 1,250, and increases Endurance by 750",[]
seasonEffect,SeasonEffectDescriptions.json,3003810,3003810,seasonEffect:3003810:1,cooldownTextUnclassified,evidence,textOnly,medium,false,unknown,,"[""lucky""]",true,"[""localizedDescription"",""seasonEffectDefinition""]","[""activeSeasonEffect"",""finalCharacterStats""]","[""runtimeIdBridge""]",true,"[{""value"":200,""unit"":""percent"",""raw"":""200%""},{""value"":0.5,""unit"":""seconds"",""raw"":""0.5s""}]","Start combat with the Epic ""Luck"" entry — Torrent of Fate: Grants the Luck effect, dealing AoE DMG equal to 200% ATK at the target location (CD: 0.5s).",[]
seasonEffect,SeasonEffectDescriptions.json,3004010,3004010,seasonEffect:3004010:1,cooldownAcceleration,accelerate,activeBuffOrAttrCandidate,high,false,battleImagine,,[],false,"[""localizedDescription"",""seasonEffectDefinition""]","[""activeSeasonEffect""]",[],true,"[{""value"":80,""unit"":""percent"",""raw"":""80%""}]","Start combat with the Epic ""Imagine"" entry — Imagine Acceleration: Battle Imagine CD −80%.",[]
seasonEffect,SeasonEffectDescriptions.json,3004210,3004210,seasonEffect:3004210:1,cooldownTextUnclassified,evidence,textOnly,medium,false,classSkill,,[],false,"[""localizedDescription"",""seasonEffectDefinition""]","[""activeSeasonEffect"",""damageEvent"",""killEvent""]","[""runtimeIdBridge""]",true,"[{""value"":1,""unit"":""percent"",""raw"":""1%""},{""value"":10,""unit"":""percent"",""raw"":""10%""},{""value"":3,""unit"":""seconds"",""raw"":""3s""},{""value"":0.3,""unit"":""seconds"",""raw"":""0.3s""}]","Start combat with the Epic ""Team"" entry — Sync Strike: When your Class Skills deal damage, restores 1% HP to yourself and nearby allies and grants a 10% ATK bonus for 3s (CD: 0.3s).",[]
seasonEffect,SeasonEffectDescriptions.json,3050140,3050140,seasonEffect:3050140:1,cooldownTextUnclassified,evidence,textOnly,medium,false,unknown,,[],false,"[""localizedDescription"",""seasonEffectDefinition""]","[""activeSeasonEffect"",""skillCastEvent""]","[""runtimeIdBridge""]",true,[],Recasting Moonstrike returns the Moonblade to the caster's position.,[]
seasonEffect,SeasonEffectDescriptions.json,3051110,3051110,seasonEffect:3051110:1,cooldownAcceleration,accelerate,activeBuffOrAttrCandidate,high,false,unknown,,[],false,"[""localizedDescription"",""seasonEffectDefinition""]","[""activeSeasonEffect""]","[""targetSkillScopeMapping""]",true,"[{""value"":5,""unit"":""percent"",""raw"":""5%""}]","Every , Sharp Impact gains 5% charge (affected by CD Boost); Sharp Impact, Typhoon: Sharp Impact Illusion-Breaking DMG +.",[]
seasonEffect,SeasonEffectDescriptions.json,3051400,3051400,seasonEffect:3051400:1,flatCooldownReduce,flatReduceMs,eventEvidenceRequired,high,true,unknown,Galeform,[],false,"[""localizedDescription"",""seasonEffectDefinition""]","[""activeSeasonEffect""]","[""controlledEncounterTriggerProof"",""targetSkillScopeMapping""]",true,"[{""value"":1,""unit"":""seconds"",""raw"":""1s""}]","When Illusion Energy reaches points, reduces the remaining CD of Galeform by 1s.",[]
seasonEffect,SeasonEffectDescriptions.json,3052430,3052430,seasonEffect:3052430:1,noCooldownTrigger,noCooldownTrigger,eventEvidenceRequired,high,true,unknown,,[],false,"[""localizedDescription"",""seasonEffectDefinition""]","[""activeSeasonEffect"",""skillCastEvent""]","[""controlledEncounterTriggerProof"",""targetSkillScopeMapping""]",true,[],"When Illusion Energy reaches points, the next cast of Tidepool does not trigger CD, and its Illusion DMG increases by .",[]
seasonEffect,SeasonEffectDescriptions.json,3053090,3053090,seasonEffect:3053090:1,hasteStat,hasteEvidence,attrOrBuffEvidence,medium,false,unknown,,"[""haste""]",true,"[""localizedDescription"",""seasonEffectDefinition""]","[""activeSeasonEffect"",""damageEvent"",""finalCharacterStats""]","[""targetSkillScopeMapping""]",true,"[{""value"":1,""unit"":"""",""raw"":""1""}]",Each Haste increases Radiance Barrage hit count by 1; Radiance Barrage Illusion-Breaking DMG increases by .,[]
seasonEffect,SeasonEffectDescriptions.json,3053430,3053430,seasonEffect:3053430:1,flatCooldownReduce,flatReduceMs,activeBuffOrAttrCandidate,high,false,unknown,its remaining,[],false,"[""localizedDescription"",""seasonEffectDefinition""]","[""activeSeasonEffect""]","[""targetSkillScopeMapping""]",true,[],"If Powerdraw is on CD, reduces its remaining CD by .",[]
seasonEffect,SeasonEffectDescriptions.json,3054450,3054450,seasonEffect:3054450:1,flatCooldownReduce,flatReduceMs,eventEvidenceRequired,high,true,unknown,the Ultimate is reduced,[],false,"[""localizedDescription"",""seasonEffectDefinition""]","[""activeSeasonEffect""]","[""controlledEncounterTriggerProof"",""targetSkillScopeMapping""]",true,"[{""value"":1,""unit"":""seconds"",""raw"":""1s""}]","When Illusion Energy reaches points, the remaining CD of the Ultimate is reduced by 1s.",[]
seasonEffect,SeasonEffectDescriptions.json,3055380,3055380,seasonEffect:3055380:1,cooldownTextUnclassified,evidence,textOnly,medium,false,unknown,,[],false,"[""localizedDescription"",""seasonEffectDefinition""]","[""activeSeasonEffect""]","[""runtimeIdBridge""]",true,"[{""value"":1,""unit"":""seconds"",""raw"":""1s""}]","When Illusion Energy reaches points, the remaining CDs of Stoneform and Brave Bastion are reduced by 1s.",[]
seasonEffect,SeasonEffectDescriptions.json,3056120,3056120,seasonEffect:3056120:1,cooldownTextUnclassified,evidence,textOnly,medium,false,classSkill,,[],false,"[""localizedDescription"",""seasonEffectDefinition""]","[""activeSeasonEffect"",""killEvent""]","[""runtimeIdBridge""]",true,[],"While Regen Pulse is equipped, Regen Pulse is triggered whenever a non-basic attack Class Skill enters CD (can be triggered at most once each time).",[]
seasonEffect,SeasonEffectDescriptions.json,3056380,3056380,seasonEffect:3056380:1,flatCooldownReduce,flatReduceMs,eventEvidenceRequired,high,true,unknown,Nature Ward,[],false,"[""localizedDescription"",""seasonEffectDefinition""]","[""activeSeasonEffect""]","[""controlledEncounterTriggerProof"",""targetSkillScopeMapping""]",true,"[{""value"":1,""unit"":""seconds"",""raw"":""1s""}]","When Illusion Energy reaches points, grants Energy and reduces the remaining CD of Nature Ward by 1s.",[]
seasonEffect,SeasonEffectDescriptions.json,3056430,3056430,seasonEffect:3056430:1,flatCooldownReduce,flatReduceMs,eventEvidenceRequired,high,true,unknown,Grove Wish is reduced,[],false,"[""localizedDescription"",""seasonEffectDefinition""]","[""activeSeasonEffect""]","[""controlledEncounterTriggerProof"",""targetSkillScopeMapping""]",true,"[{""value"":1,""unit"":""seconds"",""raw"":""1s""}]","When Illusion Energy reaches points, the remaining CD of Grove Wish is reduced by 1s.",[]
seasonEffect,SeasonEffectDescriptions.json,3058060,3058060,seasonEffect:3058060:1,hasteStat,hasteEvidence,attrOrBuffEvidence,medium,false,unknown,,"[""haste"",""lucky""]",true,"[""localizedDescription"",""seasonEffectDefinition""]","[""activeSeasonEffect"",""finalCharacterStats""]","[""targetSkillScopeMapping""]",true,[],"Luck gained in any way +, but Haste gained in any way –",[]
seasonEffect,SeasonEffectDescriptions.json,3058080,3058080,seasonEffect:3058080:1,hasteStat,hasteEvidence,attrOrBuffEvidence,medium,false,unknown,,"[""haste"",""crit""]",true,"[""localizedDescription"",""seasonEffectDefinition""]","[""activeSeasonEffect"",""damageEventCritFlag"",""finalCharacterStats""]","[""targetSkillScopeMapping""]",true,[],"Haste gained in any way +, but Crit gained in any way –",[]
seasonEffect,SeasonEffectDescriptions.json,3059110,3059110,seasonEffect:3059110:1,cooldownTextUnclassified,evidence,textOnly,medium,false,unknown,,[],false,"[""localizedDescription"",""seasonEffectDefinition""]","[""activeSeasonEffect""]","[""runtimeIdBridge""]",true,"[{""value"":1,""unit"":"""",""raw"":""+1""}]",True Sight charge count +1; CD −,[]
seasonEffect,SeasonEffectDescriptions.json,3059120,3059120,seasonEffect:3059120:1,cooldownTextUnclassified,evidence,textOnly,medium,false,unknown,,[],false,"[""localizedDescription"",""seasonEffectDefinition""]","[""activeSeasonEffect""]","[""runtimeIdBridge""]",true,"[{""value"":1,""unit"":"""",""raw"":""+1""}]",Aegis Gale charge count +1; CD −,[]
seasonEffect,SeasonEffectDescriptions.json,3059150,3059150,seasonEffect:3059150:1,cooldownTextUnclassified,evidence,textOnly,medium,false,unknown,,[],false,"[""localizedDescription"",""seasonEffectDefinition""]","[""activeSeasonEffect""]","[""runtimeIdBridge""]",true,"[{""value"":1,""unit"":"""",""raw"":""+1""}]",Frost Shelter charge count +1; CD −,[]
seasonEffect,SeasonEffectDescriptions.json,3059170,3059170,seasonEffect:3059170:1,cooldownTextUnclassified,evidence,textOnly,medium,false,unknown,,[],false,"[""localizedDescription"",""seasonEffectDefinition""]","[""activeSeasonEffect""]","[""runtimeIdBridge""]",true,[],"During Deter Shot, Magic DMG Resistance +; Deter Shot CD −",[]
seasonEffect,SeasonEffectDescriptions.json,3059180,3059180,seasonEffect:3059180:1,cooldownTextUnclassified,evidence,textOnly,medium,false,unknown,,[],false,"[""localizedDescription"",""seasonEffectDefinition""]","[""activeSeasonEffect"",""skillCastEvent""]","[""runtimeIdBridge""]",true,[],"Aegis Ward and Radiance CD −; After casting Aegis Ward or Radiance, the next Judgment costs no Holy Energy",[]
seasonEffect,SeasonEffectDescriptions.json,3060450,3060450,seasonEffect:3060450:1,flatCooldownReduce,flatReduceMs,eventEvidenceRequired,high,true,unknown,the Ultimate is reduced,[],false,"[""localizedDescription"",""seasonEffectDefinition""]","[""activeSeasonEffect""]","[""controlledEncounterTriggerProof"",""targetSkillScopeMapping""]",true,"[{""value"":0.5,""unit"":""seconds"",""raw"":""0.5s""}]","When Illusion Energy reaches points, the remaining CD of the Ultimate is reduced by 0.5s.",[]
seasonEffect,SeasonEffectDescriptions.json,3200009,3200009,seasonEffect:3200009:1,cooldownTextUnclassified,evidence,textOnly,medium,false,unknown,,"[""lucky""]",true,"[""localizedDescription"",""seasonEffectDefinition""]","[""activeSeasonEffect"",""damageEventLuckyFlag"",""finalCharacterStats""]","[""runtimeIdBridge""]",true,"[{""value"":0.1,""unit"":""seconds"",""raw"":""0.1s""}]","When a Lucky Strike is launched, the Lucky Effect may be activated: Fires an arrow at the target, dealing Attack DMG equal to ATK (CD: 0.1s).",[]
seasonEffect,SeasonEffectDescriptions.json,3200025,3200025,seasonEffect:3200025:1,cooldownTextUnclassified,evidence,textOnly,medium,false,unknown,,"[""lucky""]",true,"[""localizedDescription"",""seasonEffectDefinition""]","[""activeSeasonEffect"",""damageEventLuckyFlag"",""finalCharacterStats""]","[""runtimeIdBridge""]",true,"[{""value"":0.1,""unit"":""seconds"",""raw"":""0.1s""}]","When a Lucky Strike is launched, the Lucky Effect may be activated: Fires a poisoned sting at the target, dealing Attack DMG equal to ATK (CD: 0.1s)",[]
seasonEffect,SeasonEffectDescriptions.json,3200032,3200032,seasonEffect:3200032:1,cooldownTextUnclassified,evidence,textOnly,medium,false,ultimateSkill,,[],false,"[""localizedDescription"",""seasonEffectDefinition""]","[""activeSeasonEffect"",""killEvent""]","[""runtimeIdBridge""]",true,[],Ultimate Skill CD speed +,[]
seasonEffect,SeasonEffectDescriptions.json,3200037,3200037,seasonEffect:3200037:1,flatCooldownReduce,flatReduceMs,eventEvidenceRequired,high,true,classSkill,the current Resonance Skill's active effect,[],false,"[""localizedDescription"",""seasonEffectDefinition""]","[""activeSeasonEffect"",""killEvent"",""skillCastEvent""]","[""controlledEncounterTriggerProof""]",true,"[{""value"":1,""unit"":""seconds"",""raw"":""1s""}]",Casting Class Skills reduces the CD of the current Resonance Skill's active effect by (triggers up to once every 1s).,[]
seasonEffect,SeasonEffectDescriptions.json,3200102,3200102,seasonEffect:3200102:1,hasteStat,hasteEvidence,attrOrBuffEvidence,medium,false,unknown,,"[""haste""]",true,"[""localizedDescription"",""seasonEffectDefinition""]","[""activeSeasonEffect"",""finalCharacterStats""]","[""targetSkillScopeMapping""]",true,[],"Haste + (Scales with season level, + per level, and the base value plus level value cannot exceed )",[]
seasonEffect,SeasonEffectDescriptions.json,3200107,3200107,seasonEffect:3200107:1,hasteStat,hasteEvidence,attrOrBuffEvidence,medium,false,unknown,,"[""haste""]",true,"[""localizedDescription"",""seasonEffectDefinition""]","[""activeSeasonEffect"",""finalCharacterStats""]","[""targetSkillScopeMapping""]",true,[],"Haste + (Scales with season level, + per level, and the base value plus level value cannot exceed )",[]
seasonEffect,SeasonEffectDescriptions.json,3210020,3210020,seasonEffect:3210020:1,cooldownTextUnclassified,evidence,textOnly,medium,false,unknown,,"[""lucky""]",true,"[""localizedDescription"",""seasonEffectDefinition""]","[""activeSeasonEffect"",""damageEventLuckyFlag"",""finalCharacterStats""]","[""runtimeIdBridge""]",true,"[{""value"":0.3,""unit"":""seconds"",""raw"":""0.3s""}]","When a Lucky Strike is launched, the Lucky Effect may be activated: Launches a meteor strike, dealing Magic DMG equal to ATK (CD: 0.3s).",[]
seasonEffect,SeasonEffectDescriptions.json,3210020,3210020,seasonEffect:3210020:2,flatCooldownReduce,flatReduceMs,eventEvidenceRequired,high,true,selfSkill,this skill,[],false,"[""localizedDescription"",""seasonEffectDefinition""]","[""activeSeasonEffect"",""killEvent""]","[""controlledEncounterTriggerProof""]",true,"[{""value"":5,""unit"":"""",""raw"":""5""},{""value"":0.5,""unit"":""seconds"",""raw"":""0.5s""}]","Tier 5: Each time a meteor is summoned, immediately reduces the CD of this skill by 0.5s.",[]
seasonEffect,SeasonEffectDescriptions.json,3210030,3210030,seasonEffect:3210030:1,flatCooldownReduce,flatReduceMs,eventEvidenceRequired,high,true,selfSkill,this skill,[],false,"[""localizedDescription"",""seasonEffectDefinition""]","[""activeSeasonEffect"",""damageEvent"",""killEvent""]","[""controlledEncounterTriggerProof""]",true,"[{""value"":3,""unit"":""seconds"",""raw"":""3s""}]","Each trigger reduces the CD of this skill by , and targets hit deal less DMG to you for 3s.",[]
seasonEffect,SeasonEffectDescriptions.json,3210080,3210080,seasonEffect:3210080:1,cooldownTextUnclassified,evidence,textOnly,medium,false,unknown,,"[""lucky""]",true,"[""localizedDescription"",""seasonEffectDefinition""]","[""activeSeasonEffect"",""damageEventLuckyFlag"",""finalCharacterStats""]","[""runtimeIdBridge""]",true,"[{""value"":0.1,""unit"":""seconds"",""raw"":""0.1s""}]","When a Lucky Strike is launched, the Lucky Effect may be activated: Performs a Thunderstrike, dealing Thunder Magic DMG equal to ATK (CD: 0.1s).",[]
seasonEffect,SeasonEffectDescriptions.json,3210090,3210090,seasonEffect:3210090:1,cooldownTextUnclassified,evidence,textOnly,medium,false,selfSkill,this skill,[],false,"[""localizedDescription"",""seasonEffectDefinition""]","[""activeSeasonEffect"",""killEvent"",""skillCastEvent""]","[""runtimeIdBridge""]",true,"[{""value"":10,""unit"":""percent"",""raw"":""10%""},{""value"":5,""unit"":""seconds"",""raw"":""5s""},{""value"":5,""unit"":""seconds"",""raw"":""5s""}]","When dealing DMG, gains a 10% chance to invoke Tidal Force, reducing the CD of this skill by 5s and enhancing your weapon, causing your next skill to deal additional Attack DMG equal to ATK (CD: 5s)",[]
seasonEffect,SeasonEffectDescriptions.json,3210130,3210130,seasonEffect:3210130:1,hasteStat,hasteEvidence,attrOrBuffEvidence,medium,false,unknown,,"[""haste""]",true,"[""localizedDescription"",""seasonEffectDefinition""]","[""activeSeasonEffect"",""finalCharacterStats""]","[""targetSkillScopeMapping""]",true,"[{""value"":5,""unit"":"""",""raw"":""5""}]",Haste + 5.,[]
seasonEffect,SeasonEffectDescriptions.json,3210150,3210150,seasonEffect:3210150:1,percentCooldownReduce,pctReduce,eventEvidenceRequired,high,true,classSkill,this skill,[],false,"[""localizedDescription"",""seasonEffectDefinition""]","[""activeBuffStacks"",""activeSeasonEffect"",""damageEvent"",""killEvent"",""skillCastEvent""]","[""controlledEncounterTriggerProof""]",true,"[{""value"":80,""unit"":""percent"",""raw"":""80%""},{""value"":1,""unit"":""seconds"",""raw"":""1 s""}]","Reduces your total damage dealt by 80% Each time you cast a non-Basic Attack Class Skill, reduces the CD of this skill by , and gains 1 stack of Blade Intent",[]
seasonEffect,SeasonEffectDescriptions.json,3210160,3210160,seasonEffect:3210160:1,cooldownTextUnclassified,evidence,textOnly,medium,false,unknown,,"[""lucky""]",true,"[""localizedDescription"",""seasonEffectDefinition""]","[""activeSeasonEffect"",""damageEventLuckyFlag"",""finalCharacterStats""]","[""runtimeIdBridge""]",true,"[{""value"":0.1,""unit"":""seconds"",""raw"":""0.1s""}]","When a Lucky Strike is landed, the Luck Effect may be activated: Triggers an explosion at the target, dealing Light Attack DMG equal to ATK (CD: 0.1s)",[]
seasonEffect,SeasonEffectDescriptions.json,3210170,3210170,seasonEffect:3210170:1,cooldownTextUnclassified,evidence,textOnly,medium,false,unknown,,"[""lucky""]",true,"[""localizedDescription"",""seasonEffectDefinition""]","[""activeSeasonEffect"",""damageEventLuckyFlag"",""finalCharacterStats""]","[""runtimeIdBridge""]",true,"[{""value"":1,""unit"":"""",""raw"":""1 ""},{""value"":3,""unit"":"""",""raw"":""3 ""},{""value"":0.1,""unit"":""seconds"",""raw"":""0.1s""}]","When a Lucky Strike is landed, the Luck Effect may be activated: Triggers an explosion at the target, randomly dealing 1 to 3 instances of Fire-Element Magic DMG equal to ATK (CD: 0.1s)",[]
seasonEffect,SeasonEffectDescriptions.json,3210190,3210190,seasonEffect:3210190:1,hasteStat,hasteEvidence,attrOrBuffEvidence,medium,false,unknown,,"[""haste""]",true,"[""localizedDescription"",""seasonEffectDefinition""]","[""activeBuffStacks"",""activeSeasonEffect"",""finalCharacterStats""]","[""targetSkillScopeMapping""]",true,"[{""value"":1,""unit"":"""",""raw"":""1 ""},{""value"":10,""unit"":""percent"",""raw"":""10%""},{""value"":7,""unit"":""seconds"",""raw"":""7 s""},{""value"":5,""unit"":""seconds"",""raw"":""5s""}]","Grants 1 additional stack for every 10% Haste, up to 7 stacks, lasting 5s.",[]
seasonEffect,SeasonEffectDescriptions.json,3210240,3210240,seasonEffect:3210240:1,cooldownTextUnclassified,evidence,textOnly,medium,false,unknown,,"[""lucky""]",true,"[""localizedDescription"",""seasonEffectDefinition""]","[""activeSeasonEffect"",""damageEvent"",""damageEventLuckyFlag"",""finalCharacterStats"",""skillCastEvent""]","[""runtimeIdBridge""]",true,"[{""value"":0.1,""unit"":""seconds"",""raw"":""0.1s""}]","When damage triggers a Lucky Strike, it may activate a ""Luck effect"": Causes an explosion at the target's location, dealing Attack DMG equal to of ATK (CD: 0.1s).",[]
seasonEffect,SeasonEffectDescriptions.json,3401097,3401097,seasonEffect:3401097:1,cooldownTextUnclassified,evidence,textOnly,medium,false,specialAttack,,[],false,"[""localizedDescription"",""seasonEffectDefinition""]","[""activeSeasonEffect"",""skillCastEvent""]","[""runtimeIdBridge""]",true,"[{""value"":10,""unit"":""seconds"",""raw"":""10s""}]",Greatly accelerates the using of Special Attack for 10s.,[]
seasonEffect,SeasonEffectDescriptions.json,3401107,3401107,seasonEffect:3401107:1,hasteStat,hasteEvidence,attrOrBuffEvidence,medium,false,unknown,,"[""strength"",""endurance"",""agility"",""versatility"",""haste"",""mastery"",""lucky"",""crit""]",true,"[""localizedDescription"",""seasonEffectDefinition""]","[""activeSeasonEffect"",""damageEventCritFlag"",""finalCharacterStats""]","[""targetSkillScopeMapping""]",true,"[{""value"":135,""unit"":"""",""raw"":""135 ""},{""value"":1.5,""unit"":""percent"",""raw"":""1.5%""}]","Grants the blessed target 135 Intellect, Strength, Agility, and Endurance, as well as 1.5% Crit, Haste, Luck, Mastery, and Versatility.",[]
seasonEffect,SeasonEffectDescriptions.json,3401119,3401119,seasonEffect:3401119:1,cooldownTextUnclassified,evidence,textOnly,medium,false,expertiseSkill,,[],false,"[""localizedDescription"",""seasonEffectDefinition""]","[""activeSeasonEffect"",""killEvent""]","[""runtimeIdBridge""]",true,"[{""value"":-50,""unit"":""percent"",""raw"":""-50%""}]",The next Expertise Skill used has its CD -50%.,[]
seasonEffect,SeasonEffectDescriptions.json,3401130,3401130,seasonEffect:3401130:1,hasteStat,hasteEvidence,attrOrBuffEvidence,medium,false,unknown,,"[""haste"",""mastery""]",true,"[""localizedDescription"",""seasonEffectDefinition""]","[""activeSeasonEffect"",""finalCharacterStats""]","[""targetSkillScopeMapping""]",true,"[{""value"":3,""unit"":""percent"",""raw"":""3%""},{""value"":10,""unit"":""seconds"",""raw"":""10s""}]","Restores 3% of Max Ice Energy per second (scales with Mastery and Haste), lasting for 10s.",[]
seasonEffect,SeasonEffectDescriptions.json,3401167,3401167,seasonEffect:3401167:1,cooldownTextUnclassified,evidence,textOnly,medium,false,unknown,,[],false,"[""localizedDescription"",""seasonEffectDefinition""]","[""activeSeasonEffect"",""skillCastEvent""]","[""runtimeIdBridge""]",true,"[{""value"":100,""unit"":"""",""raw"":""100""}]","When Blade Intent reaches 100, greatly accelerates the using of Iaido Slash.",[]
seasonEffect,SeasonEffectDescriptions.json,3401195,3401195,seasonEffect:3401195:1,resetCooldown,reset,eventEvidenceRequired,high,true,unknown,all healing Expertise immediately,[],false,"[""localizedDescription"",""seasonEffectDefinition""]","[""activeSeasonEffect"",""healEvent""]","[""controlledEncounterTriggerProof"",""targetSkillScopeMapping""]",true,"[{""value"":100,""unit"":"""",""raw"":""100 ""}]",Instantly gains 100 Energy and resets the CD of all healing Expertise immediately.,[]
seasonEffect,SeasonEffectDescriptions.json,3403000,3403000,seasonEffect:3403000:1,cooldownTextUnclassified,evidence,textOnly,medium,false,unknown,,[],false,"[""localizedDescription"",""seasonEffectDefinition""]","[""activeSeasonEffect"",""killEvent"",""skillCastEvent""]","[""runtimeIdBridge""]",true,[],Interrupts the target's casting and puts the interrupted skill on CD.,[]
skill,SkillDescriptions.json,33,Maelstrom,skill:33:1,flatCooldownReduce,flatReduceMs,activeBuffOrAttrCandidate,high,false,weaponSkill,all your Weapon skills,[],false,"[""localizedDescription"",""skillCooldownTable"",""skillDefinition"",""skillTags""]","[""killEvent"",""skillCastOrDamageEvent""]",[],true,[],"Calls down divine energy to heal yourself and all allies, and reduces the CD of all your Weapon skills.","[{""sourceFile"":""SkillCooldowns.json""}]"
skill,SkillDescriptions.json,70,Bladewind Domain,skill:70:1,flatCooldownReduce,flatReduceMs,eventEvidenceRequired,high,true,unknown,Oblivion Combo,[],false,"[""localizedDescription"",""skillCooldownTable"",""skillDefinition"",""skillTags""]","[""skillCastOrDamageEvent""]","[""controlledEncounterTriggerProof"",""targetSkillScopeMapping""]",true,"[{""value"":1.5,""unit"":""seconds"",""raw"":""1.5s""}]","Each time Bladewind Domain deals DMG, reduces the CD of Oblivion Combo by 1.5s.","[{""sourceFile"":""skillnames.json""}]"
skill,SkillDescriptions.json,97,Celestial Eagle,skill:97:1,cooldownAcceleration,accelerate,activeBuffOrAttrCandidate,high,false,unknown,Focus,"[""haste""]",true,"[""localizedDescription"",""skillCooldownTable"",""skillDefinition"",""skillTags""]","[""finalCharacterStats"",""skillCastOrDamageEvent""]","[""targetSkillScopeMapping""]",true,"[{""value"":1,""unit"":""percent"",""raw"":""1%""},{""value"":1,""unit"":""percent"",""raw"":""1%""}]","Now, each 1% of Haste increases the CD Boost of Focus by 1%.","[{""sourceFile"":""skillnames.json""}]"
skill,SkillDescriptions.json,1241,Frostbeam,skill:1241:1,hasteStat,hasteEvidence,attrOrBuffEvidence,medium,false,unknown,,"[""haste""]",true,"[""localizedDescription"",""skillCooldownTable"",""skillDefinition"",""skillTags""]","[""finalCharacterStats"",""skillCastOrDamageEvent""]","[""targetSkillScopeMapping""]",true,"[{""value"":3,""unit"":"""",""raw"":""3""}]",(Terminates when Ice Energy drops below 3.) Frostbeam's firing interval is affected by Haste.,"[{""sourceFile"":""skillnames.json""},{""sourceFile"":""SkillCooldowns.json""}]"
skill,SkillDescriptions.json,1243,Permafrost,skill:1243:1,hasteStat,hasteEvidence,attrOrBuffEvidence,medium,false,unknown,,"[""haste""]",true,"[""localizedDescription"",""skillCooldownTable"",""skillDefinition"",""skillTags""]","[""finalCharacterStats"",""skillCastOrDamageEvent""]","[""targetSkillScopeMapping""]",true,"[{""value"":6,""unit"":"""",""raw"":""6 ""}]","Summons the power of frost, gaining Super Armor for the duration while accumulating 6 Ice Energy per second and increasing Haste.","[{""sourceFile"":""skillnames.json""},{""sourceFile"":""SkillCooldowns.json""}]"
skill,SkillDescriptions.json,1246,Tidepool,skill:1246:1,cooldownTextUnclassified,evidence,textOnly,medium,false,unknown,,[],false,"[""localizedDescription"",""skillCooldownTable"",""skillDefinition"",""skillTags""]","[""skillCastEvent"",""skillCastOrDamageEvent""]","[""runtimeIdBridge""]",true,[],Recast to end early.,"[{""sourceFile"":""skillnames.json""},{""sourceFile"":""SkillCooldowns.json""}]"
skill,SkillDescriptions.json,1410,Typhoon Cleave,skill:1410:1,hasteStat,hasteEvidence,attrOrBuffEvidence,medium,false,unknown,,"[""haste""]",true,"[""localizedDescription"",""skillCooldownTable"",""skillDefinition"",""skillTags""]","[""finalCharacterStats"",""skillCastOrDamageEvent""]","[""targetSkillScopeMapping""]",true,"[{""value"":10,""unit"":""percent"",""raw"":""+10%""}]","During this time, all allies' Haste +10%.","[{""sourceFile"":""skillnames.json""},{""sourceFile"":""SkillCooldowns.json""}]"
skill,SkillDescriptions.json,1522,Nourish,skill:1522:1,hasteStat,hasteEvidence,attrOrBuffEvidence,medium,false,unknown,,"[""haste""]",true,"[""localizedDescription"",""skillCooldownTable"",""skillDefinition"",""skillTags""]","[""finalCharacterStats"",""healEvent"",""skillCastEvent"",""skillCastOrDamageEvent""]","[""targetSkillScopeMapping""]",true,"[{""value"":20,""unit"":"""",""raw"":""20 ""},{""value"":10,""unit"":"""",""raw"":""10 ""},{""value"":10,""unit"":""seconds"",""raw"":""10s""}]","Consumes 20 Energy to imbue the caster and up to 10 nearby allies (prioritizing teammates) with the forest power for 10s, healing them every second (Interval affected by Haste).","[{""sourceFile"":""skillnames.json""},{""sourceFile"":""SkillCooldowns.json""}]"
skill,SkillDescriptions.json,1523,Regen Pulse,skill:1523:1,cooldownTextUnclassified,evidence,textOnly,medium,false,selfSkill,,[],false,"[""localizedDescription"",""skillCooldownTable"",""skillDefinition"",""skillTags""]","[""healEvent"",""killEvent"",""skillCastOrDamageEvent""]","[""runtimeIdBridge""]",true,[],"Tips: In AoE-heavy healing encounters, use this skill carefully to avoid wasting its dispel and putting it on CD too early.","[{""sourceFile"":""skillnames.json""},{""sourceFile"":""SkillCooldowns.json""}]"
skill,SkillDescriptions.json,1524,Fast Growth,skill:1524:1,cooldownTextUnclassified,evidence,textOnly,medium,false,unknown,,[],false,"[""localizedDescription"",""skillCooldownTable"",""skillDefinition"",""skillTags""]","[""skillCastEvent"",""skillCastOrDamageEvent""]","[""runtimeIdBridge""]",true,[],Applies an acceleration effect to the caster.,"[{""sourceFile"":""skillnames.json""},{""sourceFile"":""SkillCooldowns.json""}]"
skill,SkillDescriptions.json,1524,Fast Growth,skill:1524:2,flatCooldownReduce,flatReduceMs,activeBuffOrAttrCandidate,high,false,unknown,,[],false,"[""localizedDescription"",""skillCooldownTable"",""skillDefinition"",""skillTags""]","[""activeBuffState"",""skillCastOrDamageEvent""]","[""targetSkillScopeMapping""]",true,[],Increases MATK and reduces CD while active.,"[{""sourceFile"":""skillnames.json""},{""sourceFile"":""SkillCooldowns.json""}]"
skill,SkillDescriptions.json,1524,Fast Growth,skill:1524:3,cooldownTextUnclassified,evidence,textOnly,medium,false,unknown,,[],false,"[""localizedDescription"",""skillCooldownTable"",""skillDefinition"",""skillTags""]","[""killEvent"",""skillCastEvent"",""skillCastOrDamageEvent""]","[""runtimeIdBridge""]",true,[],Tips: Cast when other skills are on CD .,"[{""sourceFile"":""skillnames.json""},{""sourceFile"":""SkillCooldowns.json""}]"
skill,SkillDescriptions.json,1528,Vital Surge,skill:1528:1,resetCooldown,reset,eventEvidenceRequired,high,true,expertiseSkill,Healing Expertise Skills and grants 50 Energy,[],false,"[""localizedDescription"",""skillCooldownTable"",""skillDefinition"",""skillTags""]","[""healEvent"",""killEvent"",""skillCastOrDamageEvent""]","[""controlledEncounterTriggerProof""]",true,"[{""value"":50,""unit"":"""",""raw"":""50 ""}]",Immediately resets the CD of Healing Expertise Skills and grants 50 Energy.,"[{""sourceFile"":""skillnames.json""},{""sourceFile"":""SkillCooldowns.json""}]"
skill,SkillDescriptions.json,1528,Vital Surge,skill:1528:2,cooldownTextUnclassified,evidence,textOnly,medium,false,expertiseSkill,Healing Expertise Skills,[],false,"[""localizedDescription"",""skillCooldownTable"",""skillDefinition"",""skillTags""]","[""activeBuffState"",""healEvent"",""killEvent"",""skillCastEvent"",""skillCastOrDamageEvent""]","[""runtimeIdBridge""]",true,[],"While active, surrounds you with verdant energy, increasing ATK, reducing skill Energy costs, and each Life Bloom cast shortens the remaining CD of Healing Expertise Skills.","[{""sourceFile"":""skillnames.json""},{""sourceFile"":""SkillCooldowns.json""}]"
skill,SkillDescriptions.json,1607,Blazing Assault,skill:1607:1,cooldownTextUnclassified,evidence,textOnly,medium,false,unknown,,[],false,"[""localizedDescription"",""skillCooldownTable"",""skillDefinition"",""skillTags""]","[""skillCastOrDamageEvent""]","[""runtimeIdBridge""]",true,"[{""value"":2,""unit"":"""",""raw"":""2 ""}]",Strategy: Make full use of the short CD and 2 charges.,"[{""sourceFile"":""skillnames.json""},{""sourceFile"":""SkillCooldowns.json""}]"
skill,SkillDescriptions.json,1615,Wasteland's End,skill:1615:1,cooldownAcceleration,accelerate,activeBuffOrAttrCandidate,high,false,classSkill,,"[""haste""]",true,"[""localizedDescription"",""skillCooldownTable"",""skillDefinition"",""skillTags""]","[""activeBuffState"",""finalCharacterStats"",""killEvent"",""skillCastOrDamageEvent""]",[],true,[],"Imbues the power of fire, granting a Class Skills CD Boost and increased Haste while active.","[{""sourceFile"":""skillnames.json""},{""sourceFile"":""SkillCooldowns.json""}]"
skill,SkillDescriptions.json,1618,Cinderfall! Hellfire Shiranui,skill:1618:1,cooldownAcceleration,accelerate,activeBuffOrAttrCandidate,high,false,expertiseSkill,,[],false,"[""localizedDescription"",""skillCooldownTable"",""skillDefinition"",""skillTags""]","[""killEvent"",""skillCastOrDamageEvent""]",[],true,"[{""value"":10,""unit"":""percent"",""raw"":""10%""}]","During this effect, Expertise Skill CD Boost is increased by 10%.","[{""sourceFile"":""skillnames.json""},{""sourceFile"":""SkillCooldowns.json""}]"
skill,SkillDescriptions.json,1719,Scythe Wheel,skill:1719:1,cooldownTextUnclassified,evidence,textOnly,medium,false,unknown,Scythe Wheel is refunded,[],false,"[""localizedDescription"",""skillCooldownTable"",""skillDefinition"",""skillTags""]","[""skillCastOrDamageEvent""]","[""runtimeIdBridge""]",true,[],"When you die, Moonblades end immediately and the remaining CD of Scythe Wheel is refunded.","[{""sourceFile"":""skillnames.json""},{""sourceFile"":""SkillCooldowns.json""}]"
skill,SkillDescriptions.json,1720,True Sight,skill:1720:1,cooldownTextUnclassified,evidence,textOnly,medium,false,unknown,,[],false,"[""localizedDescription"",""skillCooldownTable"",""skillDefinition"",""skillTags""]","[""damageEvent"",""skillCastEvent"",""skillCastOrDamageEvent""]","[""runtimeIdBridge""]",true,[],"Recast to dash forward and slash, dealing Attack Damage.","[{""sourceFile"":""skillnames.json""},{""sourceFile"":""SkillCooldowns.json""}]"
skill,SkillDescriptions.json,1724,Thundercut,skill:1724:1,cooldownTextUnclassified,evidence,textOnly,medium,false,unknown,,[],false,"[""localizedDescription"",""skillCooldownTable"",""skillDefinition"",""skillTags""]","[""killEvent"",""skillCastEvent"",""skillCastOrDamageEvent""]","[""runtimeIdBridge""]",true,[],"If Blade Intent remains after the strike, the skill can be recast.","[{""sourceFile"":""skillnames.json""},{""sourceFile"":""SkillCooldowns.json""}]"
skill,SkillDescriptions.json,1725,Thundercut,skill:1725:1,cooldownTextUnclassified,evidence,textOnly,medium,false,unknown,,[],false,"[""localizedDescription"",""skillCooldownTable"",""skillDefinition"",""skillTags""]","[""killEvent"",""skillCastEvent"",""skillCastOrDamageEvent""]","[""runtimeIdBridge""]",true,[],"If Blade Intent remains after the strike, the skill can be recast.","[{""sourceFile"":""skillnames.json""},{""sourceFile"":""SkillCooldowns.json""}]"
skill,SkillDescriptions.json,1726,Thundercut,skill:1726:1,cooldownTextUnclassified,evidence,textOnly,medium,false,unknown,,[],false,"[""localizedDescription"",""skillCooldownTable"",""skillDefinition"",""skillTags""]","[""killEvent"",""skillCastEvent"",""skillCastOrDamageEvent""]","[""runtimeIdBridge""]",true,[],"If Blade Intent remains after the strike, the skill can be recast.","[{""sourceFile"":""skillnames.json""},{""sourceFile"":""SkillCooldowns.json""}]"
skill,SkillDescriptions.json,1742,Thundercut - Final Slash,skill:1742:1,cooldownTextUnclassified,evidence,textOnly,medium,false,unknown,,[],false,"[""localizedDescription"",""skillCooldownTable"",""skillDefinition"",""skillTags""]","[""killEvent"",""skillCastEvent"",""skillCastOrDamageEvent""]","[""runtimeIdBridge""]",true,[],"If Blade Intent remains after the strike, the skill can be immediately recast.","[{""sourceFile"":""skillnames.json""},{""sourceFile"":""SkillCooldowns.json""}]"
skill,SkillDescriptions.json,1901,Halberd's Edge,skill:1901:1,cooldownTextUnclassified,evidence,textOnly,medium,false,unknown,,[],false,"[""localizedDescription"",""skillCooldownTable"",""skillDefinition"",""skillTags""]","[""skillCastOrDamageEvent""]","[""runtimeIdBridge""]",true,"[{""value"":2,""unit"":"""",""raw"":""2 ""},{""value"":0.5,""unit"":""seconds"",""raw"":""0.5s""}]","Restores 2 Rage upon taking DMG, subject to a maximum 0.5s CD.","[{""sourceFile"":""skillnames.json""},{""sourceFile"":""SkillCooldowns.json""}]"
skill,SkillDescriptions.json,2230,Torrent Volley,skill:2230:1,cooldownTextUnclassified,evidence,textOnly,medium,false,unknown,,[],false,"[""localizedDescription"",""skillCooldownTable"",""skillDefinition"",""skillTags""]","[""skillCastEvent"",""skillCastOrDamageEvent""]","[""runtimeIdBridge""]",true,[],Recast to end early.,"[{""sourceFile"":""skillnames.json""},{""sourceFile"":""SkillCooldowns.json""}]"
skill,SkillDescriptions.json,2231,Focus,skill:2231:1,hasteStat,hasteEvidence,attrOrBuffEvidence,medium,false,specialAttack,Special Attacks,"[""haste""]",true,"[""localizedDescription"",""skillCooldownTable"",""skillDefinition"",""skillTags""]","[""finalCharacterStats"",""skillCastEvent"",""skillCastOrDamageEvent""]",[],true,"[{""value"":50,""unit"":""percent"",""raw"":""50%""}]","Enters Focus state, greatly increasing Haste and reducing the CD of Special Attacks by 50%.","[{""sourceFile"":""skillnames.json""},{""sourceFile"":""SkillCooldowns.json""}]"
skill,SkillDescriptions.json,2309,Rhapsody of Flame,skill:2309:1,cooldownTextUnclassified,evidence,textOnly,medium,false,unknown,,[],false,"[""localizedDescription"",""skillCooldownTable"",""skillDefinition"",""skillTags""]","[""skillCastEvent"",""skillCastOrDamageEvent""]","[""runtimeIdBridge""]",true,[],Cast it once the CD ends for max effectiveness.,"[{""sourceFile"":""skillnames.json""},{""sourceFile"":""SkillCooldowns.json""}]"
skill,SkillDescriptions.json,2310,Heroic Melody,skill:2310:1,cooldownTextUnclassified,evidence,textOnly,medium,false,unknown,,[],false,"[""localizedDescription"",""skillCooldownTable"",""skillDefinition"",""skillTags""]","[""skillCastOrDamageEvent""]","[""runtimeIdBridge""]",true,"[{""value"":5,""unit"":""seconds"",""raw"":""5s""}]",CD: 5s.,"[{""sourceFile"":""skillnames.json""},{""sourceFile"":""SkillCooldowns.json""}]"
skill,SkillDescriptions.json,2310,Heroic Melody,skill:2310:2,hasteStat,hasteEvidence,attrOrBuffEvidence,medium,false,unknown,,"[""haste""]",true,"[""localizedDescription"",""skillCooldownTable"",""skillDefinition"",""skillTags""]","[""finalCharacterStats"",""healEvent"",""skillCastOrDamageEvent""]","[""targetSkillScopeMapping""]",true,"[{""value"":6,""unit"":"""",""raw"":""6 ""},{""value"":3,""unit"":""seconds"",""raw"":""3s""},{""value"":10,""unit"":"""",""raw"":""10 ""}]","While performing Heroic Melody, you consume 6 Performance Energy per second, and every 3s, 10 allies restore HP (Interval affected by Haste).","[{""sourceFile"":""skillnames.json""},{""sourceFile"":""SkillCooldowns.json""}]"
skill,SkillDescriptions.json,2311,Healing Melody,skill:2311:1,cooldownTextUnclassified,evidence,textOnly,medium,false,unknown,,[],false,"[""localizedDescription"",""skillCooldownTable"",""skillDefinition"",""skillTags""]","[""healEvent"",""skillCastOrDamageEvent""]","[""runtimeIdBridge""]",true,"[{""value"":5,""unit"":""seconds"",""raw"":""5s""}]",(Speaker disappears when Healing Melody ends.) CD: 5s.,"[{""sourceFile"":""skillnames.json""},{""sourceFile"":""SkillCooldowns.json""}]"
skill,SkillDescriptions.json,2311,Healing Melody,skill:2311:2,hasteStat,hasteEvidence,attrOrBuffEvidence,medium,false,unknown,,"[""haste""]",true,"[""localizedDescription"",""skillCooldownTable"",""skillDefinition"",""skillTags""]","[""finalCharacterStats"",""healEvent"",""skillCastOrDamageEvent""]","[""targetSkillScopeMapping""]",true,"[{""value"":3,""unit"":"""",""raw"":""3 ""},{""value"":10,""unit"":"""",""raw"":""10 ""},{""value"":1,""unit"":""seconds"",""raw"":""1 s""}]","While performing Healing Melody, consumes 3 Performance Energy per second, and heals 10 allies every 1 second (Interval affected by Haste).","[{""sourceFile"":""skillnames.json""},{""sourceFile"":""SkillCooldowns.json""}]"
skill,SkillDescriptions.json,2317,Fierce Strike,skill:2317:1,cooldownTextUnclassified,evidence,textOnly,medium,false,selfSkill,,[],false,"[""localizedDescription"",""skillCooldownTable"",""skillDefinition"",""skillTags""]","[""killEvent"",""skillCastEvent"",""skillCastOrDamageEvent""]","[""runtimeIdBridge""]",true,[],Tips: Cast this skill when Harmonic Anthem is on CD.,"[{""sourceFile"":""skillnames.json""},{""sourceFile"":""SkillCooldowns.json""}]"
skill,SkillDescriptions.json,2401,Blade of Justice,skill:2401:1,cooldownTextUnclassified,evidence,textOnly,medium,false,unknown,,[],false,"[""localizedDescription"",""skillCooldownTable"",""skillDefinition"",""skillTags""]","[""skillCastOrDamageEvent""]","[""runtimeIdBridge""]",true,"[{""value"":10,""unit"":""seconds"",""raw"":""10s""},{""value"":10,""unit"":"""",""raw"":""10 ""}]","Each Holy Sigil enters a 10s CD after being consumed, and generates 10 Photon Energy.","[{""sourceFile"":""skillnames.json""},{""sourceFile"":""SkillCooldowns.json""}]"
skill,SkillDescriptions.json,2407,Radiant Infusion,skill:2407:1,cooldownTextUnclassified,evidence,textOnly,medium,false,unknown,,[],false,"[""localizedDescription"",""skillCooldownTable"",""skillDefinition"",""skillTags""]","[""skillCastOrDamageEvent""]","[""runtimeIdBridge""]",true,"[{""value"":10,""unit"":""seconds"",""raw"":""10s""},{""value"":1,""unit"":"""",""raw"":""1 ""},{""value"":2,""unit"":""seconds"",""raw"":""2s""},{""value"":10,""unit"":"""",""raw"":""10 ""}]","For the next 10s, instantly refreshes 1 Holy Sigil for every 2s (prioritizing the Holy Sigil with the longest remaining CD), and generates 10 Photon Energy each time.","[{""sourceFile"":""skillnames.json""},{""sourceFile"":""SkillCooldowns.json""}]"
skill,SkillDescriptions.json,3011,Mocking Roar,skill:3011:1,cooldownTextUnclassified,evidence,textOnly,medium,false,selfSkill,,[],false,"[""localizedDescription"",""skillCooldownTable"",""skillDefinition"",""skillTags""]","[""killEvent"",""skillCastOrDamageEvent""]","[""runtimeIdBridge""]",true,[],This skill is unaffected by CD effects.,"[{""sourceFile"":""skillnames.json""},{""sourceFile"":""SkillCooldowns.json""}]"
skill,SkillDescriptions.json,3012,Overclock Explosion,skill:3012:1,cooldownTextUnclassified,evidence,textOnly,medium,false,selfSkill,,[],false,"[""localizedDescription"",""skillCooldownTable"",""skillDefinition"",""skillTags""]","[""killEvent"",""skillCastOrDamageEvent""]","[""runtimeIdBridge""]",true,[],This skill is unaffected by CD effects.,"[{""sourceFile"":""skillnames.json""},{""sourceFile"":""SkillCooldowns.json""}]"
skill,SkillDescriptions.json,3013,Adamant Will,skill:3013:1,cooldownTextUnclassified,evidence,textOnly,medium,false,selfSkill,,[],false,"[""localizedDescription"",""skillCooldownTable"",""skillDefinition"",""skillTags""]","[""killEvent"",""skillCastOrDamageEvent""]","[""runtimeIdBridge""]",true,[],This skill is unaffected by CD effects.,"[{""sourceFile"":""skillnames.json""},{""sourceFile"":""SkillCooldowns.json""}]"
skill,SkillDescriptions.json,3014,Veil of Shadow,skill:3014:1,cooldownTextUnclassified,evidence,textOnly,medium,false,selfSkill,,[],false,"[""localizedDescription"",""skillCooldownTable"",""skillDefinition"",""skillTags""]","[""killEvent"",""skillCastOrDamageEvent""]","[""runtimeIdBridge""]",true,[],This skill is unaffected by CD effects.,"[{""sourceFile"":""skillnames.json""},{""sourceFile"":""SkillCooldowns.json""}]"
skill,SkillDescriptions.json,3101,守护 · 危机抵挡,skill:3101:1,flatCooldownReduce,flatReduceMs,eventEvidenceRequired,high,true,weaponSkill,all your Weapon skills,[],false,"[""localizedDescription"",""skillCooldownTable"",""skillDefinition"",""skillTags""]","[""damageEvent"",""killEvent"",""skillCastOrDamageEvent""]","[""controlledEncounterTriggerProof""]",true,[],Successful Block reduces the CD of all your Weapon skills.,"[{""sourceFile"":""skillnames.json""},{""sourceFile"":""SkillCooldowns.json""}]"
skill,SkillDescriptions.json,3105,守护 · 审判,skill:3105:1,resetCooldown,reset,eventEvidenceRequired,high,true,unknown,,[],false,"[""localizedDescription"",""skillCooldownTable"",""skillDefinition"",""skillTags""]","[""damageEvent"",""killEvent"",""skillCastOrDamageEvent""]","[""controlledEncounterTriggerProof"",""targetSkillScopeMapping""]",true,[],"If you successfully evade Lethal Skill, CD will be reset immediately.","[{""sourceFile"":""skillnames.json""},{""sourceFile"":""SkillCooldowns.json""}]"
skill,SkillDescriptions.json,3301,奥义！强疗脉冲,skill:3301:1,flatCooldownReduce,flatReduceMs,activeBuffOrAttrCandidate,high,false,weaponSkill,all your Weapon skills,[],false,"[""localizedDescription"",""skillCooldownTable"",""skillDefinition"",""skillTags""]","[""killEvent"",""skillCastOrDamageEvent""]",[],true,[],"Calls down divine energy to heal yourself and all allies, and reduces the CD of all your Weapon skills.","[{""sourceFile"":""skillnames.json""},{""sourceFile"":""SkillCooldowns.json""}]"
skill,SkillDescriptions.json,3311,Overclock Shock,skill:3311:1,cooldownTextUnclassified,evidence,textOnly,medium,false,selfSkill,,[],false,"[""localizedDescription"",""skillCooldownTable"",""skillDefinition"",""skillTags""]","[""killEvent"",""skillCastOrDamageEvent""]","[""runtimeIdBridge""]",true,[],This skill is unaffected by CD effects.,"[{""sourceFile"":""skillnames.json""},{""sourceFile"":""SkillCooldowns.json""}]"
skill,SkillDescriptions.json,3312,Renewal Prayer,skill:3312:1,cooldownTextUnclassified,evidence,textOnly,medium,false,selfSkill,,[],false,"[""localizedDescription"",""skillCooldownTable"",""skillDefinition"",""skillTags""]","[""killEvent"",""skillCastOrDamageEvent""]","[""runtimeIdBridge""]",true,[],This skill is unaffected by CD effects.,"[{""sourceFile"":""skillnames.json""},{""sourceFile"":""SkillCooldowns.json""}]"
skill,SkillDescriptions.json,3313,Life Barrier,skill:3313:1,cooldownTextUnclassified,evidence,textOnly,medium,false,selfSkill,,[],false,"[""localizedDescription"",""skillCooldownTable"",""skillDefinition"",""skillTags""]","[""killEvent"",""skillCastOrDamageEvent""]","[""runtimeIdBridge""]",true,[],This skill is unaffected by CD effects.,"[{""sourceFile"":""skillnames.json""},{""sourceFile"":""SkillCooldowns.json""}]"
skill,SkillDescriptions.json,3314,Silent Command,skill:3314:1,cooldownTextUnclassified,evidence,textOnly,medium,false,selfSkill,,[],false,"[""localizedDescription"",""skillCooldownTable"",""skillDefinition"",""skillTags""]","[""killEvent"",""skillCastOrDamageEvent""]","[""runtimeIdBridge""]",true,[],This skill is unaffected by CD effects.,"[{""sourceFile"":""skillnames.json""},{""sourceFile"":""SkillCooldowns.json""}]"
skill,SkillDescriptions.json,3405,辅助 · 危机抵挡,skill:3405:1,flatCooldownReduce,flatReduceMs,eventEvidenceRequired,high,true,weaponSkill,all your Weapon skills,[],false,"[""localizedDescription"",""skillCooldownTable"",""skillDefinition"",""skillTags""]","[""damageEvent"",""killEvent"",""skillCastOrDamageEvent""]","[""controlledEncounterTriggerProof""]",true,[],Successful Block reduces the CD of all your Weapon skills.,"[{""sourceFile"":""skillnames.json""},{""sourceFile"":""SkillCooldowns.json""}]"
skill,SkillDescriptions.json,3601,奥义！碎星陨落,skill:3601:1,cooldownTextUnclassified,evidence,textOnly,medium,false,unknown,,[],false,"[""localizedDescription"",""skillCooldownTable"",""skillDefinition"",""skillTags""]","[""skillCastOrDamageEvent""]","[""runtimeIdBridge""]",true,[],"This effect has a CD, which - your Sigil chance.","[{""sourceFile"":""skillnames.json""},{""sourceFile"":""SkillCooldowns.json""}]"
skill,SkillDescriptions.json,3611,Overclock Wave,skill:3611:1,cooldownTextUnclassified,evidence,textOnly,medium,false,selfSkill,,[],false,"[""localizedDescription"",""skillCooldownTable"",""skillDefinition"",""skillTags""]","[""killEvent"",""skillCastOrDamageEvent""]","[""runtimeIdBridge""]",true,[],This skill is unaffected by CD effects.,"[{""sourceFile"":""skillnames.json""},{""sourceFile"":""SkillCooldowns.json""}]"
skill,SkillDescriptions.json,3612,Unyielding Spirit,skill:3612:1,cooldownTextUnclassified,evidence,textOnly,medium,false,selfSkill,,[],false,"[""localizedDescription"",""skillCooldownTable"",""skillDefinition"",""skillTags""]","[""killEvent"",""skillCastOrDamageEvent""]","[""runtimeIdBridge""]",true,[],This skill is unaffected by CD effects.,"[{""sourceFile"":""skillnames.json""},{""sourceFile"":""SkillCooldowns.json""}]"
skill,SkillDescriptions.json,3613,Master of Stealth,skill:3613:1,cooldownTextUnclassified,evidence,textOnly,medium,false,selfSkill,,[],false,"[""localizedDescription"",""skillCooldownTable"",""skillDefinition"",""skillTags""]","[""killEvent"",""skillCastOrDamageEvent""]","[""runtimeIdBridge""]",true,[],This skill is unaffected by CD effects.,"[{""sourceFile"":""skillnames.json""},{""sourceFile"":""SkillCooldowns.json""}]"
skill,SkillDescriptions.json,3614,Energy Reflux,skill:3614:1,cooldownTextUnclassified,evidence,textOnly,medium,false,selfSkill,,[],false,"[""localizedDescription"",""skillCooldownTable"",""skillDefinition"",""skillTags""]","[""killEvent"",""skillCastOrDamageEvent""]","[""runtimeIdBridge""]",true,[],This skill is unaffected by CD effects.,"[{""sourceFile"":""skillnames.json""},{""sourceFile"":""SkillCooldowns.json""}]"
skill,SkillDescriptions.json,3702,攻击 · 暴击连弹,skill:3702:1,resetCooldown,reset,eventEvidenceRequired,high,true,selfSkill,"this skill will be reset, and it can be cast up to 5 times in succession","[""crit""]",true,"[""localizedDescription"",""skillCooldownTable"",""skillDefinition"",""skillTags""]","[""damageEventCritFlag"",""finalCharacterStats"",""killEvent"",""skillCastEvent"",""skillCastOrDamageEvent""]","[""controlledEncounterTriggerProof""]",true,"[{""value"":5,""unit"":"""",""raw"":""5 ""}]","If the attack lands a Crit, the CD of this skill will be reset, and it can be cast up to 5 times in succession.","[{""sourceFile"":""skillnames.json""},{""sourceFile"":""SkillCooldowns.json""}]"
skill,SkillDescriptions.json,3705,攻击 · 危机抵挡,skill:3705:1,flatCooldownReduce,flatReduceMs,eventEvidenceRequired,high,true,weaponSkill,all your Weapon skills,[],false,"[""localizedDescription"",""skillCooldownTable"",""skillDefinition"",""skillTags""]","[""damageEvent"",""killEvent"",""skillCastOrDamageEvent""]","[""controlledEncounterTriggerProof""]",true,[],Successful Block reduces the CD of all your Weapon skills.,"[{""sourceFile"":""skillnames.json""},{""sourceFile"":""SkillCooldowns.json""}]"
skill,SkillDescriptions.json,3909,Stunt! Fox Assault,skill:3909:1,hasteStat,hasteEvidence,attrOrBuffEvidence,medium,false,unknown,,"[""haste""]",true,"[""localizedDescription"",""skillCooldownTable"",""skillDefinition"",""skillTags""]","[""finalCharacterStats"",""skillCastOrDamageEvent""]","[""targetSkillScopeMapping""]",true,"[{""value"":20,""unit"":""seconds"",""raw"":""20s""}]","Pounces forward with blinding speed, dealing AoE Attack DMG and increasing Haste for 20s.","[{""sourceFile"":""skillnames.json""},{""sourceFile"":""SkillCooldowns.json""}]"
skill,SkillDescriptions.json,3922,Arcane! Flash Execution,skill:3922:1,cooldownTextUnclassified,evidence,textOnly,medium,false,unknown,,[],false,"[""localizedDescription"",""skillCooldownTable"",""skillDefinition"",""skillTags""]","[""skillCastOrDamageEvent""]","[""runtimeIdBridge""]",true,"[{""value"":2,""unit"":""seconds"",""raw"":""2s""}]","Dealing DMG to targets with Seed of Lightning will cause an explosion (CD: 2s), dealing Magic DMG.","[{""sourceFile"":""skillnames.json""},{""sourceFile"":""SkillCooldowns.json""}]"
skill,SkillDescriptions.json,3922,Arcane! Flash Execution,skill:3922:2,flatCooldownReduce,flatReduceMs,eventEvidenceRequired,high,true,unknown,,[],false,"[""localizedDescription"",""skillCooldownTable"",""skillDefinition"",""skillTags""]","[""killEvent"",""skillCastOrDamageEvent""]","[""controlledEncounterTriggerProof"",""targetSkillScopeMapping""]",true,"[{""value"":20,""unit"":""seconds"",""raw"":""20s""}]",Any target with Seed of Lightning defeated will reduce CD time by 20s.,"[{""sourceFile"":""skillnames.json""},{""sourceFile"":""SkillCooldowns.json""}]"
skill,SkillDescriptions.json,3935,Arcane! Thunder Roar,skill:3935:1,cooldownTextUnclassified,evidence,textOnly,medium,false,unknown,,[],false,"[""localizedDescription"",""skillCooldownTable"",""skillDefinition"",""skillTags""]","[""skillCastOrDamageEvent""]","[""runtimeIdBridge""]",true,"[{""value"":0.5,""unit"":""seconds"",""raw"":""0.5s""}]","When dealing DMG, the shielded targets generate Thunderstrike (CD: 0.5s), and the DMG dealt depends on the friendly ATK.","[{""sourceFile"":""skillnames.json""},{""sourceFile"":""SkillCooldowns.json""}]"
skill,SkillDescriptions.json,3944,Arcane! Azure Gale,skill:3944:1,hasteStat,hasteEvidence,attrOrBuffEvidence,medium,false,unknown,,"[""haste""]",true,"[""localizedDescription"",""skillCooldownTable"",""skillDefinition"",""skillTags""]","[""finalCharacterStats"",""skillCastEvent"",""skillCastOrDamageEvent""]","[""targetSkillScopeMapping""]",true,[],"After casting, your Haste is increased for a period of time.","[{""sourceFile"":""skillnames.json""},{""sourceFile"":""SkillCooldowns.json""}]"
skill,SkillDescriptions.json,3951,Arcane! Guardian's Boundary,skill:3951:1,flatCooldownReduce,flatReduceMs,eventEvidenceRequired,high,true,selfSkill,this Skill,[],false,"[""localizedDescription"",""skillCooldownTable"",""skillDefinition"",""skillTags""]","[""damageEvent"",""killEvent"",""skillCastOrDamageEvent"",""tankedDamageEvent""]","[""controlledEncounterTriggerProof""]",true,"[{""value"":1,""unit"":""seconds"",""raw"":""1s""},{""value"":2,""unit"":""seconds"",""raw"":""2s""}]","When you take damage, reduce the CD of this Skill by 1s (can trigger at most once every 2s).","[{""sourceFile"":""skillnames.json""},{""sourceFile"":""SkillCooldowns.json""}]"
skill,SkillDescriptions.json,3953,Arcane! Peerless Thrust,skill:3953:1,flatCooldownReduce,flatReduceMs,eventEvidenceRequired,high,true,expertiseSkill,this Skill,[],false,"[""localizedDescription"",""skillCooldownTable"",""skillDefinition"",""skillTags""]","[""damageEvent"",""killEvent"",""skillCastOrDamageEvent""]","[""controlledEncounterTriggerProof""]",true,"[{""value"":0.3,""unit"":""seconds"",""raw"":""0.3s""},{""value"":1,""unit"":""seconds"",""raw"":""1s""}]","During this time, dealing damage with an Expertise Skill reduces the CD of this Skill by 0.3s (can trigger at most once every 1s).","[{""sourceFile"":""skillnames.json""},{""sourceFile"":""SkillCooldowns.json""}]"
skill,SkillDescriptions.json,3956,Arcane! Flame Spirit's Fortune,skill:3956:1,cooldownTextUnclassified,evidence,textOnly,medium,false,unknown,,"[""lucky""]",true,"[""localizedDescription"",""skillCooldownTable"",""skillDefinition"",""skillTags""]","[""damageEventLuckyFlag"",""finalCharacterStats"",""skillCastEvent"",""skillCastOrDamageEvent""]","[""runtimeIdBridge""]",true,"[{""value"":0.1,""unit"":""seconds"",""raw"":""0.1s""}]","Grants a Luck effect: Triggering a Lucky Strike causes an explosion at the target's location, dealing Magic DMG (cooldown: 0.1s), and immediately grants the Absolute Luck effect.","[{""sourceFile"":""skillnames.json""},{""sourceFile"":""SkillCooldowns.json""}]"
skill,SkillDescriptions.json,3956,Arcane! Flame Spirit's Fortune,skill:3956:2,cooldownTextUnclassified,evidence,textOnly,medium,false,unknown,,"[""lucky""]",true,"[""localizedDescription"",""skillCooldownTable"",""skillDefinition"",""skillTags""]","[""finalCharacterStats"",""skillCastOrDamageEvent""]","[""runtimeIdBridge""]",true,"[{""value"":5,""unit"":""seconds"",""raw"":""5s""}]","For the duration, Absolute Luck's cooldown becomes 5s.","[{""sourceFile"":""skillnames.json""},{""sourceFile"":""SkillCooldowns.json""}]"
skill,SkillDescriptions.json,3966,Stunt! Twin Fangs,skill:3966:1,hasteStat,hasteEvidence,attrOrBuffEvidence,medium,false,unknown,,"[""haste""]",true,"[""localizedDescription"",""skillCooldownTable"",""skillDefinition"",""skillTags""]","[""finalCharacterStats"",""skillCastEvent"",""skillCastOrDamageEvent""]","[""targetSkillScopeMapping""]",true,[],"After casting, your Haste is increased for a period of time.","[{""sourceFile"":""skillnames.json""},{""sourceFile"":""SkillCooldowns.json""}]"
skill,SkillDescriptions.json,3970,Arcane! Command Quadrant,skill:3970:1,percentCooldownReduce,pctReduce,eventEvidenceRequired,high,true,specialAttack,current Resonance Skill's,[],false,"[""localizedDescription"",""skillCooldownTable"",""skillDefinition"",""skillTags""]","[""killEvent"",""skillCastEvent"",""skillCastOrDamageEvent""]","[""controlledEncounterTriggerProof""]",true,"[{""value"":81.25,""unit"":""percent"",""raw"":""81.25%""}]","If cast directly or after a Special Attack, summons Stormblade Nappo to deal AoE Attack DMG once, and reduces the current Resonance Skill's CD by 81.25%.","[{""sourceFile"":""skillnames.json""},{""sourceFile"":""SkillCooldowns.json""}]"
skill,SkillDescriptions.json,3970,Arcane! Command Quadrant,skill:3970:2,percentCooldownReduce,pctReduce,eventEvidenceRequired,high,true,expertiseSkill,current Resonance Skill's,[],false,"[""localizedDescription"",""skillCooldownTable"",""skillDefinition"",""skillTags""]","[""killEvent"",""skillCastEvent"",""skillCastOrDamageEvent""]","[""controlledEncounterTriggerProof""]",true,"[{""value"":68.75,""unit"":""percent"",""raw"":""68.75%""}]","If cast after an Expertise Skill, summons Marksman Nappo to deal Attack DMG to a single target, and reduces the current Resonance Skill's CD by 68.75%.","[{""sourceFile"":""skillnames.json""},{""sourceFile"":""SkillCooldowns.json""}]"
skill,SkillDescriptions.json,3970,Arcane! Command Quadrant,skill:3970:3,percentCooldownReduce,pctReduce,eventEvidenceRequired,high,true,unknown,current Resonance Skill's,[],false,"[""localizedDescription"",""skillCooldownTable"",""skillDefinition"",""skillTags""]","[""killEvent"",""skillCastEvent"",""skillCastOrDamageEvent""]","[""controlledEncounterTriggerProof"",""targetSkillScopeMapping""]",true,"[{""value"":25,""unit"":""percent"",""raw"":""25%""}]","If cast after an Ultimate, summons Wind Knight Nappo to deal Attack DMG once, reduces the current Resonance Skill's CD by 25%, and temporarily increases your DMG.","[{""sourceFile"":""skillnames.json""},{""sourceFile"":""SkillCooldowns.json""}]"
skill,SkillDescriptions.json,3970,Arcane! Command Quadrant,skill:3970:4,flatCooldownReduce,flatReduceMs,eventEvidenceRequired,high,true,unknown,the previously cast Resonance Skill (excluding this one),[],false,"[""localizedDescription"",""skillCooldownTable"",""skillDefinition"",""skillTags""]","[""killEvent"",""skillCastEvent"",""skillCastOrDamageEvent""]","[""controlledEncounterTriggerProof"",""targetSkillScopeMapping""]",true,[],"If cast after another Resonance Skill, summons Beat Performer Nappo to reduce the CD of the previously cast Resonance Skill (excluding this one).","[{""sourceFile"":""skillnames.json""},{""sourceFile"":""SkillCooldowns.json""}]"
skill,SkillDescriptions.json,3975,Arcane! Piercing Roar,skill:3975:1,resetCooldown,reset,eventEvidenceRequired,high,true,unknown,Survival Instinct,[],false,"[""localizedDescription"",""skillCooldownTable"",""skillDefinition"",""skillTags""]","[""skillCastEvent"",""skillCastOrDamageEvent""]","[""controlledEncounterTriggerProof"",""targetSkillScopeMapping""]",true,[],"After casting, instantly resets Survival Instinct CD.","[{""sourceFile"":""skillnames.json""},{""sourceFile"":""SkillCooldowns.json""}]"
skill,SkillDescriptions.json,3978,Stunt! Absolute Zero,skill:3978:1,flatCooldownReduce,flatReduceMs,eventEvidenceRequired,high,true,classSkill,,[],false,"[""localizedDescription"",""skillCooldownTable"",""skillDefinition"",""skillTags""]","[""killEvent"",""skillCastEvent"",""skillCastOrDamageEvent""]","[""controlledEncounterTriggerProof""]",true,"[{""value"":1,""unit"":""seconds"",""raw"":""1s""}]","For a period of time after casting, each Class Skill used reduces your remaining Ultimate CD (triggers up to once every 1s).","[{""sourceFile"":""skillnames.json""},{""sourceFile"":""SkillCooldowns.json""}]"
skill,SkillDescriptions.json,3983,Arcane! Dragon Slayer,skill:3983:1,cooldownTextUnclassified,evidence,textOnly,medium,false,unknown,,[],false,"[""localizedDescription"",""skillCooldownTable"",""skillDefinition"",""skillTags""]","[""activeBuffStacks"",""killEvent"",""skillCastOrDamageEvent""]","[""runtimeIdBridge""]",true,[],"If at max Dragon Force stacks, consumes all stacks of Dragon Force to gain CD reduction for Natsu's skills and a Fire Bonus.","[{""sourceFile"":""skillnames.json""},{""sourceFile"":""SkillCooldowns.json""}]"
skill,SkillDescriptions.json,4004,Accelerate Summon,skill:4004:1,cooldownTextUnclassified,evidence,textOnly,medium,false,unknown,,[],false,"[""localizedDescription"",""skillCooldownTable"",""skillDefinition"",""skillTags""]","[""skillCastOrDamageEvent""]","[""runtimeIdBridge""]",true,[],Accelerate Target,"[{""sourceFile"":""skillnames.json""},{""sourceFile"":""SkillCooldowns.json""}]"
skill,SkillDescriptions.json,4512,Hunter's Pounce,skill:4512:1,cooldownTextUnclassified,evidence,textOnly,medium,false,unknown,,[],false,"[""localizedDescription"",""skillCooldownTable"",""skillDefinition"",""skillTags""]","[""killEvent"",""skillCastOrDamageEvent""]","[""runtimeIdBridge""]",true,[],The speed of skill CD increases while moving.,"[{""sourceFile"":""skillnames.json""},{""sourceFile"":""SkillCooldowns.json""}]"
skill,SkillDescriptions.json,4513,Digger Strike,skill:4513:1,flatCooldownReduce,flatReduceMs,activeBuffOrAttrCandidate,high,false,unknown,Hunter's Pounce,[],false,"[""localizedDescription"",""skillCooldownTable"",""skillDefinition"",""skillTags""]","[""killEvent"",""skillCastOrDamageEvent""]","[""targetSkillScopeMapping""]",true,[],Release at the right moment to dash forward and reduce the skill CD of Hunter's Pounce.,"[{""sourceFile"":""skillnames.json""},{""sourceFile"":""SkillCooldowns.json""}]"
skill,SkillDescriptions.json,4514,Shadow Strike,skill:4514:1,resetCooldown,reset,eventEvidenceRequired,high,true,unknown,Hunter's Pounce,[],false,"[""localizedDescription"",""skillCooldownTable"",""skillDefinition"",""skillTags""]","[""skillCastOrDamageEvent""]","[""controlledEncounterTriggerProof"",""targetSkillScopeMapping""]",true,[],Release at the right moment to dash forward and reset the CD of Hunter's Pounce.,"[{""sourceFile"":""skillnames.json""},{""sourceFile"":""SkillCooldowns.json""}]"
skill,SkillDescriptions.json,4531,Hyper Drift,skill:4531:1,cooldownTextUnclassified,evidence,textOnly,medium,false,unknown,,[],false,"[""localizedDescription"",""skillCooldownTable"",""skillDefinition"",""skillTags""]","[""skillCastOrDamageEvent""]","[""runtimeIdBridge""]",true,"[{""value"":100,""unit"":""percent"",""raw"":""+100%""}]",CD rate +100% while sprinting.,"[{""sourceFile"":""skillnames.json""},{""sourceFile"":""SkillCooldowns.json""}]"
skill,SkillDescriptions.json,4542,Rainbow Leap,skill:4542:1,cooldownTextUnclassified,evidence,textOnly,medium,false,unknown,,[],false,"[""localizedDescription"",""skillCooldownTable"",""skillDefinition"",""skillTags""]","[""skillCastOrDamageEvent""]","[""runtimeIdBridge""]",true,"[{""value"":100,""unit"":""percent"",""raw"":""+100%""}]","CD rate +100% while sprinting, and restores all charges of Dash after use.","[{""sourceFile"":""skillnames.json""},{""sourceFile"":""SkillCooldowns.json""}]"
skill,SkillDescriptions.json,4545,Rainbow Leap,skill:4545:1,cooldownTextUnclassified,evidence,textOnly,medium,false,unknown,,[],false,"[""localizedDescription"",""skillCooldownTable"",""skillDefinition"",""skillTags""]","[""killEvent"",""skillCastOrDamageEvent""]","[""runtimeIdBridge""]",true,"[{""value"":100,""unit"":""percent"",""raw"":""+100%""}]","CD rate +100% while sprinting, and restores all charges of the Dash skill after use.","[{""sourceFile"":""skillnames.json""},{""sourceFile"":""SkillCooldowns.json""}]"
skill,SkillDescriptions.json,4546,Rainbow Leap,skill:4546:1,cooldownTextUnclassified,evidence,textOnly,medium,false,unknown,,[],false,"[""localizedDescription"",""skillCooldownTable"",""skillDefinition"",""skillTags""]","[""killEvent"",""skillCastOrDamageEvent""]","[""runtimeIdBridge""]",true,"[{""value"":100,""unit"":""percent"",""raw"":""+100%""}]","CD rate +100% while sprinting, and restores all charges of the Dash skill after use.","[{""sourceFile"":""skillnames.json""},{""sourceFile"":""SkillCooldowns.json""}]"
skill,SkillDescriptions.json,4547,Dawn Leap,skill:4547:1,cooldownTextUnclassified,evidence,textOnly,medium,false,unknown,,[],false,"[""localizedDescription"",""skillCooldownTable"",""skillDefinition"",""skillTags""]","[""skillCastOrDamageEvent""]","[""runtimeIdBridge""]",true,"[{""value"":100,""unit"":""percent"",""raw"":""+100%""}]",CD rate +100% while sprinting.,"[{""sourceFile"":""skillnames.json""},{""sourceFile"":""SkillCooldowns.json""}]"
skill,SkillDescriptions.json,4553,Golem Strikes,skill:4553:1,cooldownTextUnclassified,evidence,textOnly,medium,false,unknown,,[],false,"[""localizedDescription"",""skillCooldownTable"",""skillDefinition"",""skillTags""]","[""skillCastOrDamageEvent""]","[""runtimeIdBridge""]",true,[],"Ignite, take off, thrusters accelerate forward!","[{""sourceFile"":""skillnames.json""},{""sourceFile"":""SkillCooldowns.json""}]"
skill,SkillDescriptions.json,4601,Blazing Dash,skill:4601:1,cooldownTextUnclassified,evidence,textOnly,medium,false,unknown,,[],false,"[""localizedDescription"",""skillCooldownTable"",""skillDefinition"",""skillTags""]","[""killEvent"",""skillCastOrDamageEvent""]","[""runtimeIdBridge""]",true,[],The speed of skill CD increases while moving.,"[{""sourceFile"":""skillnames.json""},{""sourceFile"":""SkillCooldowns.json""}]"
skill,SkillDescriptions.json,4602,Limit Break,skill:4602:1,flatCooldownReduce,flatReduceMs,activeBuffOrAttrCandidate,high,false,unknown,Blazing Dash,[],false,"[""localizedDescription"",""skillCooldownTable"",""skillDefinition"",""skillTags""]","[""skillCastOrDamageEvent""]","[""targetSkillScopeMapping""]",true,[],Release at the perfect moment to dash forward and reduce the CD of Blazing Dash.,"[{""sourceFile"":""skillnames.json""},{""sourceFile"":""SkillCooldowns.json""}]"
skill,SkillDescriptions.json,4603,Engine Flare,skill:4603:1,resetCooldown,reset,eventEvidenceRequired,high,true,unknown,Blazing Dash,[],false,"[""localizedDescription"",""skillCooldownTable"",""skillDefinition"",""skillTags""]","[""skillCastOrDamageEvent""]","[""controlledEncounterTriggerProof"",""targetSkillScopeMapping""]",true,[],Release at the perfect moment to dash forward and reset the CD of Blazing Dash.,"[{""sourceFile"":""skillnames.json""},{""sourceFile"":""SkillCooldowns.json""}]"
skill,SkillDescriptions.json,4622,Beyond the Stars,skill:4622:1,resetCooldown,reset,eventEvidenceRequired,high,true,unknown,Nebula Glide's,[],false,"[""localizedDescription"",""skillCooldownTable"",""skillDefinition"",""skillTags""]","[""skillCastEvent"",""skillCastOrDamageEvent""]","[""controlledEncounterTriggerProof"",""targetSkillScopeMapping""]",true,[],"Upon casting, instantly resets Nebula Glide's CD.","[{""sourceFile"":""skillnames.json""},{""sourceFile"":""SkillCooldowns.json""}]"
skill,SkillDescriptions.json,4622,Beyond the Stars,skill:4622:2,noCooldownTrigger,noCooldownTrigger,eventEvidenceRequired,high,true,unknown,,[],false,"[""localizedDescription"",""skillCooldownTable"",""skillDefinition"",""skillTags""]","[""skillCastEvent"",""skillCastOrDamageEvent""]","[""controlledEncounterTriggerProof"",""targetSkillScopeMapping""]",true,[],"For a short time afterward, successive casts of Nebula Glide won't trigger CD.","[{""sourceFile"":""skillnames.json""},{""sourceFile"":""SkillCooldowns.json""}]"
skill,SkillDescriptions.json,4642,Game of Luck,skill:4642:1,cooldownTextUnclassified,evidence,textOnly,medium,false,unknown,,"[""lucky""]",true,"[""localizedDescription"",""skillCooldownTable"",""skillDefinition"",""skillTags""]","[""damageEventLuckyFlag"",""finalCharacterStats"",""skillCastOrDamageEvent""]","[""runtimeIdBridge""]",true,[],Lucky Diamond: Increases the cooldown recovery speed of Teleport Trick for a period of time.,"[{""sourceFile"":""skillnames.json""},{""sourceFile"":""SkillCooldowns.json""}]"
skill,SkillDescriptions.json,4653,Graffiti Inspiration,skill:4653:1,cooldownTextUnclassified,evidence,textOnly,medium,false,unknown,,[],false,"[""localizedDescription"",""skillCooldownTable"",""skillDefinition"",""skillTags""]","[""skillCastOrDamageEvent""]","[""runtimeIdBridge""]",true,"[{""value"":30,""unit"":""percent"",""raw"":""30%""}]",Graffiti Coin: Restores 30% charge for Nitro Acceleration.,"[{""sourceFile"":""skillnames.json""},{""sourceFile"":""SkillCooldowns.json""}]"
skill,SkillDescriptions.json,4655,Graffiti Inspiration,skill:4655:1,percentCooldownReduce,pctReduce,activeBuffOrAttrCandidate,high,false,unknown,Nitro Acceleration,[],false,"[""localizedDescription"",""skillCooldownTable"",""skillDefinition"",""skillTags""]","[""skillCastOrDamageEvent""]","[""targetSkillScopeMapping""]",true,"[{""value"":30,""unit"":""percent"",""raw"":""30%""}]",Graffiti Coin: Reduces the CD of Nitro Acceleration by 30% and briefly increases Movement SPD.,"[{""sourceFile"":""skillnames.json""},{""sourceFile"":""SkillCooldowns.json""}]"
skill,SkillDescriptions.json,4662,Snowflake Steps,skill:4662:1,cooldownTextUnclassified,evidence,textOnly,medium,false,unknown,,[],false,"[""localizedDescription"",""skillCooldownTable"",""skillDefinition"",""skillTags""]","[""skillCastEvent"",""skillCastOrDamageEvent""]","[""runtimeIdBridge""]",true,[],"After casting, Winter Leap instantly resets its cooldown.","[{""sourceFile"":""skillnames.json""},{""sourceFile"":""SkillCooldowns.json""}]"
skill,SkillDescriptions.json,4662,Snowflake Steps,skill:4662:2,cooldownTextUnclassified,evidence,textOnly,medium,false,unknown,,[],false,"[""localizedDescription"",""skillCooldownTable"",""skillDefinition"",""skillTags""]","[""skillCastEvent"",""skillCastOrDamageEvent""]","[""runtimeIdBridge""]",true,[],"For a short duration, you can continue using Winter Leap at the right moment without triggering any cooldown.","[{""sourceFile"":""skillnames.json""},{""sourceFile"":""SkillCooldowns.json""}]"
skill,SkillDescriptions.json,4692,Sweet Journey,skill:4692:1,percentCooldownReduce,pctReduce,activeBuffOrAttrCandidate,high,false,unknown,Catapult Acceleration,[],false,"[""localizedDescription"",""skillCooldownTable"",""skillDefinition"",""skillTags""]","[""skillCastOrDamageEvent""]","[""targetSkillScopeMapping""]",true,"[{""value"":30,""unit"":""percent"",""raw"":""30%""}]",Taiyaki: Reduces the CD of Catapult Acceleration by 30% and briefly increases Movement Speed.,"[{""sourceFile"":""skillnames.json""},{""sourceFile"":""SkillCooldowns.json""}]"
skill,SkillDescriptions.json,4712,Sonic Ascent,skill:4712:1,resetCooldown,reset,eventEvidenceRequired,high,true,unknown,Musical Glide's,[],false,"[""localizedDescription"",""skillCooldownTable"",""skillDefinition"",""skillTags""]","[""skillCastEvent"",""skillCastOrDamageEvent""]","[""controlledEncounterTriggerProof"",""targetSkillScopeMapping""]",true,[],"Upon casting, instantly resets Musical Glide's CD.","[{""sourceFile"":""skillnames.json""},{""sourceFile"":""SkillCooldowns.json""}]"
skill,SkillDescriptions.json,4712,Sonic Ascent,skill:4712:2,noCooldownTrigger,noCooldownTrigger,eventEvidenceRequired,high,true,unknown,,[],false,"[""localizedDescription"",""skillCooldownTable"",""skillDefinition"",""skillTags""]","[""skillCastEvent"",""skillCastOrDamageEvent""]","[""controlledEncounterTriggerProof"",""targetSkillScopeMapping""]",true,[],"For a short time afterwards, successive casts of Musical Glide won't trigger CD.","[{""sourceFile"":""skillnames.json""},{""sourceFile"":""SkillCooldowns.json""}]"
skill,SkillDescriptions.json,4714,Sonic Ascent,skill:4714:1,resetCooldown,reset,eventEvidenceRequired,high,true,unknown,Musical Glide's,[],false,"[""localizedDescription"",""skillCooldownTable"",""skillDefinition"",""skillTags""]","[""skillCastEvent"",""skillCastOrDamageEvent""]","[""controlledEncounterTriggerProof"",""targetSkillScopeMapping""]",true,[],"Upon casting, instantly resets Musical Glide's CD.","[{""sourceFile"":""skillnames.json""},{""sourceFile"":""SkillCooldowns.json""}]"
skill,SkillDescriptions.json,4714,Sonic Ascent,skill:4714:2,noCooldownTrigger,noCooldownTrigger,eventEvidenceRequired,high,true,unknown,,[],false,"[""localizedDescription"",""skillCooldownTable"",""skillDefinition"",""skillTags""]","[""skillCastEvent"",""skillCastOrDamageEvent""]","[""controlledEncounterTriggerProof"",""targetSkillScopeMapping""]",true,[],"For a short time afterwards, successive casts of Musical Glide won't trigger CD.","[{""sourceFile"":""skillnames.json""},{""sourceFile"":""SkillCooldowns.json""}]"
skill,SkillDescriptions.json,4722,Night Phantom Waltz,skill:4722:1,cooldownTextUnclassified,evidence,textOnly,medium,false,unknown,,[],false,"[""localizedDescription"",""skillCooldownTable"",""skillDefinition"",""skillTags""]","[""killEvent"",""skillCastEvent"",""skillCastOrDamageEvent""]","[""runtimeIdBridge""]",true,[],"For a short duration after casting, the CD Speed of the Melt Into the Night skill is increased.","[{""sourceFile"":""skillnames.json""},{""sourceFile"":""SkillCooldowns.json""}]"
skill,SkillDescriptions.json,124101,Frostbeam,skill:124101:1,hasteStat,hasteEvidence,attrOrBuffEvidence,medium,false,unknown,,"[""haste""]",true,"[""localizedDescription"",""skillCooldownTable"",""skillDefinition"",""skillTags""]","[""finalCharacterStats"",""skillCastOrDamageEvent""]","[""targetSkillScopeMapping""]",true,"[{""value"":3,""unit"":"""",""raw"":""3""}]",(Terminates when Ice Energy drops below 3.) Frostbeam's firing interval is affected by Haste.,"[{""sourceFile"":""skillnames.json""}]"
skill,SkillDescriptions.json,124102,Frostbeam,skill:124102:1,hasteStat,hasteEvidence,attrOrBuffEvidence,medium,false,unknown,,"[""haste""]",true,"[""localizedDescription"",""skillCooldownTable"",""skillDefinition"",""skillTags""]","[""finalCharacterStats"",""skillCastOrDamageEvent""]","[""targetSkillScopeMapping""]",true,"[{""value"":3,""unit"":"""",""raw"":""3""}]",(Terminates when Ice Energy drops below 3.) Frostbeam's firing interval is affected by Haste.,"[{""sourceFile"":""skillnames.json""}]"
skill,SkillDescriptions.json,124103,Frostbeam,skill:124103:1,hasteStat,hasteEvidence,attrOrBuffEvidence,medium,false,unknown,,"[""haste""]",true,"[""localizedDescription"",""skillCooldownTable"",""skillDefinition"",""skillTags""]","[""finalCharacterStats"",""skillCastOrDamageEvent""]","[""targetSkillScopeMapping""]",true,"[{""value"":3,""unit"":"""",""raw"":""3""}]",(Terminates when Ice Energy drops below 3.) Frostbeam's firing interval is affected by Haste.,"[{""sourceFile"":""skillnames.json""}]"
skill,SkillDescriptions.json,124104,Frostbeam,skill:124104:1,hasteStat,hasteEvidence,attrOrBuffEvidence,medium,false,unknown,,"[""haste""]",true,"[""localizedDescription"",""skillCooldownTable"",""skillDefinition"",""skillTags""]","[""finalCharacterStats"",""skillCastOrDamageEvent""]","[""targetSkillScopeMapping""]",true,"[{""value"":3,""unit"":"""",""raw"":""3""}]",(Terminates when Ice Energy drops below 3.) Frostbeam's firing interval is affected by Haste.,"[{""sourceFile"":""skillnames.json""}]"
skill,SkillDescriptions.json,124105,Frostbeam,skill:124105:1,hasteStat,hasteEvidence,attrOrBuffEvidence,medium,false,unknown,,"[""haste""]",true,"[""localizedDescription"",""skillCooldownTable"",""skillDefinition"",""skillTags""]","[""finalCharacterStats"",""skillCastOrDamageEvent""]","[""targetSkillScopeMapping""]",true,"[{""value"":3,""unit"":"""",""raw"":""3""}]",(Terminates when Ice Energy drops below 3.) Frostbeam's firing interval is affected by Haste.,"[{""sourceFile"":""skillnames.json""}]"
skill,SkillDescriptions.json,124106,Frostbeam,skill:124106:1,hasteStat,hasteEvidence,attrOrBuffEvidence,medium,false,unknown,,"[""haste""]",true,"[""localizedDescription"",""skillCooldownTable"",""skillDefinition"",""skillTags""]","[""finalCharacterStats"",""skillCastOrDamageEvent""]","[""targetSkillScopeMapping""]",true,"[{""value"":3,""unit"":"""",""raw"":""3""}]",(Terminates when Ice Energy drops below 3.) Frostbeam's firing interval is affected by Haste.,"[{""sourceFile"":""skillnames.json""}]"
skill,SkillDescriptions.json,124107,Frostbeam,skill:124107:1,hasteStat,hasteEvidence,attrOrBuffEvidence,medium,false,unknown,,"[""haste""]",true,"[""localizedDescription"",""skillCooldownTable"",""skillDefinition"",""skillTags""]","[""finalCharacterStats"",""skillCastOrDamageEvent""]","[""targetSkillScopeMapping""]",true,"[{""value"":3,""unit"":"""",""raw"":""3""}]",(Terminates when Ice Energy drops below 3.) Frostbeam's firing interval is affected by Haste.,"[{""sourceFile"":""skillnames.json""}]"
skill,SkillDescriptions.json,124108,Frostbeam,skill:124108:1,hasteStat,hasteEvidence,attrOrBuffEvidence,medium,false,unknown,,"[""haste""]",true,"[""localizedDescription"",""skillCooldownTable"",""skillDefinition"",""skillTags""]","[""finalCharacterStats"",""skillCastOrDamageEvent""]","[""targetSkillScopeMapping""]",true,"[{""value"":3,""unit"":"""",""raw"":""3""}]",(Terminates when Ice Energy drops below 3.) Frostbeam's firing interval is affected by Haste.,"[{""sourceFile"":""skillnames.json""}]"
skill,SkillDescriptions.json,124109,Frostbeam,skill:124109:1,hasteStat,hasteEvidence,attrOrBuffEvidence,medium,false,unknown,,"[""haste""]",true,"[""localizedDescription"",""skillCooldownTable"",""skillDefinition"",""skillTags""]","[""finalCharacterStats"",""skillCastOrDamageEvent""]","[""targetSkillScopeMapping""]",true,"[{""value"":3,""unit"":"""",""raw"":""3""}]",(Terminates when Ice Energy drops below 3.) Frostbeam's firing interval is affected by Haste.,"[{""sourceFile"":""skillnames.json""}]"
skill,SkillDescriptions.json,124110,Frostbeam,skill:124110:1,hasteStat,hasteEvidence,attrOrBuffEvidence,medium,false,unknown,,"[""haste""]",true,"[""localizedDescription"",""skillCooldownTable"",""skillDefinition"",""skillTags""]","[""finalCharacterStats"",""skillCastOrDamageEvent""]","[""targetSkillScopeMapping""]",true,"[{""value"":3,""unit"":"""",""raw"":""3""}]",(Terminates when Ice Energy drops below 3.) Frostbeam's firing interval is affected by Haste.,"[{""sourceFile"":""skillnames.json""}]"
skill,SkillDescriptions.json,124111,Frostbeam,skill:124111:1,hasteStat,hasteEvidence,attrOrBuffEvidence,medium,false,unknown,,"[""haste""]",true,"[""localizedDescription"",""skillCooldownTable"",""skillDefinition"",""skillTags""]","[""finalCharacterStats"",""skillCastOrDamageEvent""]","[""targetSkillScopeMapping""]",true,"[{""value"":3,""unit"":"""",""raw"":""3""}]",(Terminates when Ice Energy drops below 3.) Frostbeam's firing interval is affected by Haste.,"[{""sourceFile"":""skillnames.json""}]"
skill,SkillDescriptions.json,124112,Frostbeam,skill:124112:1,hasteStat,hasteEvidence,attrOrBuffEvidence,medium,false,unknown,,"[""haste""]",true,"[""localizedDescription"",""skillCooldownTable"",""skillDefinition"",""skillTags""]","[""finalCharacterStats"",""skillCastOrDamageEvent""]","[""targetSkillScopeMapping""]",true,"[{""value"":3,""unit"":"""",""raw"":""3""}]",(Terminates when Ice Energy drops below 3.) Frostbeam's firing interval is affected by Haste.,"[{""sourceFile"":""skillnames.json""}]"
skill,SkillDescriptions.json,124113,Frostbeam,skill:124113:1,hasteStat,hasteEvidence,attrOrBuffEvidence,medium,false,unknown,,"[""haste""]",true,"[""localizedDescription"",""skillCooldownTable"",""skillDefinition"",""skillTags""]","[""finalCharacterStats"",""skillCastOrDamageEvent""]","[""targetSkillScopeMapping""]",true,"[{""value"":3,""unit"":"""",""raw"":""3""}]",(Terminates when Ice Energy drops below 3.) Frostbeam's firing interval is affected by Haste.,"[{""sourceFile"":""skillnames.json""}]"
skill,SkillDescriptions.json,124114,Frostbeam,skill:124114:1,hasteStat,hasteEvidence,attrOrBuffEvidence,medium,false,unknown,,"[""haste""]",true,"[""localizedDescription"",""skillCooldownTable"",""skillDefinition"",""skillTags""]","[""finalCharacterStats"",""skillCastOrDamageEvent""]","[""targetSkillScopeMapping""]",true,"[{""value"":3,""unit"":"""",""raw"":""3""}]",(Terminates when Ice Energy drops below 3.) Frostbeam's firing interval is affected by Haste.,"[{""sourceFile"":""skillnames.json""}]"
skill,SkillDescriptions.json,124115,Frostbeam,skill:124115:1,hasteStat,hasteEvidence,attrOrBuffEvidence,medium,false,unknown,,"[""haste""]",true,"[""localizedDescription"",""skillCooldownTable"",""skillDefinition"",""skillTags""]","[""finalCharacterStats"",""skillCastOrDamageEvent""]","[""targetSkillScopeMapping""]",true,"[{""value"":3,""unit"":"""",""raw"":""3""}]",(Terminates when Ice Energy drops below 3.) Frostbeam's firing interval is affected by Haste.,"[{""sourceFile"":""skillnames.json""}]"
skill,SkillDescriptions.json,124116,Frostbeam,skill:124116:1,hasteStat,hasteEvidence,attrOrBuffEvidence,medium,false,unknown,,"[""haste""]",true,"[""localizedDescription"",""skillCooldownTable"",""skillDefinition"",""skillTags""]","[""finalCharacterStats"",""skillCastOrDamageEvent""]","[""targetSkillScopeMapping""]",true,"[{""value"":3,""unit"":"""",""raw"":""3""}]",(Terminates when Ice Energy drops below 3.) Frostbeam's firing interval is affected by Haste.,"[{""sourceFile"":""skillnames.json""}]"
skill,SkillDescriptions.json,124117,Frostbeam,skill:124117:1,hasteStat,hasteEvidence,attrOrBuffEvidence,medium,false,unknown,,"[""haste""]",true,"[""localizedDescription"",""skillCooldownTable"",""skillDefinition"",""skillTags""]","[""finalCharacterStats"",""skillCastOrDamageEvent""]","[""targetSkillScopeMapping""]",true,"[{""value"":3,""unit"":"""",""raw"":""3""}]",(Terminates when Ice Energy drops below 3.) Frostbeam's firing interval is affected by Haste.,"[{""sourceFile"":""skillnames.json""}]"
skill,SkillDescriptions.json,124118,Frostbeam,skill:124118:1,hasteStat,hasteEvidence,attrOrBuffEvidence,medium,false,unknown,,"[""haste""]",true,"[""localizedDescription"",""skillCooldownTable"",""skillDefinition"",""skillTags""]","[""finalCharacterStats"",""skillCastOrDamageEvent""]","[""targetSkillScopeMapping""]",true,"[{""value"":3,""unit"":"""",""raw"":""3""}]",(Terminates when Ice Energy drops below 3.) Frostbeam's firing interval is affected by Haste.,"[{""sourceFile"":""skillnames.json""}]"
skill,SkillDescriptions.json,124119,Frostbeam,skill:124119:1,hasteStat,hasteEvidence,attrOrBuffEvidence,medium,false,unknown,,"[""haste""]",true,"[""localizedDescription"",""skillCooldownTable"",""skillDefinition"",""skillTags""]","[""finalCharacterStats"",""skillCastOrDamageEvent""]","[""targetSkillScopeMapping""]",true,"[{""value"":3,""unit"":"""",""raw"":""3""}]",(Terminates when Ice Energy drops below 3.) Frostbeam's firing interval is affected by Haste.,"[{""sourceFile"":""skillnames.json""}]"
skill,SkillDescriptions.json,124120,Frostbeam,skill:124120:1,hasteStat,hasteEvidence,attrOrBuffEvidence,medium,false,unknown,,"[""haste""]",true,"[""localizedDescription"",""skillCooldownTable"",""skillDefinition"",""skillTags""]","[""finalCharacterStats"",""skillCastOrDamageEvent""]","[""targetSkillScopeMapping""]",true,"[{""value"":3,""unit"":"""",""raw"":""3""}]",(Terminates when Ice Energy drops below 3.) Frostbeam's firing interval is affected by Haste.,"[{""sourceFile"":""skillnames.json""}]"
skill,SkillDescriptions.json,124121,Frostbeam,skill:124121:1,hasteStat,hasteEvidence,attrOrBuffEvidence,medium,false,unknown,,"[""haste""]",true,"[""localizedDescription"",""skillCooldownTable"",""skillDefinition"",""skillTags""]","[""finalCharacterStats"",""skillCastOrDamageEvent""]","[""targetSkillScopeMapping""]",true,"[{""value"":3,""unit"":"""",""raw"":""3""}]",(Terminates when Ice Energy drops below 3.) Frostbeam's firing interval is affected by Haste.,"[{""sourceFile"":""skillnames.json""}]"
skill,SkillDescriptions.json,124122,Frostbeam,skill:124122:1,hasteStat,hasteEvidence,attrOrBuffEvidence,medium,false,unknown,,"[""haste""]",true,"[""localizedDescription"",""skillCooldownTable"",""skillDefinition"",""skillTags""]","[""finalCharacterStats"",""skillCastOrDamageEvent""]","[""targetSkillScopeMapping""]",true,"[{""value"":3,""unit"":"""",""raw"":""3""}]",(Terminates when Ice Energy drops below 3.) Frostbeam's firing interval is affected by Haste.,"[{""sourceFile"":""skillnames.json""}]"
skill,SkillDescriptions.json,124123,Frostbeam,skill:124123:1,hasteStat,hasteEvidence,attrOrBuffEvidence,medium,false,unknown,,"[""haste""]",true,"[""localizedDescription"",""skillCooldownTable"",""skillDefinition"",""skillTags""]","[""finalCharacterStats"",""skillCastOrDamageEvent""]","[""targetSkillScopeMapping""]",true,"[{""value"":3,""unit"":"""",""raw"":""3""}]",(Terminates when Ice Energy drops below 3.) Frostbeam's firing interval is affected by Haste.,"[{""sourceFile"":""skillnames.json""}]"
skill,SkillDescriptions.json,124124,Frostbeam,skill:124124:1,hasteStat,hasteEvidence,attrOrBuffEvidence,medium,false,unknown,,"[""haste""]",true,"[""localizedDescription"",""skillCooldownTable"",""skillDefinition"",""skillTags""]","[""finalCharacterStats"",""skillCastOrDamageEvent""]","[""targetSkillScopeMapping""]",true,"[{""value"":3,""unit"":"""",""raw"":""3""}]",(Terminates when Ice Energy drops below 3.) Frostbeam's firing interval is affected by Haste.,"[{""sourceFile"":""skillnames.json""}]"
skill,SkillDescriptions.json,124125,Frostbeam,skill:124125:1,hasteStat,hasteEvidence,attrOrBuffEvidence,medium,false,unknown,,"[""haste""]",true,"[""localizedDescription"",""skillCooldownTable"",""skillDefinition"",""skillTags""]","[""finalCharacterStats"",""skillCastOrDamageEvent""]","[""targetSkillScopeMapping""]",true,"[{""value"":3,""unit"":"""",""raw"":""3""}]",(Terminates when Ice Energy drops below 3.) Frostbeam's firing interval is affected by Haste.,"[{""sourceFile"":""skillnames.json""}]"
skill,SkillDescriptions.json,124126,Frostbeam,skill:124126:1,hasteStat,hasteEvidence,attrOrBuffEvidence,medium,false,unknown,,"[""haste""]",true,"[""localizedDescription"",""skillCooldownTable"",""skillDefinition"",""skillTags""]","[""finalCharacterStats"",""skillCastOrDamageEvent""]","[""targetSkillScopeMapping""]",true,"[{""value"":3,""unit"":"""",""raw"":""3""}]",(Terminates when Ice Energy drops below 3.) Frostbeam's firing interval is affected by Haste.,"[{""sourceFile"":""skillnames.json""}]"
skill,SkillDescriptions.json,124127,Frostbeam,skill:124127:1,hasteStat,hasteEvidence,attrOrBuffEvidence,medium,false,unknown,,"[""haste""]",true,"[""localizedDescription"",""skillCooldownTable"",""skillDefinition"",""skillTags""]","[""finalCharacterStats"",""skillCastOrDamageEvent""]","[""targetSkillScopeMapping""]",true,"[{""value"":3,""unit"":"""",""raw"":""3""}]",(Terminates when Ice Energy drops below 3.) Frostbeam's firing interval is affected by Haste.,"[{""sourceFile"":""skillnames.json""}]"
skill,SkillDescriptions.json,124128,Frostbeam,skill:124128:1,hasteStat,hasteEvidence,attrOrBuffEvidence,medium,false,unknown,,"[""haste""]",true,"[""localizedDescription"",""skillCooldownTable"",""skillDefinition"",""skillTags""]","[""finalCharacterStats"",""skillCastOrDamageEvent""]","[""targetSkillScopeMapping""]",true,"[{""value"":3,""unit"":"""",""raw"":""3""}]",(Terminates when Ice Energy drops below 3.) Frostbeam's firing interval is affected by Haste.,"[{""sourceFile"":""skillnames.json""}]"
skill,SkillDescriptions.json,124129,Frostbeam,skill:124129:1,hasteStat,hasteEvidence,attrOrBuffEvidence,medium,false,unknown,,"[""haste""]",true,"[""localizedDescription"",""skillCooldownTable"",""skillDefinition"",""skillTags""]","[""finalCharacterStats"",""skillCastOrDamageEvent""]","[""targetSkillScopeMapping""]",true,"[{""value"":3,""unit"":"""",""raw"":""3""}]",(Terminates when Ice Energy drops below 3.) Frostbeam's firing interval is affected by Haste.,"[{""sourceFile"":""skillnames.json""}]"
skill,SkillDescriptions.json,124130,Frostbeam,skill:124130:1,hasteStat,hasteEvidence,attrOrBuffEvidence,medium,false,unknown,,"[""haste""]",true,"[""localizedDescription"",""skillCooldownTable"",""skillDefinition"",""skillTags""]","[""finalCharacterStats"",""skillCastOrDamageEvent""]","[""targetSkillScopeMapping""]",true,"[{""value"":3,""unit"":"""",""raw"":""3""}]",(Terminates when Ice Energy drops below 3.) Frostbeam's firing interval is affected by Haste.,"[{""sourceFile"":""skillnames.json""}]"
skill,SkillDescriptions.json,124301,Permafrost,skill:124301:1,hasteStat,hasteEvidence,attrOrBuffEvidence,medium,false,unknown,,"[""haste""]",true,"[""localizedDescription"",""skillCooldownTable"",""skillDefinition"",""skillTags""]","[""finalCharacterStats"",""skillCastOrDamageEvent""]","[""targetSkillScopeMapping""]",true,"[{""value"":6,""unit"":"""",""raw"":""6 ""}]","Summons the power of frost, gaining Super Armor for the duration while accumulating 6 Ice Energy per second and increasing Haste.","[{""sourceFile"":""skillnames.json""}]"
skill,SkillDescriptions.json,124302,Permafrost,skill:124302:1,hasteStat,hasteEvidence,attrOrBuffEvidence,medium,false,unknown,,"[""haste""]",true,"[""localizedDescription"",""skillCooldownTable"",""skillDefinition"",""skillTags""]","[""finalCharacterStats"",""skillCastOrDamageEvent""]","[""targetSkillScopeMapping""]",true,"[{""value"":6,""unit"":"""",""raw"":""6 ""}]","Summons the power of frost, gaining Super Armor for the duration while accumulating 6 Ice Energy per second and increasing Haste.","[{""sourceFile"":""skillnames.json""}]"
skill,SkillDescriptions.json,124303,Permafrost,skill:124303:1,hasteStat,hasteEvidence,attrOrBuffEvidence,medium,false,unknown,,"[""haste""]",true,"[""localizedDescription"",""skillCooldownTable"",""skillDefinition"",""skillTags""]","[""finalCharacterStats"",""skillCastOrDamageEvent""]","[""targetSkillScopeMapping""]",true,"[{""value"":6,""unit"":"""",""raw"":""6 ""}]","Summons the power of frost, gaining Super Armor for the duration while accumulating 6 Ice Energy per second and increasing Haste.","[{""sourceFile"":""skillnames.json""}]"
skill,SkillDescriptions.json,124304,Permafrost,skill:124304:1,hasteStat,hasteEvidence,attrOrBuffEvidence,medium,false,unknown,,"[""haste""]",true,"[""localizedDescription"",""skillCooldownTable"",""skillDefinition"",""skillTags""]","[""finalCharacterStats"",""skillCastOrDamageEvent""]","[""targetSkillScopeMapping""]",true,"[{""value"":6,""unit"":"""",""raw"":""6 ""}]","Summons the power of frost, gaining Super Armor for the duration while accumulating 6 Ice Energy per second and increasing Haste.","[{""sourceFile"":""skillnames.json""}]"
skill,SkillDescriptions.json,124305,Permafrost,skill:124305:1,hasteStat,hasteEvidence,attrOrBuffEvidence,medium,false,unknown,,"[""haste""]",true,"[""localizedDescription"",""skillCooldownTable"",""skillDefinition"",""skillTags""]","[""finalCharacterStats"",""skillCastOrDamageEvent""]","[""targetSkillScopeMapping""]",true,"[{""value"":6,""unit"":"""",""raw"":""6 ""}]","Summons the power of frost, gaining Super Armor for the duration while accumulating 6 Ice Energy per second and increasing Haste.","[{""sourceFile"":""skillnames.json""}]"
skill,SkillDescriptions.json,124306,Permafrost,skill:124306:1,hasteStat,hasteEvidence,attrOrBuffEvidence,medium,false,unknown,,"[""haste""]",true,"[""localizedDescription"",""skillCooldownTable"",""skillDefinition"",""skillTags""]","[""finalCharacterStats"",""skillCastOrDamageEvent""]","[""targetSkillScopeMapping""]",true,"[{""value"":6,""unit"":"""",""raw"":""6 ""}]","Summons the power of frost, gaining Super Armor for the duration while accumulating 6 Ice Energy per second and increasing Haste.","[{""sourceFile"":""skillnames.json""}]"
skill,SkillDescriptions.json,124307,Permafrost,skill:124307:1,hasteStat,hasteEvidence,attrOrBuffEvidence,medium,false,unknown,,"[""haste""]",true,"[""localizedDescription"",""skillCooldownTable"",""skillDefinition"",""skillTags""]","[""finalCharacterStats"",""skillCastOrDamageEvent""]","[""targetSkillScopeMapping""]",true,"[{""value"":6,""unit"":"""",""raw"":""6 ""}]","Summons the power of frost, gaining Super Armor for the duration while accumulating 6 Ice Energy per second and increasing Haste.","[{""sourceFile"":""skillnames.json""}]"
skill,SkillDescriptions.json,124308,Permafrost,skill:124308:1,hasteStat,hasteEvidence,attrOrBuffEvidence,medium,false,unknown,,"[""haste""]",true,"[""localizedDescription"",""skillCooldownTable"",""skillDefinition"",""skillTags""]","[""finalCharacterStats"",""skillCastOrDamageEvent""]","[""targetSkillScopeMapping""]",true,"[{""value"":6,""unit"":"""",""raw"":""6 ""}]","Summons the power of frost, gaining Super Armor for the duration while accumulating 6 Ice Energy per second and increasing Haste.","[{""sourceFile"":""skillnames.json""}]"
skill,SkillDescriptions.json,124309,Permafrost,skill:124309:1,hasteStat,hasteEvidence,attrOrBuffEvidence,medium,false,unknown,,"[""haste""]",true,"[""localizedDescription"",""skillCooldownTable"",""skillDefinition"",""skillTags""]","[""finalCharacterStats"",""skillCastOrDamageEvent""]","[""targetSkillScopeMapping""]",true,"[{""value"":6,""unit"":"""",""raw"":""6 ""}]","Summons the power of frost, gaining Super Armor for the duration while accumulating 6 Ice Energy per second and increasing Haste.","[{""sourceFile"":""skillnames.json""}]"
skill,SkillDescriptions.json,124310,Permafrost,skill:124310:1,hasteStat,hasteEvidence,attrOrBuffEvidence,medium,false,unknown,,"[""haste""]",true,"[""localizedDescription"",""skillCooldownTable"",""skillDefinition"",""skillTags""]","[""finalCharacterStats"",""skillCastOrDamageEvent""]","[""targetSkillScopeMapping""]",true,"[{""value"":6,""unit"":"""",""raw"":""6 ""}]","Summons the power of frost, gaining Super Armor for the duration while accumulating 6 Ice Energy per second and increasing Haste.","[{""sourceFile"":""skillnames.json""}]"
skill,SkillDescriptions.json,124311,Permafrost,skill:124311:1,hasteStat,hasteEvidence,attrOrBuffEvidence,medium,false,unknown,,"[""haste""]",true,"[""localizedDescription"",""skillCooldownTable"",""skillDefinition"",""skillTags""]","[""finalCharacterStats"",""skillCastOrDamageEvent""]","[""targetSkillScopeMapping""]",true,"[{""value"":6,""unit"":"""",""raw"":""6 ""}]","Summons the power of frost, gaining Super Armor for the duration while accumulating 6 Ice Energy per second and increasing Haste.","[{""sourceFile"":""skillnames.json""}]"
skill,SkillDescriptions.json,124312,Permafrost,skill:124312:1,hasteStat,hasteEvidence,attrOrBuffEvidence,medium,false,unknown,,"[""haste""]",true,"[""localizedDescription"",""skillCooldownTable"",""skillDefinition"",""skillTags""]","[""finalCharacterStats"",""skillCastOrDamageEvent""]","[""targetSkillScopeMapping""]",true,"[{""value"":6,""unit"":"""",""raw"":""6 ""}]","Summons the power of frost, gaining Super Armor for the duration while accumulating 6 Ice Energy per second and increasing Haste.","[{""sourceFile"":""skillnames.json""}]"
skill,SkillDescriptions.json,124313,Permafrost,skill:124313:1,hasteStat,hasteEvidence,attrOrBuffEvidence,medium,false,unknown,,"[""haste""]",true,"[""localizedDescription"",""skillCooldownTable"",""skillDefinition"",""skillTags""]","[""finalCharacterStats"",""skillCastOrDamageEvent""]","[""targetSkillScopeMapping""]",true,"[{""value"":6,""unit"":"""",""raw"":""6 ""}]","Summons the power of frost, gaining Super Armor for the duration while accumulating 6 Ice Energy per second and increasing Haste.","[{""sourceFile"":""skillnames.json""}]"
skill,SkillDescriptions.json,124314,Permafrost,skill:124314:1,hasteStat,hasteEvidence,attrOrBuffEvidence,medium,false,unknown,,"[""haste""]",true,"[""localizedDescription"",""skillCooldownTable"",""skillDefinition"",""skillTags""]","[""finalCharacterStats"",""skillCastOrDamageEvent""]","[""targetSkillScopeMapping""]",true,"[{""value"":6,""unit"":"""",""raw"":""6 ""}]","Summons the power of frost, gaining Super Armor for the duration while accumulating 6 Ice Energy per second and increasing Haste.","[{""sourceFile"":""skillnames.json""}]"
skill,SkillDescriptions.json,124315,Permafrost,skill:124315:1,hasteStat,hasteEvidence,attrOrBuffEvidence,medium,false,unknown,,"[""haste""]",true,"[""localizedDescription"",""skillCooldownTable"",""skillDefinition"",""skillTags""]","[""finalCharacterStats"",""skillCastOrDamageEvent""]","[""targetSkillScopeMapping""]",true,"[{""value"":6,""unit"":"""",""raw"":""6 ""}]","Summons the power of frost, gaining Super Armor for the duration while accumulating 6 Ice Energy per second and increasing Haste.","[{""sourceFile"":""skillnames.json""}]"
skill,SkillDescriptions.json,124316,Permafrost,skill:124316:1,hasteStat,hasteEvidence,attrOrBuffEvidence,medium,false,unknown,,"[""haste""]",true,"[""localizedDescription"",""skillCooldownTable"",""skillDefinition"",""skillTags""]","[""finalCharacterStats"",""skillCastOrDamageEvent""]","[""targetSkillScopeMapping""]",true,"[{""value"":6,""unit"":"""",""raw"":""6 ""}]","Summons the power of frost, gaining Super Armor for the duration while accumulating 6 Ice Energy per second and increasing Haste.","[{""sourceFile"":""skillnames.json""}]"
skill,SkillDescriptions.json,124317,Permafrost,skill:124317:1,hasteStat,hasteEvidence,attrOrBuffEvidence,medium,false,unknown,,"[""haste""]",true,"[""localizedDescription"",""skillCooldownTable"",""skillDefinition"",""skillTags""]","[""finalCharacterStats"",""skillCastOrDamageEvent""]","[""targetSkillScopeMapping""]",true,"[{""value"":6,""unit"":"""",""raw"":""6 ""}]","Summons the power of frost, gaining Super Armor for the duration while accumulating 6 Ice Energy per second and increasing Haste.","[{""sourceFile"":""skillnames.json""}]"
skill,SkillDescriptions.json,124318,Permafrost,skill:124318:1,hasteStat,hasteEvidence,attrOrBuffEvidence,medium,false,unknown,,"[""haste""]",true,"[""localizedDescription"",""skillCooldownTable"",""skillDefinition"",""skillTags""]","[""finalCharacterStats"",""skillCastOrDamageEvent""]","[""targetSkillScopeMapping""]",true,"[{""value"":6,""unit"":"""",""raw"":""6 ""}]","Summons the power of frost, gaining Super Armor for the duration while accumulating 6 Ice Energy per second and increasing Haste.","[{""sourceFile"":""skillnames.json""}]"
skill,SkillDescriptions.json,124319,Permafrost,skill:124319:1,hasteStat,hasteEvidence,attrOrBuffEvidence,medium,false,unknown,,"[""haste""]",true,"[""localizedDescription"",""skillCooldownTable"",""skillDefinition"",""skillTags""]","[""finalCharacterStats"",""skillCastOrDamageEvent""]","[""targetSkillScopeMapping""]",true,"[{""value"":6,""unit"":"""",""raw"":""6 ""}]","Summons the power of frost, gaining Super Armor for the duration while accumulating 6 Ice Energy per second and increasing Haste.","[{""sourceFile"":""skillnames.json""}]"
skill,SkillDescriptions.json,124320,Permafrost,skill:124320:1,hasteStat,hasteEvidence,attrOrBuffEvidence,medium,false,unknown,,"[""haste""]",true,"[""localizedDescription"",""skillCooldownTable"",""skillDefinition"",""skillTags""]","[""finalCharacterStats"",""skillCastOrDamageEvent""]","[""targetSkillScopeMapping""]",true,"[{""value"":6,""unit"":"""",""raw"":""6 ""}]","Summons the power of frost, gaining Super Armor for the duration while accumulating 6 Ice Energy per second and increasing Haste.","[{""sourceFile"":""skillnames.json""}]"
skill,SkillDescriptions.json,124321,Permafrost,skill:124321:1,hasteStat,hasteEvidence,attrOrBuffEvidence,medium,false,unknown,,"[""haste""]",true,"[""localizedDescription"",""skillCooldownTable"",""skillDefinition"",""skillTags""]","[""finalCharacterStats"",""skillCastOrDamageEvent""]","[""targetSkillScopeMapping""]",true,"[{""value"":6,""unit"":"""",""raw"":""6 ""}]","Summons the power of frost, gaining Super Armor for the duration while accumulating 6 Ice Energy per second and increasing Haste.","[{""sourceFile"":""skillnames.json""}]"
skill,SkillDescriptions.json,124322,Permafrost,skill:124322:1,hasteStat,hasteEvidence,attrOrBuffEvidence,medium,false,unknown,,"[""haste""]",true,"[""localizedDescription"",""skillCooldownTable"",""skillDefinition"",""skillTags""]","[""finalCharacterStats"",""skillCastOrDamageEvent""]","[""targetSkillScopeMapping""]",true,"[{""value"":6,""unit"":"""",""raw"":""6 ""}]","Summons the power of frost, gaining Super Armor for the duration while accumulating 6 Ice Energy per second and increasing Haste.","[{""sourceFile"":""skillnames.json""}]"
skill,SkillDescriptions.json,124323,Permafrost,skill:124323:1,hasteStat,hasteEvidence,attrOrBuffEvidence,medium,false,unknown,,"[""haste""]",true,"[""localizedDescription"",""skillCooldownTable"",""skillDefinition"",""skillTags""]","[""finalCharacterStats"",""skillCastOrDamageEvent""]","[""targetSkillScopeMapping""]",true,"[{""value"":6,""unit"":"""",""raw"":""6 ""}]","Summons the power of frost, gaining Super Armor for the duration while accumulating 6 Ice Energy per second and increasing Haste.","[{""sourceFile"":""skillnames.json""}]"
skill,SkillDescriptions.json,124324,Permafrost,skill:124324:1,hasteStat,hasteEvidence,attrOrBuffEvidence,medium,false,unknown,,"[""haste""]",true,"[""localizedDescription"",""skillCooldownTable"",""skillDefinition"",""skillTags""]","[""finalCharacterStats"",""skillCastOrDamageEvent""]","[""targetSkillScopeMapping""]",true,"[{""value"":6,""unit"":"""",""raw"":""6 ""}]","Summons the power of frost, gaining Super Armor for the duration while accumulating 6 Ice Energy per second and increasing Haste.","[{""sourceFile"":""skillnames.json""}]"
skill,SkillDescriptions.json,124325,Permafrost,skill:124325:1,hasteStat,hasteEvidence,attrOrBuffEvidence,medium,false,unknown,,"[""haste""]",true,"[""localizedDescription"",""skillCooldownTable"",""skillDefinition"",""skillTags""]","[""finalCharacterStats"",""skillCastOrDamageEvent""]","[""targetSkillScopeMapping""]",true,"[{""value"":6,""unit"":"""",""raw"":""6 ""}]","Summons the power of frost, gaining Super Armor for the duration while accumulating 6 Ice Energy per second and increasing Haste.","[{""sourceFile"":""skillnames.json""}]"
skill,SkillDescriptions.json,124326,Permafrost,skill:124326:1,hasteStat,hasteEvidence,attrOrBuffEvidence,medium,false,unknown,,"[""haste""]",true,"[""localizedDescription"",""skillCooldownTable"",""skillDefinition"",""skillTags""]","[""finalCharacterStats"",""skillCastOrDamageEvent""]","[""targetSkillScopeMapping""]",true,"[{""value"":6,""unit"":"""",""raw"":""6 ""}]","Summons the power of frost, gaining Super Armor for the duration while accumulating 6 Ice Energy per second and increasing Haste.","[{""sourceFile"":""skillnames.json""}]"
skill,SkillDescriptions.json,124327,Permafrost,skill:124327:1,hasteStat,hasteEvidence,attrOrBuffEvidence,medium,false,unknown,,"[""haste""]",true,"[""localizedDescription"",""skillCooldownTable"",""skillDefinition"",""skillTags""]","[""finalCharacterStats"",""skillCastOrDamageEvent""]","[""targetSkillScopeMapping""]",true,"[{""value"":6,""unit"":"""",""raw"":""6 ""}]","Summons the power of frost, gaining Super Armor for the duration while accumulating 6 Ice Energy per second and increasing Haste.","[{""sourceFile"":""skillnames.json""}]"
skill,SkillDescriptions.json,124328,Permafrost,skill:124328:1,hasteStat,hasteEvidence,attrOrBuffEvidence,medium,false,unknown,,"[""haste""]",true,"[""localizedDescription"",""skillCooldownTable"",""skillDefinition"",""skillTags""]","[""finalCharacterStats"",""skillCastOrDamageEvent""]","[""targetSkillScopeMapping""]",true,"[{""value"":6,""unit"":"""",""raw"":""6 ""}]","Summons the power of frost, gaining Super Armor for the duration while accumulating 6 Ice Energy per second and increasing Haste.","[{""sourceFile"":""skillnames.json""}]"
skill,SkillDescriptions.json,124329,Permafrost,skill:124329:1,hasteStat,hasteEvidence,attrOrBuffEvidence,medium,false,unknown,,"[""haste""]",true,"[""localizedDescription"",""skillCooldownTable"",""skillDefinition"",""skillTags""]","[""finalCharacterStats"",""skillCastOrDamageEvent""]","[""targetSkillScopeMapping""]",true,"[{""value"":6,""unit"":"""",""raw"":""6 ""}]","Summons the power of frost, gaining Super Armor for the duration while accumulating 6 Ice Energy per second and increasing Haste.","[{""sourceFile"":""skillnames.json""}]"
skill,SkillDescriptions.json,124330,Permafrost,skill:124330:1,hasteStat,hasteEvidence,attrOrBuffEvidence,medium,false,unknown,,"[""haste""]",true,"[""localizedDescription"",""skillCooldownTable"",""skillDefinition"",""skillTags""]","[""finalCharacterStats"",""skillCastOrDamageEvent""]","[""targetSkillScopeMapping""]",true,"[{""value"":6,""unit"":"""",""raw"":""6 ""}]","Summons the power of frost, gaining Super Armor for the duration while accumulating 6 Ice Energy per second and increasing Haste.","[{""sourceFile"":""skillnames.json""}]"
skill,SkillDescriptions.json,124601,Tidepool,skill:124601:1,cooldownTextUnclassified,evidence,textOnly,medium,false,unknown,,[],false,"[""localizedDescription"",""skillCooldownTable"",""skillDefinition"",""skillTags""]","[""skillCastEvent"",""skillCastOrDamageEvent""]","[""runtimeIdBridge""]",true,[],Recast to end early.,"[{""sourceFile"":""skillnames.json""}]"
skill,SkillDescriptions.json,124602,Tidepool,skill:124602:1,cooldownTextUnclassified,evidence,textOnly,medium,false,unknown,,[],false,"[""localizedDescription"",""skillCooldownTable"",""skillDefinition"",""skillTags""]","[""skillCastEvent"",""skillCastOrDamageEvent""]","[""runtimeIdBridge""]",true,[],Recast to end early.,"[{""sourceFile"":""skillnames.json""}]"
skill,SkillDescriptions.json,124603,Tidepool,skill:124603:1,cooldownTextUnclassified,evidence,textOnly,medium,false,unknown,,[],false,"[""localizedDescription"",""skillCooldownTable"",""skillDefinition"",""skillTags""]","[""skillCastEvent"",""skillCastOrDamageEvent""]","[""runtimeIdBridge""]",true,[],Recast to end early.,"[{""sourceFile"":""skillnames.json""}]"
skill,SkillDescriptions.json,124604,Tidepool,skill:124604:1,cooldownTextUnclassified,evidence,textOnly,medium,false,unknown,,[],false,"[""localizedDescription"",""skillCooldownTable"",""skillDefinition"",""skillTags""]","[""skillCastEvent"",""skillCastOrDamageEvent""]","[""runtimeIdBridge""]",true,[],Recast to end early.,"[{""sourceFile"":""skillnames.json""}]"
skill,SkillDescriptions.json,124605,Tidepool,skill:124605:1,cooldownTextUnclassified,evidence,textOnly,medium,false,unknown,,[],false,"[""localizedDescription"",""skillCooldownTable"",""skillDefinition"",""skillTags""]","[""skillCastEvent"",""skillCastOrDamageEvent""]","[""runtimeIdBridge""]",true,[],Recast to end early.,"[{""sourceFile"":""skillnames.json""}]"
skill,SkillDescriptions.json,124606,Tidepool,skill:124606:1,cooldownTextUnclassified,evidence,textOnly,medium,false,unknown,,[],false,"[""localizedDescription"",""skillCooldownTable"",""skillDefinition"",""skillTags""]","[""skillCastEvent"",""skillCastOrDamageEvent""]","[""runtimeIdBridge""]",true,[],Recast to end early.,"[{""sourceFile"":""skillnames.json""}]"
skill,SkillDescriptions.json,124607,Tidepool,skill:124607:1,cooldownTextUnclassified,evidence,textOnly,medium,false,unknown,,[],false,"[""localizedDescription"",""skillCooldownTable"",""skillDefinition"",""skillTags""]","[""skillCastEvent"",""skillCastOrDamageEvent""]","[""runtimeIdBridge""]",true,[],Recast to end early.,"[{""sourceFile"":""skillnames.json""}]"
skill,SkillDescriptions.json,124608,Tidepool,skill:124608:1,cooldownTextUnclassified,evidence,textOnly,medium,false,unknown,,[],false,"[""localizedDescription"",""skillCooldownTable"",""skillDefinition"",""skillTags""]","[""skillCastEvent"",""skillCastOrDamageEvent""]","[""runtimeIdBridge""]",true,[],Recast to end early.,"[{""sourceFile"":""skillnames.json""}]"
skill,SkillDescriptions.json,124609,Tidepool,skill:124609:1,cooldownTextUnclassified,evidence,textOnly,medium,false,unknown,,[],false,"[""localizedDescription"",""skillCooldownTable"",""skillDefinition"",""skillTags""]","[""skillCastEvent"",""skillCastOrDamageEvent""]","[""runtimeIdBridge""]",true,[],Recast to end early.,"[{""sourceFile"":""skillnames.json""}]"
skill,SkillDescriptions.json,124610,Tidepool,skill:124610:1,cooldownTextUnclassified,evidence,textOnly,medium,false,unknown,,[],false,"[""localizedDescription"",""skillCooldownTable"",""skillDefinition"",""skillTags""]","[""skillCastEvent"",""skillCastOrDamageEvent""]","[""runtimeIdBridge""]",true,[],Recast to end early.,"[{""sourceFile"":""skillnames.json""}]"
skill,SkillDescriptions.json,124611,Tidepool,skill:124611:1,cooldownTextUnclassified,evidence,textOnly,medium,false,unknown,,[],false,"[""localizedDescription"",""skillCooldownTable"",""skillDefinition"",""skillTags""]","[""skillCastEvent"",""skillCastOrDamageEvent""]","[""runtimeIdBridge""]",true,[],Recast to end early.,"[{""sourceFile"":""skillnames.json""}]"
skill,SkillDescriptions.json,124612,Tidepool,skill:124612:1,cooldownTextUnclassified,evidence,textOnly,medium,false,unknown,,[],false,"[""localizedDescription"",""skillCooldownTable"",""skillDefinition"",""skillTags""]","[""skillCastEvent"",""skillCastOrDamageEvent""]","[""runtimeIdBridge""]",true,[],Recast to end early.,"[{""sourceFile"":""skillnames.json""}]"
skill,SkillDescriptions.json,124613,Tidepool,skill:124613:1,cooldownTextUnclassified,evidence,textOnly,medium,false,unknown,,[],false,"[""localizedDescription"",""skillCooldownTable"",""skillDefinition"",""skillTags""]","[""skillCastEvent"",""skillCastOrDamageEvent""]","[""runtimeIdBridge""]",true,[],Recast to end early.,"[{""sourceFile"":""skillnames.json""}]"
skill,SkillDescriptions.json,124614,Tidepool,skill:124614:1,cooldownTextUnclassified,evidence,textOnly,medium,false,unknown,,[],false,"[""localizedDescription"",""skillCooldownTable"",""skillDefinition"",""skillTags""]","[""skillCastEvent"",""skillCastOrDamageEvent""]","[""runtimeIdBridge""]",true,[],Recast to end early.,"[{""sourceFile"":""skillnames.json""}]"
skill,SkillDescriptions.json,124615,Tidepool,skill:124615:1,cooldownTextUnclassified,evidence,textOnly,medium,false,unknown,,[],false,"[""localizedDescription"",""skillCooldownTable"",""skillDefinition"",""skillTags""]","[""skillCastEvent"",""skillCastOrDamageEvent""]","[""runtimeIdBridge""]",true,[],Recast to end early.,"[{""sourceFile"":""skillnames.json""}]"
skill,SkillDescriptions.json,124616,Tidepool,skill:124616:1,cooldownTextUnclassified,evidence,textOnly,medium,false,unknown,,[],false,"[""localizedDescription"",""skillCooldownTable"",""skillDefinition"",""skillTags""]","[""skillCastEvent"",""skillCastOrDamageEvent""]","[""runtimeIdBridge""]",true,[],Recast to end early.,"[{""sourceFile"":""skillnames.json""}]"
skill,SkillDescriptions.json,124617,Tidepool,skill:124617:1,cooldownTextUnclassified,evidence,textOnly,medium,false,unknown,,[],false,"[""localizedDescription"",""skillCooldownTable"",""skillDefinition"",""skillTags""]","[""skillCastEvent"",""skillCastOrDamageEvent""]","[""runtimeIdBridge""]",true,[],Recast to end early.,"[{""sourceFile"":""skillnames.json""}]"
skill,SkillDescriptions.json,124618,Tidepool,skill:124618:1,cooldownTextUnclassified,evidence,textOnly,medium,false,unknown,,[],false,"[""localizedDescription"",""skillCooldownTable"",""skillDefinition"",""skillTags""]","[""skillCastEvent"",""skillCastOrDamageEvent""]","[""runtimeIdBridge""]",true,[],Recast to end early.,"[{""sourceFile"":""skillnames.json""}]"
skill,SkillDescriptions.json,124619,Tidepool,skill:124619:1,cooldownTextUnclassified,evidence,textOnly,medium,false,unknown,,[],false,"[""localizedDescription"",""skillCooldownTable"",""skillDefinition"",""skillTags""]","[""skillCastEvent"",""skillCastOrDamageEvent""]","[""runtimeIdBridge""]",true,[],Recast to end early.,"[{""sourceFile"":""skillnames.json""}]"
skill,SkillDescriptions.json,124620,Tidepool,skill:124620:1,cooldownTextUnclassified,evidence,textOnly,medium,false,unknown,,[],false,"[""localizedDescription"",""skillCooldownTable"",""skillDefinition"",""skillTags""]","[""skillCastEvent"",""skillCastOrDamageEvent""]","[""runtimeIdBridge""]",true,[],Recast to end early.,"[{""sourceFile"":""skillnames.json""}]"
skill,SkillDescriptions.json,124621,Tidepool,skill:124621:1,cooldownTextUnclassified,evidence,textOnly,medium,false,unknown,,[],false,"[""localizedDescription"",""skillCooldownTable"",""skillDefinition"",""skillTags""]","[""skillCastEvent"",""skillCastOrDamageEvent""]","[""runtimeIdBridge""]",true,[],Recast to end early.,"[{""sourceFile"":""skillnames.json""}]"
skill,SkillDescriptions.json,124622,Tidepool,skill:124622:1,cooldownTextUnclassified,evidence,textOnly,medium,false,unknown,,[],false,"[""localizedDescription"",""skillCooldownTable"",""skillDefinition"",""skillTags""]","[""skillCastEvent"",""skillCastOrDamageEvent""]","[""runtimeIdBridge""]",true,[],Recast to end early.,"[{""sourceFile"":""skillnames.json""}]"
skill,SkillDescriptions.json,124623,Tidepool,skill:124623:1,cooldownTextUnclassified,evidence,textOnly,medium,false,unknown,,[],false,"[""localizedDescription"",""skillCooldownTable"",""skillDefinition"",""skillTags""]","[""skillCastEvent"",""skillCastOrDamageEvent""]","[""runtimeIdBridge""]",true,[],Recast to end early.,"[{""sourceFile"":""skillnames.json""}]"
skill,SkillDescriptions.json,124624,Tidepool,skill:124624:1,cooldownTextUnclassified,evidence,textOnly,medium,false,unknown,,[],false,"[""localizedDescription"",""skillCooldownTable"",""skillDefinition"",""skillTags""]","[""skillCastEvent"",""skillCastOrDamageEvent""]","[""runtimeIdBridge""]",true,[],Recast to end early.,"[{""sourceFile"":""skillnames.json""}]"
skill,SkillDescriptions.json,124625,Tidepool,skill:124625:1,cooldownTextUnclassified,evidence,textOnly,medium,false,unknown,,[],false,"[""localizedDescription"",""skillCooldownTable"",""skillDefinition"",""skillTags""]","[""skillCastEvent"",""skillCastOrDamageEvent""]","[""runtimeIdBridge""]",true,[],Recast to end early.,"[{""sourceFile"":""skillnames.json""}]"
skill,SkillDescriptions.json,124626,Tidepool,skill:124626:1,cooldownTextUnclassified,evidence,textOnly,medium,false,unknown,,[],false,"[""localizedDescription"",""skillCooldownTable"",""skillDefinition"",""skillTags""]","[""skillCastEvent"",""skillCastOrDamageEvent""]","[""runtimeIdBridge""]",true,[],Recast to end early.,"[{""sourceFile"":""skillnames.json""}]"
skill,SkillDescriptions.json,124627,Tidepool,skill:124627:1,cooldownTextUnclassified,evidence,textOnly,medium,false,unknown,,[],false,"[""localizedDescription"",""skillCooldownTable"",""skillDefinition"",""skillTags""]","[""skillCastEvent"",""skillCastOrDamageEvent""]","[""runtimeIdBridge""]",true,[],Recast to end early.,"[{""sourceFile"":""skillnames.json""}]"
skill,SkillDescriptions.json,124628,Tidepool,skill:124628:1,cooldownTextUnclassified,evidence,textOnly,medium,false,unknown,,[],false,"[""localizedDescription"",""skillCooldownTable"",""skillDefinition"",""skillTags""]","[""skillCastEvent"",""skillCastOrDamageEvent""]","[""runtimeIdBridge""]",true,[],Recast to end early.,"[{""sourceFile"":""skillnames.json""}]"
skill,SkillDescriptions.json,124629,Tidepool,skill:124629:1,cooldownTextUnclassified,evidence,textOnly,medium,false,unknown,,[],false,"[""localizedDescription"",""skillCooldownTable"",""skillDefinition"",""skillTags""]","[""skillCastEvent"",""skillCastOrDamageEvent""]","[""runtimeIdBridge""]",true,[],Recast to end early.,"[{""sourceFile"":""skillnames.json""}]"
skill,SkillDescriptions.json,124630,Tidepool,skill:124630:1,cooldownTextUnclassified,evidence,textOnly,medium,false,unknown,,[],false,"[""localizedDescription"",""skillCooldownTable"",""skillDefinition"",""skillTags""]","[""skillCastEvent"",""skillCastOrDamageEvent""]","[""runtimeIdBridge""]",true,[],Recast to end early.,"[{""sourceFile"":""skillnames.json""}]"
skill,SkillDescriptions.json,141001,蒂娜大招聚怪,skill:141001:1,hasteStat,hasteEvidence,attrOrBuffEvidence,medium,false,unknown,,"[""haste""]",true,"[""localizedDescription"",""skillCooldownTable"",""skillDefinition"",""skillTags""]","[""finalCharacterStats"",""skillCastOrDamageEvent""]","[""targetSkillScopeMapping""]",true,"[{""value"":10,""unit"":""percent"",""raw"":""+10%""}]","During this time, all allies' Haste +10%.","[{""sourceFile"":""skillnames.json""},{""sourceFile"":""SkillCooldowns.json""}]"
skill,SkillDescriptions.json,141002,Typhoon Cleave,skill:141002:1,hasteStat,hasteEvidence,attrOrBuffEvidence,medium,false,unknown,,"[""haste""]",true,"[""localizedDescription"",""skillCooldownTable"",""skillDefinition"",""skillTags""]","[""finalCharacterStats"",""skillCastOrDamageEvent""]","[""targetSkillScopeMapping""]",true,"[{""value"":10,""unit"":""percent"",""raw"":""+10%""}]","During this time, all allies' Haste +10%.","[{""sourceFile"":""skillnames.json""}]"
skill,SkillDescriptions.json,141003,Typhoon Cleave,skill:141003:1,hasteStat,hasteEvidence,attrOrBuffEvidence,medium,false,unknown,,"[""haste""]",true,"[""localizedDescription"",""skillCooldownTable"",""skillDefinition"",""skillTags""]","[""finalCharacterStats"",""skillCastOrDamageEvent""]","[""targetSkillScopeMapping""]",true,"[{""value"":10,""unit"":""percent"",""raw"":""+10%""}]","During this time, all allies' Haste +10%.","[{""sourceFile"":""skillnames.json""}]"
skill,SkillDescriptions.json,141004,Typhoon Cleave,skill:141004:1,hasteStat,hasteEvidence,attrOrBuffEvidence,medium,false,unknown,,"[""haste""]",true,"[""localizedDescription"",""skillCooldownTable"",""skillDefinition"",""skillTags""]","[""finalCharacterStats"",""skillCastOrDamageEvent""]","[""targetSkillScopeMapping""]",true,"[{""value"":10,""unit"":""percent"",""raw"":""+10%""}]","During this time, all allies' Haste +10%.","[{""sourceFile"":""skillnames.json""}]"
skill,SkillDescriptions.json,141005,Typhoon Cleave,skill:141005:1,hasteStat,hasteEvidence,attrOrBuffEvidence,medium,false,unknown,,"[""haste""]",true,"[""localizedDescription"",""skillCooldownTable"",""skillDefinition"",""skillTags""]","[""finalCharacterStats"",""skillCastOrDamageEvent""]","[""targetSkillScopeMapping""]",true,"[{""value"":10,""unit"":""percent"",""raw"":""+10%""}]","During this time, all allies' Haste +10%.","[{""sourceFile"":""skillnames.json""}]"
skill,SkillDescriptions.json,141006,Typhoon Cleave,skill:141006:1,hasteStat,hasteEvidence,attrOrBuffEvidence,medium,false,unknown,,"[""haste""]",true,"[""localizedDescription"",""skillCooldownTable"",""skillDefinition"",""skillTags""]","[""finalCharacterStats"",""skillCastOrDamageEvent""]","[""targetSkillScopeMapping""]",true,"[{""value"":10,""unit"":""percent"",""raw"":""+10%""}]","During this time, all allies' Haste +10%.","[{""sourceFile"":""skillnames.json""}]"
skill,SkillDescriptions.json,141007,Typhoon Cleave,skill:141007:1,hasteStat,hasteEvidence,attrOrBuffEvidence,medium,false,unknown,,"[""haste""]",true,"[""localizedDescription"",""skillCooldownTable"",""skillDefinition"",""skillTags""]","[""finalCharacterStats"",""skillCastOrDamageEvent""]","[""targetSkillScopeMapping""]",true,"[{""value"":10,""unit"":""percent"",""raw"":""+10%""}]","During this time, all allies' Haste +10%.","[{""sourceFile"":""skillnames.json""}]"
skill,SkillDescriptions.json,141008,Typhoon Cleave,skill:141008:1,hasteStat,hasteEvidence,attrOrBuffEvidence,medium,false,unknown,,"[""haste""]",true,"[""localizedDescription"",""skillCooldownTable"",""skillDefinition"",""skillTags""]","[""finalCharacterStats"",""skillCastOrDamageEvent""]","[""targetSkillScopeMapping""]",true,"[{""value"":10,""unit"":""percent"",""raw"":""+10%""}]","During this time, all allies' Haste +10%.","[{""sourceFile"":""skillnames.json""}]"
skill,SkillDescriptions.json,141009,Typhoon Cleave,skill:141009:1,hasteStat,hasteEvidence,attrOrBuffEvidence,medium,false,unknown,,"[""haste""]",true,"[""localizedDescription"",""skillCooldownTable"",""skillDefinition"",""skillTags""]","[""finalCharacterStats"",""skillCastOrDamageEvent""]","[""targetSkillScopeMapping""]",true,"[{""value"":10,""unit"":""percent"",""raw"":""+10%""}]","During this time, all allies' Haste +10%.","[{""sourceFile"":""skillnames.json""}]"
skill,SkillDescriptions.json,141010,Typhoon Cleave,skill:141010:1,hasteStat,hasteEvidence,attrOrBuffEvidence,medium,false,unknown,,"[""haste""]",true,"[""localizedDescription"",""skillCooldownTable"",""skillDefinition"",""skillTags""]","[""finalCharacterStats"",""skillCastOrDamageEvent""]","[""targetSkillScopeMapping""]",true,"[{""value"":10,""unit"":""percent"",""raw"":""+10%""}]","During this time, all allies' Haste +10%.","[{""sourceFile"":""skillnames.json""}]"
skill,SkillDescriptions.json,141011,Typhoon Cleave,skill:141011:1,hasteStat,hasteEvidence,attrOrBuffEvidence,medium,false,unknown,,"[""haste""]",true,"[""localizedDescription"",""skillCooldownTable"",""skillDefinition"",""skillTags""]","[""finalCharacterStats"",""skillCastOrDamageEvent""]","[""targetSkillScopeMapping""]",true,"[{""value"":10,""unit"":""percent"",""raw"":""+10%""}]","During this time, all allies' Haste +10%.","[{""sourceFile"":""skillnames.json""}]"
skill,SkillDescriptions.json,141012,Typhoon Cleave,skill:141012:1,hasteStat,hasteEvidence,attrOrBuffEvidence,medium,false,unknown,,"[""haste""]",true,"[""localizedDescription"",""skillCooldownTable"",""skillDefinition"",""skillTags""]","[""finalCharacterStats"",""skillCastOrDamageEvent""]","[""targetSkillScopeMapping""]",true,"[{""value"":10,""unit"":""percent"",""raw"":""+10%""}]","During this time, all allies' Haste +10%.","[{""sourceFile"":""skillnames.json""}]"
skill,SkillDescriptions.json,141013,Typhoon Cleave,skill:141013:1,hasteStat,hasteEvidence,attrOrBuffEvidence,medium,false,unknown,,"[""haste""]",true,"[""localizedDescription"",""skillCooldownTable"",""skillDefinition"",""skillTags""]","[""finalCharacterStats"",""skillCastOrDamageEvent""]","[""targetSkillScopeMapping""]",true,"[{""value"":10,""unit"":""percent"",""raw"":""+10%""}]","During this time, all allies' Haste +10%.","[{""sourceFile"":""skillnames.json""}]"
skill,SkillDescriptions.json,141014,Typhoon Cleave,skill:141014:1,hasteStat,hasteEvidence,attrOrBuffEvidence,medium,false,unknown,,"[""haste""]",true,"[""localizedDescription"",""skillCooldownTable"",""skillDefinition"",""skillTags""]","[""finalCharacterStats"",""skillCastOrDamageEvent""]","[""targetSkillScopeMapping""]",true,"[{""value"":10,""unit"":""percent"",""raw"":""+10%""}]","During this time, all allies' Haste +10%.","[{""sourceFile"":""skillnames.json""}]"
skill,SkillDescriptions.json,141015,Typhoon Cleave,skill:141015:1,hasteStat,hasteEvidence,attrOrBuffEvidence,medium,false,unknown,,"[""haste""]",true,"[""localizedDescription"",""skillCooldownTable"",""skillDefinition"",""skillTags""]","[""finalCharacterStats"",""skillCastOrDamageEvent""]","[""targetSkillScopeMapping""]",true,"[{""value"":10,""unit"":""percent"",""raw"":""+10%""}]","During this time, all allies' Haste +10%.","[{""sourceFile"":""skillnames.json""}]"
skill,SkillDescriptions.json,141016,Typhoon Cleave,skill:141016:1,hasteStat,hasteEvidence,attrOrBuffEvidence,medium,false,unknown,,"[""haste""]",true,"[""localizedDescription"",""skillCooldownTable"",""skillDefinition"",""skillTags""]","[""finalCharacterStats"",""skillCastOrDamageEvent""]","[""targetSkillScopeMapping""]",true,"[{""value"":10,""unit"":""percent"",""raw"":""+10%""}]","During this time, all allies' Haste +10%.","[{""sourceFile"":""skillnames.json""}]"
skill,SkillDescriptions.json,141017,Typhoon Cleave,skill:141017:1,hasteStat,hasteEvidence,attrOrBuffEvidence,medium,false,unknown,,"[""haste""]",true,"[""localizedDescription"",""skillCooldownTable"",""skillDefinition"",""skillTags""]","[""finalCharacterStats"",""skillCastOrDamageEvent""]","[""targetSkillScopeMapping""]",true,"[{""value"":10,""unit"":""percent"",""raw"":""+10%""}]","During this time, all allies' Haste +10%.","[{""sourceFile"":""skillnames.json""}]"
skill,SkillDescriptions.json,141018,Typhoon Cleave,skill:141018:1,hasteStat,hasteEvidence,attrOrBuffEvidence,medium,false,unknown,,"[""haste""]",true,"[""localizedDescription"",""skillCooldownTable"",""skillDefinition"",""skillTags""]","[""finalCharacterStats"",""skillCastOrDamageEvent""]","[""targetSkillScopeMapping""]",true,"[{""value"":10,""unit"":""percent"",""raw"":""+10%""}]","During this time, all allies' Haste +10%.","[{""sourceFile"":""skillnames.json""}]"
skill,SkillDescriptions.json,141019,Typhoon Cleave,skill:141019:1,hasteStat,hasteEvidence,attrOrBuffEvidence,medium,false,unknown,,"[""haste""]",true,"[""localizedDescription"",""skillCooldownTable"",""skillDefinition"",""skillTags""]","[""finalCharacterStats"",""skillCastOrDamageEvent""]","[""targetSkillScopeMapping""]",true,"[{""value"":10,""unit"":""percent"",""raw"":""+10%""}]","During this time, all allies' Haste +10%.","[{""sourceFile"":""skillnames.json""}]"
skill,SkillDescriptions.json,141020,Typhoon Cleave,skill:141020:1,hasteStat,hasteEvidence,attrOrBuffEvidence,medium,false,unknown,,"[""haste""]",true,"[""localizedDescription"",""skillCooldownTable"",""skillDefinition"",""skillTags""]","[""finalCharacterStats"",""skillCastOrDamageEvent""]","[""targetSkillScopeMapping""]",true,"[{""value"":10,""unit"":""percent"",""raw"":""+10%""}]","During this time, all allies' Haste +10%.","[{""sourceFile"":""skillnames.json""}]"
skill,SkillDescriptions.json,141021,Typhoon Cleave,skill:141021:1,hasteStat,hasteEvidence,attrOrBuffEvidence,medium,false,unknown,,"[""haste""]",true,"[""localizedDescription"",""skillCooldownTable"",""skillDefinition"",""skillTags""]","[""finalCharacterStats"",""skillCastOrDamageEvent""]","[""targetSkillScopeMapping""]",true,"[{""value"":10,""unit"":""percent"",""raw"":""+10%""}]","During this time, all allies' Haste +10%.","[{""sourceFile"":""skillnames.json""}]"
skill,SkillDescriptions.json,141022,Typhoon Cleave,skill:141022:1,hasteStat,hasteEvidence,attrOrBuffEvidence,medium,false,unknown,,"[""haste""]",true,"[""localizedDescription"",""skillCooldownTable"",""skillDefinition"",""skillTags""]","[""finalCharacterStats"",""skillCastOrDamageEvent""]","[""targetSkillScopeMapping""]",true,"[{""value"":10,""unit"":""percent"",""raw"":""+10%""}]","During this time, all allies' Haste +10%.","[{""sourceFile"":""skillnames.json""}]"
skill,SkillDescriptions.json,141023,Typhoon Cleave,skill:141023:1,hasteStat,hasteEvidence,attrOrBuffEvidence,medium,false,unknown,,"[""haste""]",true,"[""localizedDescription"",""skillCooldownTable"",""skillDefinition"",""skillTags""]","[""finalCharacterStats"",""skillCastOrDamageEvent""]","[""targetSkillScopeMapping""]",true,"[{""value"":10,""unit"":""percent"",""raw"":""+10%""}]","During this time, all allies' Haste +10%.","[{""sourceFile"":""skillnames.json""}]"
skill,SkillDescriptions.json,141024,Typhoon Cleave,skill:141024:1,hasteStat,hasteEvidence,attrOrBuffEvidence,medium,false,unknown,,"[""haste""]",true,"[""localizedDescription"",""skillCooldownTable"",""skillDefinition"",""skillTags""]","[""finalCharacterStats"",""skillCastOrDamageEvent""]","[""targetSkillScopeMapping""]",true,"[{""value"":10,""unit"":""percent"",""raw"":""+10%""}]","During this time, all allies' Haste +10%.","[{""sourceFile"":""skillnames.json""}]"
skill,SkillDescriptions.json,141025,Typhoon Cleave,skill:141025:1,hasteStat,hasteEvidence,attrOrBuffEvidence,medium,false,unknown,,"[""haste""]",true,"[""localizedDescription"",""skillCooldownTable"",""skillDefinition"",""skillTags""]","[""finalCharacterStats"",""skillCastOrDamageEvent""]","[""targetSkillScopeMapping""]",true,"[{""value"":10,""unit"":""percent"",""raw"":""+10%""}]","During this time, all allies' Haste +10%.","[{""sourceFile"":""skillnames.json""}]"
skill,SkillDescriptions.json,141026,Typhoon Cleave,skill:141026:1,hasteStat,hasteEvidence,attrOrBuffEvidence,medium,false,unknown,,"[""haste""]",true,"[""localizedDescription"",""skillCooldownTable"",""skillDefinition"",""skillTags""]","[""finalCharacterStats"",""skillCastOrDamageEvent""]","[""targetSkillScopeMapping""]",true,"[{""value"":10,""unit"":""percent"",""raw"":""+10%""}]","During this time, all allies' Haste +10%.","[{""sourceFile"":""skillnames.json""}]"
skill,SkillDescriptions.json,141027,Typhoon Cleave,skill:141027:1,hasteStat,hasteEvidence,attrOrBuffEvidence,medium,false,unknown,,"[""haste""]",true,"[""localizedDescription"",""skillCooldownTable"",""skillDefinition"",""skillTags""]","[""finalCharacterStats"",""skillCastOrDamageEvent""]","[""targetSkillScopeMapping""]",true,"[{""value"":10,""unit"":""percent"",""raw"":""+10%""}]","During this time, all allies' Haste +10%.","[{""sourceFile"":""skillnames.json""}]"
skill,SkillDescriptions.json,141028,Typhoon Cleave,skill:141028:1,hasteStat,hasteEvidence,attrOrBuffEvidence,medium,false,unknown,,"[""haste""]",true,"[""localizedDescription"",""skillCooldownTable"",""skillDefinition"",""skillTags""]","[""finalCharacterStats"",""skillCastOrDamageEvent""]","[""targetSkillScopeMapping""]",true,"[{""value"":10,""unit"":""percent"",""raw"":""+10%""}]","During this time, all allies' Haste +10%.","[{""sourceFile"":""skillnames.json""}]"
skill,SkillDescriptions.json,141029,Typhoon Cleave,skill:141029:1,hasteStat,hasteEvidence,attrOrBuffEvidence,medium,false,unknown,,"[""haste""]",true,"[""localizedDescription"",""skillCooldownTable"",""skillDefinition"",""skillTags""]","[""finalCharacterStats"",""skillCastOrDamageEvent""]","[""targetSkillScopeMapping""]",true,"[{""value"":10,""unit"":""percent"",""raw"":""+10%""}]","During this time, all allies' Haste +10%.","[{""sourceFile"":""skillnames.json""}]"
skill,SkillDescriptions.json,141030,Typhoon Cleave,skill:141030:1,hasteStat,hasteEvidence,attrOrBuffEvidence,medium,false,unknown,,"[""haste""]",true,"[""localizedDescription"",""skillCooldownTable"",""skillDefinition"",""skillTags""]","[""finalCharacterStats"",""skillCastOrDamageEvent""]","[""targetSkillScopeMapping""]",true,"[{""value"":10,""unit"":""percent"",""raw"":""+10%""}]","During this time, all allies' Haste +10%.","[{""sourceFile"":""skillnames.json""}]"
skill,SkillDescriptions.json,152201,Nourish,skill:152201:1,hasteStat,hasteEvidence,attrOrBuffEvidence,medium,false,unknown,,"[""haste""]",true,"[""localizedDescription"",""skillCooldownTable"",""skillDefinition"",""skillTags""]","[""finalCharacterStats"",""healEvent"",""skillCastEvent"",""skillCastOrDamageEvent""]","[""targetSkillScopeMapping""]",true,"[{""value"":20,""unit"":"""",""raw"":""20 ""},{""value"":10,""unit"":"""",""raw"":""10 ""},{""value"":10,""unit"":""seconds"",""raw"":""10s""}]","Consumes 20 Energy to imbue the caster and up to 10 nearby allies (prioritizing teammates) with the forest power for 10s, healing them every second (Interval affected by Haste).","[{""sourceFile"":""skillnames.json""}]"
skill,SkillDescriptions.json,152202,Nourish,skill:152202:1,hasteStat,hasteEvidence,attrOrBuffEvidence,medium,false,unknown,,"[""haste""]",true,"[""localizedDescription"",""skillCooldownTable"",""skillDefinition"",""skillTags""]","[""finalCharacterStats"",""healEvent"",""skillCastEvent"",""skillCastOrDamageEvent""]","[""targetSkillScopeMapping""]",true,"[{""value"":20,""unit"":"""",""raw"":""20 ""},{""value"":10,""unit"":"""",""raw"":""10 ""},{""value"":10,""unit"":""seconds"",""raw"":""10s""}]","Consumes 20 Energy to imbue the caster and up to 10 nearby allies (prioritizing teammates) with the forest power for 10s, healing them every second (Interval affected by Haste).","[{""sourceFile"":""skillnames.json""}]"
skill,SkillDescriptions.json,152203,Nourish,skill:152203:1,hasteStat,hasteEvidence,attrOrBuffEvidence,medium,false,unknown,,"[""haste""]",true,"[""localizedDescription"",""skillCooldownTable"",""skillDefinition"",""skillTags""]","[""finalCharacterStats"",""healEvent"",""skillCastEvent"",""skillCastOrDamageEvent""]","[""targetSkillScopeMapping""]",true,"[{""value"":20,""unit"":"""",""raw"":""20 ""},{""value"":10,""unit"":"""",""raw"":""10 ""},{""value"":10,""unit"":""seconds"",""raw"":""10s""}]","Consumes 20 Energy to imbue the caster and up to 10 nearby allies (prioritizing teammates) with the forest power for 10s, healing them every second (Interval affected by Haste).","[{""sourceFile"":""skillnames.json""}]"
skill,SkillDescriptions.json,152204,Nourish,skill:152204:1,hasteStat,hasteEvidence,attrOrBuffEvidence,medium,false,unknown,,"[""haste""]",true,"[""localizedDescription"",""skillCooldownTable"",""skillDefinition"",""skillTags""]","[""finalCharacterStats"",""healEvent"",""skillCastEvent"",""skillCastOrDamageEvent""]","[""targetSkillScopeMapping""]",true,"[{""value"":20,""unit"":"""",""raw"":""20 ""},{""value"":10,""unit"":"""",""raw"":""10 ""},{""value"":10,""unit"":""seconds"",""raw"":""10s""}]","Consumes 20 Energy to imbue the caster and up to 10 nearby allies (prioritizing teammates) with the forest power for 10s, healing them every second (Interval affected by Haste).","[{""sourceFile"":""skillnames.json""}]"
skill,SkillDescriptions.json,152205,Nourish,skill:152205:1,hasteStat,hasteEvidence,attrOrBuffEvidence,medium,false,unknown,,"[""haste""]",true,"[""localizedDescription"",""skillCooldownTable"",""skillDefinition"",""skillTags""]","[""finalCharacterStats"",""healEvent"",""skillCastEvent"",""skillCastOrDamageEvent""]","[""targetSkillScopeMapping""]",true,"[{""value"":20,""unit"":"""",""raw"":""20 ""},{""value"":10,""unit"":"""",""raw"":""10 ""},{""value"":10,""unit"":""seconds"",""raw"":""10s""}]","Consumes 20 Energy to imbue the caster and up to 10 nearby allies (prioritizing teammates) with the forest power for 10s, healing them every second (Interval affected by Haste).","[{""sourceFile"":""skillnames.json""}]"
skill,SkillDescriptions.json,152206,Nourish,skill:152206:1,hasteStat,hasteEvidence,attrOrBuffEvidence,medium,false,unknown,,"[""haste""]",true,"[""localizedDescription"",""skillCooldownTable"",""skillDefinition"",""skillTags""]","[""finalCharacterStats"",""healEvent"",""skillCastEvent"",""skillCastOrDamageEvent""]","[""targetSkillScopeMapping""]",true,"[{""value"":20,""unit"":"""",""raw"":""20 ""},{""value"":10,""unit"":"""",""raw"":""10 ""},{""value"":10,""unit"":""seconds"",""raw"":""10s""}]","Consumes 20 Energy to imbue the caster and up to 10 nearby allies (prioritizing teammates) with the forest power for 10s, healing them every second (Interval affected by Haste).","[{""sourceFile"":""skillnames.json""}]"
skill,SkillDescriptions.json,152207,Nourish,skill:152207:1,hasteStat,hasteEvidence,attrOrBuffEvidence,medium,false,unknown,,"[""haste""]",true,"[""localizedDescription"",""skillCooldownTable"",""skillDefinition"",""skillTags""]","[""finalCharacterStats"",""healEvent"",""skillCastEvent"",""skillCastOrDamageEvent""]","[""targetSkillScopeMapping""]",true,"[{""value"":20,""unit"":"""",""raw"":""20 ""},{""value"":10,""unit"":"""",""raw"":""10 ""},{""value"":10,""unit"":""seconds"",""raw"":""10s""}]","Consumes 20 Energy to imbue the caster and up to 10 nearby allies (prioritizing teammates) with the forest power for 10s, healing them every second (Interval affected by Haste).","[{""sourceFile"":""skillnames.json""}]"
skill,SkillDescriptions.json,152208,Nourish,skill:152208:1,hasteStat,hasteEvidence,attrOrBuffEvidence,medium,false,unknown,,"[""haste""]",true,"[""localizedDescription"",""skillCooldownTable"",""skillDefinition"",""skillTags""]","[""finalCharacterStats"",""healEvent"",""skillCastEvent"",""skillCastOrDamageEvent""]","[""targetSkillScopeMapping""]",true,"[{""value"":20,""unit"":"""",""raw"":""20 ""},{""value"":10,""unit"":"""",""raw"":""10 ""},{""value"":10,""unit"":""seconds"",""raw"":""10s""}]","Consumes 20 Energy to imbue the caster and up to 10 nearby allies (prioritizing teammates) with the forest power for 10s, healing them every second (Interval affected by Haste).","[{""sourceFile"":""skillnames.json""}]"
skill,SkillDescriptions.json,152209,Nourish,skill:152209:1,hasteStat,hasteEvidence,attrOrBuffEvidence,medium,false,unknown,,"[""haste""]",true,"[""localizedDescription"",""skillCooldownTable"",""skillDefinition"",""skillTags""]","[""finalCharacterStats"",""healEvent"",""skillCastEvent"",""skillCastOrDamageEvent""]","[""targetSkillScopeMapping""]",true,"[{""value"":20,""unit"":"""",""raw"":""20 ""},{""value"":10,""unit"":"""",""raw"":""10 ""},{""value"":10,""unit"":""seconds"",""raw"":""10s""}]","Consumes 20 Energy to imbue the caster and up to 10 nearby allies (prioritizing teammates) with the forest power for 10s, healing them every second (Interval affected by Haste).","[{""sourceFile"":""skillnames.json""}]"
skill,SkillDescriptions.json,152210,Nourish,skill:152210:1,hasteStat,hasteEvidence,attrOrBuffEvidence,medium,false,unknown,,"[""haste""]",true,"[""localizedDescription"",""skillCooldownTable"",""skillDefinition"",""skillTags""]","[""finalCharacterStats"",""healEvent"",""skillCastEvent"",""skillCastOrDamageEvent""]","[""targetSkillScopeMapping""]",true,"[{""value"":20,""unit"":"""",""raw"":""20 ""},{""value"":10,""unit"":"""",""raw"":""10 ""},{""value"":10,""unit"":""seconds"",""raw"":""10s""}]","Consumes 20 Energy to imbue the caster and up to 10 nearby allies (prioritizing teammates) with the forest power for 10s, healing them every second (Interval affected by Haste).","[{""sourceFile"":""skillnames.json""}]"
skill,SkillDescriptions.json,152211,Nourish,skill:152211:1,hasteStat,hasteEvidence,attrOrBuffEvidence,medium,false,unknown,,"[""haste""]",true,"[""localizedDescription"",""skillCooldownTable"",""skillDefinition"",""skillTags""]","[""finalCharacterStats"",""healEvent"",""skillCastEvent"",""skillCastOrDamageEvent""]","[""targetSkillScopeMapping""]",true,"[{""value"":20,""unit"":"""",""raw"":""20 ""},{""value"":10,""unit"":"""",""raw"":""10 ""},{""value"":10,""unit"":""seconds"",""raw"":""10s""}]","Consumes 20 Energy to imbue the caster and up to 10 nearby allies (prioritizing teammates) with the forest power for 10s, healing them every second (Interval affected by Haste).","[{""sourceFile"":""skillnames.json""}]"
skill,SkillDescriptions.json,152212,Nourish,skill:152212:1,hasteStat,hasteEvidence,attrOrBuffEvidence,medium,false,unknown,,"[""haste""]",true,"[""localizedDescription"",""skillCooldownTable"",""skillDefinition"",""skillTags""]","[""finalCharacterStats"",""healEvent"",""skillCastEvent"",""skillCastOrDamageEvent""]","[""targetSkillScopeMapping""]",true,"[{""value"":20,""unit"":"""",""raw"":""20 ""},{""value"":10,""unit"":"""",""raw"":""10 ""},{""value"":10,""unit"":""seconds"",""raw"":""10s""}]","Consumes 20 Energy to imbue the caster and up to 10 nearby allies (prioritizing teammates) with the forest power for 10s, healing them every second (Interval affected by Haste).","[{""sourceFile"":""skillnames.json""}]"
skill,SkillDescriptions.json,152213,Nourish,skill:152213:1,hasteStat,hasteEvidence,attrOrBuffEvidence,medium,false,unknown,,"[""haste""]",true,"[""localizedDescription"",""skillCooldownTable"",""skillDefinition"",""skillTags""]","[""finalCharacterStats"",""healEvent"",""skillCastEvent"",""skillCastOrDamageEvent""]","[""targetSkillScopeMapping""]",true,"[{""value"":20,""unit"":"""",""raw"":""20 ""},{""value"":10,""unit"":"""",""raw"":""10 ""},{""value"":10,""unit"":""seconds"",""raw"":""10s""}]","Consumes 20 Energy to imbue the caster and up to 10 nearby allies (prioritizing teammates) with the forest power for 10s, healing them every second (Interval affected by Haste).","[{""sourceFile"":""skillnames.json""}]"
skill,SkillDescriptions.json,152214,Nourish,skill:152214:1,hasteStat,hasteEvidence,attrOrBuffEvidence,medium,false,unknown,,"[""haste""]",true,"[""localizedDescription"",""skillCooldownTable"",""skillDefinition"",""skillTags""]","[""finalCharacterStats"",""healEvent"",""skillCastEvent"",""skillCastOrDamageEvent""]","[""targetSkillScopeMapping""]",true,"[{""value"":20,""unit"":"""",""raw"":""20 ""},{""value"":10,""unit"":"""",""raw"":""10 ""},{""value"":10,""unit"":""seconds"",""raw"":""10s""}]","Consumes 20 Energy to imbue the caster and up to 10 nearby allies (prioritizing teammates) with the forest power for 10s, healing them every second (Interval affected by Haste).","[{""sourceFile"":""skillnames.json""}]"
skill,SkillDescriptions.json,152215,Nourish,skill:152215:1,hasteStat,hasteEvidence,attrOrBuffEvidence,medium,false,unknown,,"[""haste""]",true,"[""localizedDescription"",""skillCooldownTable"",""skillDefinition"",""skillTags""]","[""finalCharacterStats"",""healEvent"",""skillCastEvent"",""skillCastOrDamageEvent""]","[""targetSkillScopeMapping""]",true,"[{""value"":20,""unit"":"""",""raw"":""20 ""},{""value"":10,""unit"":"""",""raw"":""10 ""},{""value"":10,""unit"":""seconds"",""raw"":""10s""}]","Consumes 20 Energy to imbue the caster and up to 10 nearby allies (prioritizing teammates) with the forest power for 10s, healing them every second (Interval affected by Haste).","[{""sourceFile"":""skillnames.json""}]"
skill,SkillDescriptions.json,152216,Nourish,skill:152216:1,hasteStat,hasteEvidence,attrOrBuffEvidence,medium,false,unknown,,"[""haste""]",true,"[""localizedDescription"",""skillCooldownTable"",""skillDefinition"",""skillTags""]","[""finalCharacterStats"",""healEvent"",""skillCastEvent"",""skillCastOrDamageEvent""]","[""targetSkillScopeMapping""]",true,"[{""value"":20,""unit"":"""",""raw"":""20 ""},{""value"":10,""unit"":"""",""raw"":""10 ""},{""value"":10,""unit"":""seconds"",""raw"":""10s""}]","Consumes 20 Energy to imbue the caster and up to 10 nearby allies (prioritizing teammates) with the forest power for 10s, healing them every second (Interval affected by Haste).","[{""sourceFile"":""skillnames.json""}]"
skill,SkillDescriptions.json,152217,Nourish,skill:152217:1,hasteStat,hasteEvidence,attrOrBuffEvidence,medium,false,unknown,,"[""haste""]",true,"[""localizedDescription"",""skillCooldownTable"",""skillDefinition"",""skillTags""]","[""finalCharacterStats"",""healEvent"",""skillCastEvent"",""skillCastOrDamageEvent""]","[""targetSkillScopeMapping""]",true,"[{""value"":20,""unit"":"""",""raw"":""20 ""},{""value"":10,""unit"":"""",""raw"":""10 ""},{""value"":10,""unit"":""seconds"",""raw"":""10s""}]","Consumes 20 Energy to imbue the caster and up to 10 nearby allies (prioritizing teammates) with the forest power for 10s, healing them every second (Interval affected by Haste).","[{""sourceFile"":""skillnames.json""}]"
skill,SkillDescriptions.json,152218,Nourish,skill:152218:1,hasteStat,hasteEvidence,attrOrBuffEvidence,medium,false,unknown,,"[""haste""]",true,"[""localizedDescription"",""skillCooldownTable"",""skillDefinition"",""skillTags""]","[""finalCharacterStats"",""healEvent"",""skillCastEvent"",""skillCastOrDamageEvent""]","[""targetSkillScopeMapping""]",true,"[{""value"":20,""unit"":"""",""raw"":""20 ""},{""value"":10,""unit"":"""",""raw"":""10 ""},{""value"":10,""unit"":""seconds"",""raw"":""10s""}]","Consumes 20 Energy to imbue the caster and up to 10 nearby allies (prioritizing teammates) with the forest power for 10s, healing them every second (Interval affected by Haste).","[{""sourceFile"":""skillnames.json""}]"
skill,SkillDescriptions.json,152219,Nourish,skill:152219:1,hasteStat,hasteEvidence,attrOrBuffEvidence,medium,false,unknown,,"[""haste""]",true,"[""localizedDescription"",""skillCooldownTable"",""skillDefinition"",""skillTags""]","[""finalCharacterStats"",""healEvent"",""skillCastEvent"",""skillCastOrDamageEvent""]","[""targetSkillScopeMapping""]",true,"[{""value"":20,""unit"":"""",""raw"":""20 ""},{""value"":10,""unit"":"""",""raw"":""10 ""},{""value"":10,""unit"":""seconds"",""raw"":""10s""}]","Consumes 20 Energy to imbue the caster and up to 10 nearby allies (prioritizing teammates) with the forest power for 10s, healing them every second (Interval affected by Haste).","[{""sourceFile"":""skillnames.json""}]"
skill,SkillDescriptions.json,152220,Nourish,skill:152220:1,hasteStat,hasteEvidence,attrOrBuffEvidence,medium,false,unknown,,"[""haste""]",true,"[""localizedDescription"",""skillCooldownTable"",""skillDefinition"",""skillTags""]","[""finalCharacterStats"",""healEvent"",""skillCastEvent"",""skillCastOrDamageEvent""]","[""targetSkillScopeMapping""]",true,"[{""value"":20,""unit"":"""",""raw"":""20 ""},{""value"":10,""unit"":"""",""raw"":""10 ""},{""value"":10,""unit"":""seconds"",""raw"":""10s""}]","Consumes 20 Energy to imbue the caster and up to 10 nearby allies (prioritizing teammates) with the forest power for 10s, healing them every second (Interval affected by Haste).","[{""sourceFile"":""skillnames.json""}]"
skill,SkillDescriptions.json,152221,Nourish,skill:152221:1,hasteStat,hasteEvidence,attrOrBuffEvidence,medium,false,unknown,,"[""haste""]",true,"[""localizedDescription"",""skillCooldownTable"",""skillDefinition"",""skillTags""]","[""finalCharacterStats"",""healEvent"",""skillCastEvent"",""skillCastOrDamageEvent""]","[""targetSkillScopeMapping""]",true,"[{""value"":20,""unit"":"""",""raw"":""20 ""},{""value"":10,""unit"":"""",""raw"":""10 ""},{""value"":10,""unit"":""seconds"",""raw"":""10s""}]","Consumes 20 Energy to imbue the caster and up to 10 nearby allies (prioritizing teammates) with the forest power for 10s, healing them every second (Interval affected by Haste).","[{""sourceFile"":""skillnames.json""}]"
skill,SkillDescriptions.json,152222,Nourish,skill:152222:1,hasteStat,hasteEvidence,attrOrBuffEvidence,medium,false,unknown,,"[""haste""]",true,"[""localizedDescription"",""skillCooldownTable"",""skillDefinition"",""skillTags""]","[""finalCharacterStats"",""healEvent"",""skillCastEvent"",""skillCastOrDamageEvent""]","[""targetSkillScopeMapping""]",true,"[{""value"":20,""unit"":"""",""raw"":""20 ""},{""value"":10,""unit"":"""",""raw"":""10 ""},{""value"":10,""unit"":""seconds"",""raw"":""10s""}]","Consumes 20 Energy to imbue the caster and up to 10 nearby allies (prioritizing teammates) with the forest power for 10s, healing them every second (Interval affected by Haste).","[{""sourceFile"":""skillnames.json""}]"
skill,SkillDescriptions.json,152223,Nourish,skill:152223:1,hasteStat,hasteEvidence,attrOrBuffEvidence,medium,false,unknown,,"[""haste""]",true,"[""localizedDescription"",""skillCooldownTable"",""skillDefinition"",""skillTags""]","[""finalCharacterStats"",""healEvent"",""skillCastEvent"",""skillCastOrDamageEvent""]","[""targetSkillScopeMapping""]",true,"[{""value"":20,""unit"":"""",""raw"":""20 ""},{""value"":10,""unit"":"""",""raw"":""10 ""},{""value"":10,""unit"":""seconds"",""raw"":""10s""}]","Consumes 20 Energy to imbue the caster and up to 10 nearby allies (prioritizing teammates) with the forest power for 10s, healing them every second (Interval affected by Haste).","[{""sourceFile"":""skillnames.json""}]"
skill,SkillDescriptions.json,152224,Nourish,skill:152224:1,hasteStat,hasteEvidence,attrOrBuffEvidence,medium,false,unknown,,"[""haste""]",true,"[""localizedDescription"",""skillCooldownTable"",""skillDefinition"",""skillTags""]","[""finalCharacterStats"",""healEvent"",""skillCastEvent"",""skillCastOrDamageEvent""]","[""targetSkillScopeMapping""]",true,"[{""value"":20,""unit"":"""",""raw"":""20 ""},{""value"":10,""unit"":"""",""raw"":""10 ""},{""value"":10,""unit"":""seconds"",""raw"":""10s""}]","Consumes 20 Energy to imbue the caster and up to 10 nearby allies (prioritizing teammates) with the forest power for 10s, healing them every second (Interval affected by Haste).","[{""sourceFile"":""skillnames.json""}]"
skill,SkillDescriptions.json,152225,Nourish,skill:152225:1,hasteStat,hasteEvidence,attrOrBuffEvidence,medium,false,unknown,,"[""haste""]",true,"[""localizedDescription"",""skillCooldownTable"",""skillDefinition"",""skillTags""]","[""finalCharacterStats"",""healEvent"",""skillCastEvent"",""skillCastOrDamageEvent""]","[""targetSkillScopeMapping""]",true,"[{""value"":20,""unit"":"""",""raw"":""20 ""},{""value"":10,""unit"":"""",""raw"":""10 ""},{""value"":10,""unit"":""seconds"",""raw"":""10s""}]","Consumes 20 Energy to imbue the caster and up to 10 nearby allies (prioritizing teammates) with the forest power for 10s, healing them every second (Interval affected by Haste).","[{""sourceFile"":""skillnames.json""}]"
skill,SkillDescriptions.json,152226,Nourish,skill:152226:1,hasteStat,hasteEvidence,attrOrBuffEvidence,medium,false,unknown,,"[""haste""]",true,"[""localizedDescription"",""skillCooldownTable"",""skillDefinition"",""skillTags""]","[""finalCharacterStats"",""healEvent"",""skillCastEvent"",""skillCastOrDamageEvent""]","[""targetSkillScopeMapping""]",true,"[{""value"":20,""unit"":"""",""raw"":""20 ""},{""value"":10,""unit"":"""",""raw"":""10 ""},{""value"":10,""unit"":""seconds"",""raw"":""10s""}]","Consumes 20 Energy to imbue the caster and up to 10 nearby allies (prioritizing teammates) with the forest power for 10s, healing them every second (Interval affected by Haste).","[{""sourceFile"":""skillnames.json""}]"
skill,SkillDescriptions.json,152227,Nourish,skill:152227:1,hasteStat,hasteEvidence,attrOrBuffEvidence,medium,false,unknown,,"[""haste""]",true,"[""localizedDescription"",""skillCooldownTable"",""skillDefinition"",""skillTags""]","[""finalCharacterStats"",""healEvent"",""skillCastEvent"",""skillCastOrDamageEvent""]","[""targetSkillScopeMapping""]",true,"[{""value"":20,""unit"":"""",""raw"":""20 ""},{""value"":10,""unit"":"""",""raw"":""10 ""},{""value"":10,""unit"":""seconds"",""raw"":""10s""}]","Consumes 20 Energy to imbue the caster and up to 10 nearby allies (prioritizing teammates) with the forest power for 10s, healing them every second (Interval affected by Haste).","[{""sourceFile"":""skillnames.json""}]"
skill,SkillDescriptions.json,152228,Nourish,skill:152228:1,hasteStat,hasteEvidence,attrOrBuffEvidence,medium,false,unknown,,"[""haste""]",true,"[""localizedDescription"",""skillCooldownTable"",""skillDefinition"",""skillTags""]","[""finalCharacterStats"",""healEvent"",""skillCastEvent"",""skillCastOrDamageEvent""]","[""targetSkillScopeMapping""]",true,"[{""value"":20,""unit"":"""",""raw"":""20 ""},{""value"":10,""unit"":"""",""raw"":""10 ""},{""value"":10,""unit"":""seconds"",""raw"":""10s""}]","Consumes 20 Energy to imbue the caster and up to 10 nearby allies (prioritizing teammates) with the forest power for 10s, healing them every second (Interval affected by Haste).","[{""sourceFile"":""skillnames.json""}]"
skill,SkillDescriptions.json,152229,Nourish,skill:152229:1,hasteStat,hasteEvidence,attrOrBuffEvidence,medium,false,unknown,,"[""haste""]",true,"[""localizedDescription"",""skillCooldownTable"",""skillDefinition"",""skillTags""]","[""finalCharacterStats"",""healEvent"",""skillCastEvent"",""skillCastOrDamageEvent""]","[""targetSkillScopeMapping""]",true,"[{""value"":20,""unit"":"""",""raw"":""20 ""},{""value"":10,""unit"":"""",""raw"":""10 ""},{""value"":10,""unit"":""seconds"",""raw"":""10s""}]","Consumes 20 Energy to imbue the caster and up to 10 nearby allies (prioritizing teammates) with the forest power for 10s, healing them every second (Interval affected by Haste).","[{""sourceFile"":""skillnames.json""}]"
skill,SkillDescriptions.json,152230,Nourish,skill:152230:1,hasteStat,hasteEvidence,attrOrBuffEvidence,medium,false,unknown,,"[""haste""]",true,"[""localizedDescription"",""skillCooldownTable"",""skillDefinition"",""skillTags""]","[""finalCharacterStats"",""healEvent"",""skillCastEvent"",""skillCastOrDamageEvent""]","[""targetSkillScopeMapping""]",true,"[{""value"":20,""unit"":"""",""raw"":""20 ""},{""value"":10,""unit"":"""",""raw"":""10 ""},{""value"":10,""unit"":""seconds"",""raw"":""10s""}]","Consumes 20 Energy to imbue the caster and up to 10 nearby allies (prioritizing teammates) with the forest power for 10s, healing them every second (Interval affected by Haste).","[{""sourceFile"":""skillnames.json""}]"
skill,SkillDescriptions.json,152301,Regen Pulse,skill:152301:1,cooldownTextUnclassified,evidence,textOnly,medium,false,selfSkill,,[],false,"[""localizedDescription"",""skillCooldownTable"",""skillDefinition"",""skillTags""]","[""healEvent"",""killEvent"",""skillCastOrDamageEvent""]","[""runtimeIdBridge""]",true,[],"Tips: In AoE-heavy healing encounters, use this skill carefully to avoid wasting its dispel and putting it on CD too early.","[{""sourceFile"":""skillnames.json""}]"
skill,SkillDescriptions.json,152302,Regen Pulse,skill:152302:1,cooldownTextUnclassified,evidence,textOnly,medium,false,selfSkill,,[],false,"[""localizedDescription"",""skillCooldownTable"",""skillDefinition"",""skillTags""]","[""healEvent"",""killEvent"",""skillCastOrDamageEvent""]","[""runtimeIdBridge""]",true,[],"Tips: In AoE-heavy healing encounters, use this skill carefully to avoid wasting its dispel and putting it on CD too early.","[{""sourceFile"":""skillnames.json""}]"
skill,SkillDescriptions.json,152303,Regen Pulse,skill:152303:1,cooldownTextUnclassified,evidence,textOnly,medium,false,selfSkill,,[],false,"[""localizedDescription"",""skillCooldownTable"",""skillDefinition"",""skillTags""]","[""healEvent"",""killEvent"",""skillCastOrDamageEvent""]","[""runtimeIdBridge""]",true,[],"Tips: In AoE-heavy healing encounters, use this skill carefully to avoid wasting its dispel and putting it on CD too early.","[{""sourceFile"":""skillnames.json""}]"
skill,SkillDescriptions.json,152304,Regen Pulse,skill:152304:1,cooldownTextUnclassified,evidence,textOnly,medium,false,selfSkill,,[],false,"[""localizedDescription"",""skillCooldownTable"",""skillDefinition"",""skillTags""]","[""healEvent"",""killEvent"",""skillCastOrDamageEvent""]","[""runtimeIdBridge""]",true,[],"Tips: In AoE-heavy healing encounters, use this skill carefully to avoid wasting its dispel and putting it on CD too early.","[{""sourceFile"":""skillnames.json""}]"
skill,SkillDescriptions.json,152305,Regen Pulse,skill:152305:1,cooldownTextUnclassified,evidence,textOnly,medium,false,selfSkill,,[],false,"[""localizedDescription"",""skillCooldownTable"",""skillDefinition"",""skillTags""]","[""healEvent"",""killEvent"",""skillCastOrDamageEvent""]","[""runtimeIdBridge""]",true,[],"Tips: In AoE-heavy healing encounters, use this skill carefully to avoid wasting its dispel and putting it on CD too early.","[{""sourceFile"":""skillnames.json""}]"
skill,SkillDescriptions.json,152306,Regen Pulse,skill:152306:1,cooldownTextUnclassified,evidence,textOnly,medium,false,selfSkill,,[],false,"[""localizedDescription"",""skillCooldownTable"",""skillDefinition"",""skillTags""]","[""healEvent"",""killEvent"",""skillCastOrDamageEvent""]","[""runtimeIdBridge""]",true,[],"Tips: In AoE-heavy healing encounters, use this skill carefully to avoid wasting its dispel and putting it on CD too early.","[{""sourceFile"":""skillnames.json""}]"
skill,SkillDescriptions.json,152307,Regen Pulse,skill:152307:1,cooldownTextUnclassified,evidence,textOnly,medium,false,selfSkill,,[],false,"[""localizedDescription"",""skillCooldownTable"",""skillDefinition"",""skillTags""]","[""healEvent"",""killEvent"",""skillCastOrDamageEvent""]","[""runtimeIdBridge""]",true,[],"Tips: In AoE-heavy healing encounters, use this skill carefully to avoid wasting its dispel and putting it on CD too early.","[{""sourceFile"":""skillnames.json""}]"
skill,SkillDescriptions.json,152308,Regen Pulse,skill:152308:1,cooldownTextUnclassified,evidence,textOnly,medium,false,selfSkill,,[],false,"[""localizedDescription"",""skillCooldownTable"",""skillDefinition"",""skillTags""]","[""healEvent"",""killEvent"",""skillCastOrDamageEvent""]","[""runtimeIdBridge""]",true,[],"Tips: In AoE-heavy healing encounters, use this skill carefully to avoid wasting its dispel and putting it on CD too early.","[{""sourceFile"":""skillnames.json""}]"
skill,SkillDescriptions.json,152309,Regen Pulse,skill:152309:1,cooldownTextUnclassified,evidence,textOnly,medium,false,selfSkill,,[],false,"[""localizedDescription"",""skillCooldownTable"",""skillDefinition"",""skillTags""]","[""healEvent"",""killEvent"",""skillCastOrDamageEvent""]","[""runtimeIdBridge""]",true,[],"Tips: In AoE-heavy healing encounters, use this skill carefully to avoid wasting its dispel and putting it on CD too early.","[{""sourceFile"":""skillnames.json""}]"
skill,SkillDescriptions.json,152310,Regen Pulse,skill:152310:1,cooldownTextUnclassified,evidence,textOnly,medium,false,selfSkill,,[],false,"[""localizedDescription"",""skillCooldownTable"",""skillDefinition"",""skillTags""]","[""healEvent"",""killEvent"",""skillCastOrDamageEvent""]","[""runtimeIdBridge""]",true,[],"Tips: In AoE-heavy healing encounters, use this skill carefully to avoid wasting its dispel and putting it on CD too early.","[{""sourceFile"":""skillnames.json""}]"
skill,SkillDescriptions.json,152311,Regen Pulse,skill:152311:1,cooldownTextUnclassified,evidence,textOnly,medium,false,selfSkill,,[],false,"[""localizedDescription"",""skillCooldownTable"",""skillDefinition"",""skillTags""]","[""healEvent"",""killEvent"",""skillCastOrDamageEvent""]","[""runtimeIdBridge""]",true,[],"Tips: In AoE-heavy healing encounters, use this skill carefully to avoid wasting its dispel and putting it on CD too early.","[{""sourceFile"":""skillnames.json""}]"
skill,SkillDescriptions.json,152312,Regen Pulse,skill:152312:1,cooldownTextUnclassified,evidence,textOnly,medium,false,selfSkill,,[],false,"[""localizedDescription"",""skillCooldownTable"",""skillDefinition"",""skillTags""]","[""healEvent"",""killEvent"",""skillCastOrDamageEvent""]","[""runtimeIdBridge""]",true,[],"Tips: In AoE-heavy healing encounters, use this skill carefully to avoid wasting its dispel and putting it on CD too early.","[{""sourceFile"":""skillnames.json""}]"
skill,SkillDescriptions.json,152313,Regen Pulse,skill:152313:1,cooldownTextUnclassified,evidence,textOnly,medium,false,selfSkill,,[],false,"[""localizedDescription"",""skillCooldownTable"",""skillDefinition"",""skillTags""]","[""healEvent"",""killEvent"",""skillCastOrDamageEvent""]","[""runtimeIdBridge""]",true,[],"Tips: In AoE-heavy healing encounters, use this skill carefully to avoid wasting its dispel and putting it on CD too early.","[{""sourceFile"":""skillnames.json""}]"
skill,SkillDescriptions.json,152314,Regen Pulse,skill:152314:1,cooldownTextUnclassified,evidence,textOnly,medium,false,selfSkill,,[],false,"[""localizedDescription"",""skillCooldownTable"",""skillDefinition"",""skillTags""]","[""healEvent"",""killEvent"",""skillCastOrDamageEvent""]","[""runtimeIdBridge""]",true,[],"Tips: In AoE-heavy healing encounters, use this skill carefully to avoid wasting its dispel and putting it on CD too early.","[{""sourceFile"":""skillnames.json""}]"
skill,SkillDescriptions.json,152315,Regen Pulse,skill:152315:1,cooldownTextUnclassified,evidence,textOnly,medium,false,selfSkill,,[],false,"[""localizedDescription"",""skillCooldownTable"",""skillDefinition"",""skillTags""]","[""healEvent"",""killEvent"",""skillCastOrDamageEvent""]","[""runtimeIdBridge""]",true,[],"Tips: In AoE-heavy healing encounters, use this skill carefully to avoid wasting its dispel and putting it on CD too early.","[{""sourceFile"":""skillnames.json""}]"
skill,SkillDescriptions.json,152316,Regen Pulse,skill:152316:1,cooldownTextUnclassified,evidence,textOnly,medium,false,selfSkill,,[],false,"[""localizedDescription"",""skillCooldownTable"",""skillDefinition"",""skillTags""]","[""healEvent"",""killEvent"",""skillCastOrDamageEvent""]","[""runtimeIdBridge""]",true,[],"Tips: In AoE-heavy healing encounters, use this skill carefully to avoid wasting its dispel and putting it on CD too early.","[{""sourceFile"":""skillnames.json""}]"
skill,SkillDescriptions.json,152317,Regen Pulse,skill:152317:1,cooldownTextUnclassified,evidence,textOnly,medium,false,selfSkill,,[],false,"[""localizedDescription"",""skillCooldownTable"",""skillDefinition"",""skillTags""]","[""healEvent"",""killEvent"",""skillCastOrDamageEvent""]","[""runtimeIdBridge""]",true,[],"Tips: In AoE-heavy healing encounters, use this skill carefully to avoid wasting its dispel and putting it on CD too early.","[{""sourceFile"":""skillnames.json""}]"
skill,SkillDescriptions.json,152318,Regen Pulse,skill:152318:1,cooldownTextUnclassified,evidence,textOnly,medium,false,selfSkill,,[],false,"[""localizedDescription"",""skillCooldownTable"",""skillDefinition"",""skillTags""]","[""healEvent"",""killEvent"",""skillCastOrDamageEvent""]","[""runtimeIdBridge""]",true,[],"Tips: In AoE-heavy healing encounters, use this skill carefully to avoid wasting its dispel and putting it on CD too early.","[{""sourceFile"":""skillnames.json""}]"
skill,SkillDescriptions.json,152319,Regen Pulse,skill:152319:1,cooldownTextUnclassified,evidence,textOnly,medium,false,selfSkill,,[],false,"[""localizedDescription"",""skillCooldownTable"",""skillDefinition"",""skillTags""]","[""healEvent"",""killEvent"",""skillCastOrDamageEvent""]","[""runtimeIdBridge""]",true,[],"Tips: In AoE-heavy healing encounters, use this skill carefully to avoid wasting its dispel and putting it on CD too early.","[{""sourceFile"":""skillnames.json""}]"
skill,SkillDescriptions.json,152320,Regen Pulse,skill:152320:1,cooldownTextUnclassified,evidence,textOnly,medium,false,selfSkill,,[],false,"[""localizedDescription"",""skillCooldownTable"",""skillDefinition"",""skillTags""]","[""healEvent"",""killEvent"",""skillCastOrDamageEvent""]","[""runtimeIdBridge""]",true,[],"Tips: In AoE-heavy healing encounters, use this skill carefully to avoid wasting its dispel and putting it on CD too early.","[{""sourceFile"":""skillnames.json""}]"
skill,SkillDescriptions.json,152321,Regen Pulse,skill:152321:1,cooldownTextUnclassified,evidence,textOnly,medium,false,selfSkill,,[],false,"[""localizedDescription"",""skillCooldownTable"",""skillDefinition"",""skillTags""]","[""healEvent"",""killEvent"",""skillCastOrDamageEvent""]","[""runtimeIdBridge""]",true,[],"Tips: In AoE-heavy healing encounters, use this skill carefully to avoid wasting its dispel and putting it on CD too early.","[{""sourceFile"":""skillnames.json""}]"
skill,SkillDescriptions.json,152322,Regen Pulse,skill:152322:1,cooldownTextUnclassified,evidence,textOnly,medium,false,selfSkill,,[],false,"[""localizedDescription"",""skillCooldownTable"",""skillDefinition"",""skillTags""]","[""healEvent"",""killEvent"",""skillCastOrDamageEvent""]","[""runtimeIdBridge""]",true,[],"Tips: In AoE-heavy healing encounters, use this skill carefully to avoid wasting its dispel and putting it on CD too early.","[{""sourceFile"":""skillnames.json""}]"
skill,SkillDescriptions.json,152323,Regen Pulse,skill:152323:1,cooldownTextUnclassified,evidence,textOnly,medium,false,selfSkill,,[],false,"[""localizedDescription"",""skillCooldownTable"",""skillDefinition"",""skillTags""]","[""healEvent"",""killEvent"",""skillCastOrDamageEvent""]","[""runtimeIdBridge""]",true,[],"Tips: In AoE-heavy healing encounters, use this skill carefully to avoid wasting its dispel and putting it on CD too early.","[{""sourceFile"":""skillnames.json""}]"
skill,SkillDescriptions.json,152324,Regen Pulse,skill:152324:1,cooldownTextUnclassified,evidence,textOnly,medium,false,selfSkill,,[],false,"[""localizedDescription"",""skillCooldownTable"",""skillDefinition"",""skillTags""]","[""healEvent"",""killEvent"",""skillCastOrDamageEvent""]","[""runtimeIdBridge""]",true,[],"Tips: In AoE-heavy healing encounters, use this skill carefully to avoid wasting its dispel and putting it on CD too early.","[{""sourceFile"":""skillnames.json""}]"
skill,SkillDescriptions.json,152325,Regen Pulse,skill:152325:1,cooldownTextUnclassified,evidence,textOnly,medium,false,selfSkill,,[],false,"[""localizedDescription"",""skillCooldownTable"",""skillDefinition"",""skillTags""]","[""healEvent"",""killEvent"",""skillCastOrDamageEvent""]","[""runtimeIdBridge""]",true,[],"Tips: In AoE-heavy healing encounters, use this skill carefully to avoid wasting its dispel and putting it on CD too early.","[{""sourceFile"":""skillnames.json""}]"
skill,SkillDescriptions.json,152326,Regen Pulse,skill:152326:1,cooldownTextUnclassified,evidence,textOnly,medium,false,selfSkill,,[],false,"[""localizedDescription"",""skillCooldownTable"",""skillDefinition"",""skillTags""]","[""healEvent"",""killEvent"",""skillCastOrDamageEvent""]","[""runtimeIdBridge""]",true,[],"Tips: In AoE-heavy healing encounters, use this skill carefully to avoid wasting its dispel and putting it on CD too early.","[{""sourceFile"":""skillnames.json""}]"
skill,SkillDescriptions.json,152327,Regen Pulse,skill:152327:1,cooldownTextUnclassified,evidence,textOnly,medium,false,selfSkill,,[],false,"[""localizedDescription"",""skillCooldownTable"",""skillDefinition"",""skillTags""]","[""healEvent"",""killEvent"",""skillCastOrDamageEvent""]","[""runtimeIdBridge""]",true,[],"Tips: In AoE-heavy healing encounters, use this skill carefully to avoid wasting its dispel and putting it on CD too early.","[{""sourceFile"":""skillnames.json""}]"
skill,SkillDescriptions.json,152328,Regen Pulse,skill:152328:1,cooldownTextUnclassified,evidence,textOnly,medium,false,selfSkill,,[],false,"[""localizedDescription"",""skillCooldownTable"",""skillDefinition"",""skillTags""]","[""healEvent"",""killEvent"",""skillCastOrDamageEvent""]","[""runtimeIdBridge""]",true,[],"Tips: In AoE-heavy healing encounters, use this skill carefully to avoid wasting its dispel and putting it on CD too early.","[{""sourceFile"":""skillnames.json""}]"
skill,SkillDescriptions.json,152329,Regen Pulse,skill:152329:1,cooldownTextUnclassified,evidence,textOnly,medium,false,selfSkill,,[],false,"[""localizedDescription"",""skillCooldownTable"",""skillDefinition"",""skillTags""]","[""healEvent"",""killEvent"",""skillCastOrDamageEvent""]","[""runtimeIdBridge""]",true,[],"Tips: In AoE-heavy healing encounters, use this skill carefully to avoid wasting its dispel and putting it on CD too early.","[{""sourceFile"":""skillnames.json""}]"
skill,SkillDescriptions.json,152330,Regen Pulse,skill:152330:1,cooldownTextUnclassified,evidence,textOnly,medium,false,selfSkill,,[],false,"[""localizedDescription"",""skillCooldownTable"",""skillDefinition"",""skillTags""]","[""healEvent"",""killEvent"",""skillCastOrDamageEvent""]","[""runtimeIdBridge""]",true,[],"Tips: In AoE-heavy healing encounters, use this skill carefully to avoid wasting its dispel and putting it on CD too early.","[{""sourceFile"":""skillnames.json""}]"
skill,SkillDescriptions.json,152401,Fast Growth,skill:152401:1,cooldownTextUnclassified,evidence,textOnly,medium,false,unknown,,[],false,"[""localizedDescription"",""skillCooldownTable"",""skillDefinition"",""skillTags""]","[""skillCastEvent"",""skillCastOrDamageEvent""]","[""runtimeIdBridge""]",true,[],Applies an acceleration effect to the caster.,"[{""sourceFile"":""skillnames.json""}]"
skill,SkillDescriptions.json,152401,Fast Growth,skill:152401:2,flatCooldownReduce,flatReduceMs,activeBuffOrAttrCandidate,high,false,unknown,,[],false,"[""localizedDescription"",""skillCooldownTable"",""skillDefinition"",""skillTags""]","[""activeBuffState"",""skillCastOrDamageEvent""]","[""targetSkillScopeMapping""]",true,[],Increases MATK and reduces CD while active.,"[{""sourceFile"":""skillnames.json""}]"
skill,SkillDescriptions.json,152401,Fast Growth,skill:152401:3,cooldownTextUnclassified,evidence,textOnly,medium,false,unknown,,[],false,"[""localizedDescription"",""skillCooldownTable"",""skillDefinition"",""skillTags""]","[""killEvent"",""skillCastEvent"",""skillCastOrDamageEvent""]","[""runtimeIdBridge""]",true,[],Tips: Cast when other skills are on CD .,"[{""sourceFile"":""skillnames.json""}]"
skill,SkillDescriptions.json,152402,Fast Growth,skill:152402:1,cooldownTextUnclassified,evidence,textOnly,medium,false,unknown,,[],false,"[""localizedDescription"",""skillCooldownTable"",""skillDefinition"",""skillTags""]","[""skillCastEvent"",""skillCastOrDamageEvent""]","[""runtimeIdBridge""]",true,[],Applies an acceleration effect to the caster.,"[{""sourceFile"":""skillnames.json""}]"
skill,SkillDescriptions.json,152402,Fast Growth,skill:152402:2,flatCooldownReduce,flatReduceMs,activeBuffOrAttrCandidate,high,false,unknown,,[],false,"[""localizedDescription"",""skillCooldownTable"",""skillDefinition"",""skillTags""]","[""activeBuffState"",""skillCastOrDamageEvent""]","[""targetSkillScopeMapping""]",true,[],Increases MATK and reduces CD while active.,"[{""sourceFile"":""skillnames.json""}]"
skill,SkillDescriptions.json,152402,Fast Growth,skill:152402:3,cooldownTextUnclassified,evidence,textOnly,medium,false,unknown,,[],false,"[""localizedDescription"",""skillCooldownTable"",""skillDefinition"",""skillTags""]","[""killEvent"",""skillCastEvent"",""skillCastOrDamageEvent""]","[""runtimeIdBridge""]",true,[],Tips: Cast when other skills are on CD .,"[{""sourceFile"":""skillnames.json""}]"
skill,SkillDescriptions.json,152403,Fast Growth,skill:152403:1,cooldownTextUnclassified,evidence,textOnly,medium,false,unknown,,[],false,"[""localizedDescription"",""skillCooldownTable"",""skillDefinition"",""skillTags""]","[""skillCastEvent"",""skillCastOrDamageEvent""]","[""runtimeIdBridge""]",true,[],Applies an acceleration effect to the caster.,"[{""sourceFile"":""skillnames.json""}]"
skill,SkillDescriptions.json,152403,Fast Growth,skill:152403:2,flatCooldownReduce,flatReduceMs,activeBuffOrAttrCandidate,high,false,unknown,,[],false,"[""localizedDescription"",""skillCooldownTable"",""skillDefinition"",""skillTags""]","[""activeBuffState"",""skillCastOrDamageEvent""]","[""targetSkillScopeMapping""]",true,[],Increases MATK and reduces CD while active.,"[{""sourceFile"":""skillnames.json""}]"
skill,SkillDescriptions.json,152403,Fast Growth,skill:152403:3,cooldownTextUnclassified,evidence,textOnly,medium,false,unknown,,[],false,"[""localizedDescription"",""skillCooldownTable"",""skillDefinition"",""skillTags""]","[""killEvent"",""skillCastEvent"",""skillCastOrDamageEvent""]","[""runtimeIdBridge""]",true,[],Tips: Cast when other skills are on CD .,"[{""sourceFile"":""skillnames.json""}]"
skill,SkillDescriptions.json,152404,Fast Growth,skill:152404:1,cooldownTextUnclassified,evidence,textOnly,medium,false,unknown,,[],false,"[""localizedDescription"",""skillCooldownTable"",""skillDefinition"",""skillTags""]","[""skillCastEvent"",""skillCastOrDamageEvent""]","[""runtimeIdBridge""]",true,[],Applies an acceleration effect to the caster.,"[{""sourceFile"":""skillnames.json""}]"
skill,SkillDescriptions.json,152404,Fast Growth,skill:152404:2,flatCooldownReduce,flatReduceMs,activeBuffOrAttrCandidate,high,false,unknown,,[],false,"[""localizedDescription"",""skillCooldownTable"",""skillDefinition"",""skillTags""]","[""activeBuffState"",""skillCastOrDamageEvent""]","[""targetSkillScopeMapping""]",true,[],Increases MATK and reduces CD while active.,"[{""sourceFile"":""skillnames.json""}]"
skill,SkillDescriptions.json,152404,Fast Growth,skill:152404:3,cooldownTextUnclassified,evidence,textOnly,medium,false,unknown,,[],false,"[""localizedDescription"",""skillCooldownTable"",""skillDefinition"",""skillTags""]","[""killEvent"",""skillCastEvent"",""skillCastOrDamageEvent""]","[""runtimeIdBridge""]",true,[],Tips: Cast when other skills are on CD .,"[{""sourceFile"":""skillnames.json""}]"
skill,SkillDescriptions.json,152405,Fast Growth,skill:152405:1,cooldownTextUnclassified,evidence,textOnly,medium,false,unknown,,[],false,"[""localizedDescription"",""skillCooldownTable"",""skillDefinition"",""skillTags""]","[""skillCastEvent"",""skillCastOrDamageEvent""]","[""runtimeIdBridge""]",true,[],Applies an acceleration effect to the caster.,"[{""sourceFile"":""skillnames.json""}]"
skill,SkillDescriptions.json,152405,Fast Growth,skill:152405:2,flatCooldownReduce,flatReduceMs,activeBuffOrAttrCandidate,high,false,unknown,,[],false,"[""localizedDescription"",""skillCooldownTable"",""skillDefinition"",""skillTags""]","[""activeBuffState"",""skillCastOrDamageEvent""]","[""targetSkillScopeMapping""]",true,[],Increases MATK and reduces CD while active.,"[{""sourceFile"":""skillnames.json""}]"
skill,SkillDescriptions.json,152405,Fast Growth,skill:152405:3,cooldownTextUnclassified,evidence,textOnly,medium,false,unknown,,[],false,"[""localizedDescription"",""skillCooldownTable"",""skillDefinition"",""skillTags""]","[""killEvent"",""skillCastEvent"",""skillCastOrDamageEvent""]","[""runtimeIdBridge""]",true,[],Tips: Cast when other skills are on CD .,"[{""sourceFile"":""skillnames.json""}]"
skill,SkillDescriptions.json,152406,Fast Growth,skill:152406:1,cooldownTextUnclassified,evidence,textOnly,medium,false,unknown,,[],false,"[""localizedDescription"",""skillCooldownTable"",""skillDefinition"",""skillTags""]","[""skillCastEvent"",""skillCastOrDamageEvent""]","[""runtimeIdBridge""]",true,[],Applies an acceleration effect to the caster.,"[{""sourceFile"":""skillnames.json""}]"
skill,SkillDescriptions.json,152406,Fast Growth,skill:152406:2,flatCooldownReduce,flatReduceMs,activeBuffOrAttrCandidate,high,false,unknown,,[],false,"[""localizedDescription"",""skillCooldownTable"",""skillDefinition"",""skillTags""]","[""activeBuffState"",""skillCastOrDamageEvent""]","[""targetSkillScopeMapping""]",true,[],Increases MATK and reduces CD while active.,"[{""sourceFile"":""skillnames.json""}]"
skill,SkillDescriptions.json,152406,Fast Growth,skill:152406:3,cooldownTextUnclassified,evidence,textOnly,medium,false,unknown,,[],false,"[""localizedDescription"",""skillCooldownTable"",""skillDefinition"",""skillTags""]","[""killEvent"",""skillCastEvent"",""skillCastOrDamageEvent""]","[""runtimeIdBridge""]",true,[],Tips: Cast when other skills are on CD .,"[{""sourceFile"":""skillnames.json""}]"
skill,SkillDescriptions.json,152407,Fast Growth,skill:152407:1,cooldownTextUnclassified,evidence,textOnly,medium,false,unknown,,[],false,"[""localizedDescription"",""skillCooldownTable"",""skillDefinition"",""skillTags""]","[""skillCastEvent"",""skillCastOrDamageEvent""]","[""runtimeIdBridge""]",true,[],Applies an acceleration effect to the caster.,"[{""sourceFile"":""skillnames.json""}]"
skill,SkillDescriptions.json,152407,Fast Growth,skill:152407:2,flatCooldownReduce,flatReduceMs,activeBuffOrAttrCandidate,high,false,unknown,,[],false,"[""localizedDescription"",""skillCooldownTable"",""skillDefinition"",""skillTags""]","[""activeBuffState"",""skillCastOrDamageEvent""]","[""targetSkillScopeMapping""]",true,[],Increases MATK and reduces CD while active.,"[{""sourceFile"":""skillnames.json""}]"
skill,SkillDescriptions.json,152407,Fast Growth,skill:152407:3,cooldownTextUnclassified,evidence,textOnly,medium,false,unknown,,[],false,"[""localizedDescription"",""skillCooldownTable"",""skillDefinition"",""skillTags""]","[""killEvent"",""skillCastEvent"",""skillCastOrDamageEvent""]","[""runtimeIdBridge""]",true,[],Tips: Cast when other skills are on CD .,"[{""sourceFile"":""skillnames.json""}]"
skill,SkillDescriptions.json,152408,Fast Growth,skill:152408:1,cooldownTextUnclassified,evidence,textOnly,medium,false,unknown,,[],false,"[""localizedDescription"",""skillCooldownTable"",""skillDefinition"",""skillTags""]","[""skillCastEvent"",""skillCastOrDamageEvent""]","[""runtimeIdBridge""]",true,[],Applies an acceleration effect to the caster.,"[{""sourceFile"":""skillnames.json""}]"
skill,SkillDescriptions.json,152408,Fast Growth,skill:152408:2,flatCooldownReduce,flatReduceMs,activeBuffOrAttrCandidate,high,false,unknown,,[],false,"[""localizedDescription"",""skillCooldownTable"",""skillDefinition"",""skillTags""]","[""activeBuffState"",""skillCastOrDamageEvent""]","[""targetSkillScopeMapping""]",true,[],Increases MATK and reduces CD while active.,"[{""sourceFile"":""skillnames.json""}]"
skill,SkillDescriptions.json,152408,Fast Growth,skill:152408:3,cooldownTextUnclassified,evidence,textOnly,medium,false,unknown,,[],false,"[""localizedDescription"",""skillCooldownTable"",""skillDefinition"",""skillTags""]","[""killEvent"",""skillCastEvent"",""skillCastOrDamageEvent""]","[""runtimeIdBridge""]",true,[],Tips: Cast when other skills are on CD .,"[{""sourceFile"":""skillnames.json""}]"
skill,SkillDescriptions.json,152409,Fast Growth,skill:152409:1,cooldownTextUnclassified,evidence,textOnly,medium,false,unknown,,[],false,"[""localizedDescription"",""skillCooldownTable"",""skillDefinition"",""skillTags""]","[""skillCastEvent"",""skillCastOrDamageEvent""]","[""runtimeIdBridge""]",true,[],Applies an acceleration effect to the caster.,"[{""sourceFile"":""skillnames.json""}]"
skill,SkillDescriptions.json,152409,Fast Growth,skill:152409:2,flatCooldownReduce,flatReduceMs,activeBuffOrAttrCandidate,high,false,unknown,,[],false,"[""localizedDescription"",""skillCooldownTable"",""skillDefinition"",""skillTags""]","[""activeBuffState"",""skillCastOrDamageEvent""]","[""targetSkillScopeMapping""]",true,[],Increases MATK and reduces CD while active.,"[{""sourceFile"":""skillnames.json""}]"
skill,SkillDescriptions.json,152409,Fast Growth,skill:152409:3,cooldownTextUnclassified,evidence,textOnly,medium,false,unknown,,[],false,"[""localizedDescription"",""skillCooldownTable"",""skillDefinition"",""skillTags""]","[""killEvent"",""skillCastEvent"",""skillCastOrDamageEvent""]","[""runtimeIdBridge""]",true,[],Tips: Cast when other skills are on CD .,"[{""sourceFile"":""skillnames.json""}]"
skill,SkillDescriptions.json,152410,Fast Growth,skill:152410:1,cooldownTextUnclassified,evidence,textOnly,medium,false,unknown,,[],false,"[""localizedDescription"",""skillCooldownTable"",""skillDefinition"",""skillTags""]","[""skillCastEvent"",""skillCastOrDamageEvent""]","[""runtimeIdBridge""]",true,[],Applies an acceleration effect to the caster.,"[{""sourceFile"":""skillnames.json""}]"
skill,SkillDescriptions.json,152410,Fast Growth,skill:152410:2,flatCooldownReduce,flatReduceMs,activeBuffOrAttrCandidate,high,false,unknown,,[],false,"[""localizedDescription"",""skillCooldownTable"",""skillDefinition"",""skillTags""]","[""activeBuffState"",""skillCastOrDamageEvent""]","[""targetSkillScopeMapping""]",true,[],Increases MATK and reduces CD while active.,"[{""sourceFile"":""skillnames.json""}]"
skill,SkillDescriptions.json,152410,Fast Growth,skill:152410:3,cooldownTextUnclassified,evidence,textOnly,medium,false,unknown,,[],false,"[""localizedDescription"",""skillCooldownTable"",""skillDefinition"",""skillTags""]","[""killEvent"",""skillCastEvent"",""skillCastOrDamageEvent""]","[""runtimeIdBridge""]",true,[],Tips: Cast when other skills are on CD .,"[{""sourceFile"":""skillnames.json""}]"
skill,SkillDescriptions.json,152411,Fast Growth,skill:152411:1,cooldownTextUnclassified,evidence,textOnly,medium,false,unknown,,[],false,"[""localizedDescription"",""skillCooldownTable"",""skillDefinition"",""skillTags""]","[""skillCastEvent"",""skillCastOrDamageEvent""]","[""runtimeIdBridge""]",true,[],Applies an acceleration effect to the caster.,"[{""sourceFile"":""skillnames.json""}]"
skill,SkillDescriptions.json,152411,Fast Growth,skill:152411:2,flatCooldownReduce,flatReduceMs,activeBuffOrAttrCandidate,high,false,unknown,,[],false,"[""localizedDescription"",""skillCooldownTable"",""skillDefinition"",""skillTags""]","[""activeBuffState"",""skillCastOrDamageEvent""]","[""targetSkillScopeMapping""]",true,[],Increases MATK and reduces CD while active.,"[{""sourceFile"":""skillnames.json""}]"
skill,SkillDescriptions.json,152411,Fast Growth,skill:152411:3,cooldownTextUnclassified,evidence,textOnly,medium,false,unknown,,[],false,"[""localizedDescription"",""skillCooldownTable"",""skillDefinition"",""skillTags""]","[""killEvent"",""skillCastEvent"",""skillCastOrDamageEvent""]","[""runtimeIdBridge""]",true,[],Tips: Cast when other skills are on CD .,"[{""sourceFile"":""skillnames.json""}]"
skill,SkillDescriptions.json,152412,Fast Growth,skill:152412:1,cooldownTextUnclassified,evidence,textOnly,medium,false,unknown,,[],false,"[""localizedDescription"",""skillCooldownTable"",""skillDefinition"",""skillTags""]","[""skillCastEvent"",""skillCastOrDamageEvent""]","[""runtimeIdBridge""]",true,[],Applies an acceleration effect to the caster.,"[{""sourceFile"":""skillnames.json""}]"
skill,SkillDescriptions.json,152412,Fast Growth,skill:152412:2,flatCooldownReduce,flatReduceMs,activeBuffOrAttrCandidate,high,false,unknown,,[],false,"[""localizedDescription"",""skillCooldownTable"",""skillDefinition"",""skillTags""]","[""activeBuffState"",""skillCastOrDamageEvent""]","[""targetSkillScopeMapping""]",true,[],Increases MATK and reduces CD while active.,"[{""sourceFile"":""skillnames.json""}]"
skill,SkillDescriptions.json,152412,Fast Growth,skill:152412:3,cooldownTextUnclassified,evidence,textOnly,medium,false,unknown,,[],false,"[""localizedDescription"",""skillCooldownTable"",""skillDefinition"",""skillTags""]","[""killEvent"",""skillCastEvent"",""skillCastOrDamageEvent""]","[""runtimeIdBridge""]",true,[],Tips: Cast when other skills are on CD .,"[{""sourceFile"":""skillnames.json""}]"
skill,SkillDescriptions.json,152413,Fast Growth,skill:152413:1,cooldownTextUnclassified,evidence,textOnly,medium,false,unknown,,[],false,"[""localizedDescription"",""skillCooldownTable"",""skillDefinition"",""skillTags""]","[""skillCastEvent"",""skillCastOrDamageEvent""]","[""runtimeIdBridge""]",true,[],Applies an acceleration effect to the caster.,"[{""sourceFile"":""skillnames.json""}]"
skill,SkillDescriptions.json,152413,Fast Growth,skill:152413:2,flatCooldownReduce,flatReduceMs,activeBuffOrAttrCandidate,high,false,unknown,,[],false,"[""localizedDescription"",""skillCooldownTable"",""skillDefinition"",""skillTags""]","[""activeBuffState"",""skillCastOrDamageEvent""]","[""targetSkillScopeMapping""]",true,[],Increases MATK and reduces CD while active.,"[{""sourceFile"":""skillnames.json""}]"
skill,SkillDescriptions.json,152413,Fast Growth,skill:152413:3,cooldownTextUnclassified,evidence,textOnly,medium,false,unknown,,[],false,"[""localizedDescription"",""skillCooldownTable"",""skillDefinition"",""skillTags""]","[""killEvent"",""skillCastEvent"",""skillCastOrDamageEvent""]","[""runtimeIdBridge""]",true,[],Tips: Cast when other skills are on CD .,"[{""sourceFile"":""skillnames.json""}]"
skill,SkillDescriptions.json,152414,Fast Growth,skill:152414:1,cooldownTextUnclassified,evidence,textOnly,medium,false,unknown,,[],false,"[""localizedDescription"",""skillCooldownTable"",""skillDefinition"",""skillTags""]","[""skillCastEvent"",""skillCastOrDamageEvent""]","[""runtimeIdBridge""]",true,[],Applies an acceleration effect to the caster.,"[{""sourceFile"":""skillnames.json""}]"
skill,SkillDescriptions.json,152414,Fast Growth,skill:152414:2,flatCooldownReduce,flatReduceMs,activeBuffOrAttrCandidate,high,false,unknown,,[],false,"[""localizedDescription"",""skillCooldownTable"",""skillDefinition"",""skillTags""]","[""activeBuffState"",""skillCastOrDamageEvent""]","[""targetSkillScopeMapping""]",true,[],Increases MATK and reduces CD while active.,"[{""sourceFile"":""skillnames.json""}]"
skill,SkillDescriptions.json,152414,Fast Growth,skill:152414:3,cooldownTextUnclassified,evidence,textOnly,medium,false,unknown,,[],false,"[""localizedDescription"",""skillCooldownTable"",""skillDefinition"",""skillTags""]","[""killEvent"",""skillCastEvent"",""skillCastOrDamageEvent""]","[""runtimeIdBridge""]",true,[],Tips: Cast when other skills are on CD .,"[{""sourceFile"":""skillnames.json""}]"
skill,SkillDescriptions.json,152415,Fast Growth,skill:152415:1,cooldownTextUnclassified,evidence,textOnly,medium,false,unknown,,[],false,"[""localizedDescription"",""skillCooldownTable"",""skillDefinition"",""skillTags""]","[""skillCastEvent"",""skillCastOrDamageEvent""]","[""runtimeIdBridge""]",true,[],Applies an acceleration effect to the caster.,"[{""sourceFile"":""skillnames.json""}]"
skill,SkillDescriptions.json,152415,Fast Growth,skill:152415:2,flatCooldownReduce,flatReduceMs,activeBuffOrAttrCandidate,high,false,unknown,,[],false,"[""localizedDescription"",""skillCooldownTable"",""skillDefinition"",""skillTags""]","[""activeBuffState"",""skillCastOrDamageEvent""]","[""targetSkillScopeMapping""]",true,[],Increases MATK and reduces CD while active.,"[{""sourceFile"":""skillnames.json""}]"
skill,SkillDescriptions.json,152415,Fast Growth,skill:152415:3,cooldownTextUnclassified,evidence,textOnly,medium,false,unknown,,[],false,"[""localizedDescription"",""skillCooldownTable"",""skillDefinition"",""skillTags""]","[""killEvent"",""skillCastEvent"",""skillCastOrDamageEvent""]","[""runtimeIdBridge""]",true,[],Tips: Cast when other skills are on CD .,"[{""sourceFile"":""skillnames.json""}]"
skill,SkillDescriptions.json,152416,Fast Growth,skill:152416:1,cooldownTextUnclassified,evidence,textOnly,medium,false,unknown,,[],false,"[""localizedDescription"",""skillCooldownTable"",""skillDefinition"",""skillTags""]","[""skillCastEvent"",""skillCastOrDamageEvent""]","[""runtimeIdBridge""]",true,[],Applies an acceleration effect to the caster.,"[{""sourceFile"":""skillnames.json""}]"
skill,SkillDescriptions.json,152416,Fast Growth,skill:152416:2,flatCooldownReduce,flatReduceMs,activeBuffOrAttrCandidate,high,false,unknown,,[],false,"[""localizedDescription"",""skillCooldownTable"",""skillDefinition"",""skillTags""]","[""activeBuffState"",""skillCastOrDamageEvent""]","[""targetSkillScopeMapping""]",true,[],Increases MATK and reduces CD while active.,"[{""sourceFile"":""skillnames.json""}]"
skill,SkillDescriptions.json,152416,Fast Growth,skill:152416:3,cooldownTextUnclassified,evidence,textOnly,medium,false,unknown,,[],false,"[""localizedDescription"",""skillCooldownTable"",""skillDefinition"",""skillTags""]","[""killEvent"",""skillCastEvent"",""skillCastOrDamageEvent""]","[""runtimeIdBridge""]",true,[],Tips: Cast when other skills are on CD .,"[{""sourceFile"":""skillnames.json""}]"
skill,SkillDescriptions.json,152417,Fast Growth,skill:152417:1,cooldownTextUnclassified,evidence,textOnly,medium,false,unknown,,[],false,"[""localizedDescription"",""skillCooldownTable"",""skillDefinition"",""skillTags""]","[""skillCastEvent"",""skillCastOrDamageEvent""]","[""runtimeIdBridge""]",true,[],Applies an acceleration effect to the caster.,"[{""sourceFile"":""skillnames.json""}]"
skill,SkillDescriptions.json,152417,Fast Growth,skill:152417:2,flatCooldownReduce,flatReduceMs,activeBuffOrAttrCandidate,high,false,unknown,,[],false,"[""localizedDescription"",""skillCooldownTable"",""skillDefinition"",""skillTags""]","[""activeBuffState"",""skillCastOrDamageEvent""]","[""targetSkillScopeMapping""]",true,[],Increases MATK and reduces CD while active.,"[{""sourceFile"":""skillnames.json""}]"
skill,SkillDescriptions.json,152417,Fast Growth,skill:152417:3,cooldownTextUnclassified,evidence,textOnly,medium,false,unknown,,[],false,"[""localizedDescription"",""skillCooldownTable"",""skillDefinition"",""skillTags""]","[""killEvent"",""skillCastEvent"",""skillCastOrDamageEvent""]","[""runtimeIdBridge""]",true,[],Tips: Cast when other skills are on CD .,"[{""sourceFile"":""skillnames.json""}]"
skill,SkillDescriptions.json,152418,Fast Growth,skill:152418:1,cooldownTextUnclassified,evidence,textOnly,medium,false,unknown,,[],false,"[""localizedDescription"",""skillCooldownTable"",""skillDefinition"",""skillTags""]","[""skillCastEvent"",""skillCastOrDamageEvent""]","[""runtimeIdBridge""]",true,[],Applies an acceleration effect to the caster.,"[{""sourceFile"":""skillnames.json""}]"
skill,SkillDescriptions.json,152418,Fast Growth,skill:152418:2,flatCooldownReduce,flatReduceMs,activeBuffOrAttrCandidate,high,false,unknown,,[],false,"[""localizedDescription"",""skillCooldownTable"",""skillDefinition"",""skillTags""]","[""activeBuffState"",""skillCastOrDamageEvent""]","[""targetSkillScopeMapping""]",true,[],Increases MATK and reduces CD while active.,"[{""sourceFile"":""skillnames.json""}]"
skill,SkillDescriptions.json,152418,Fast Growth,skill:152418:3,cooldownTextUnclassified,evidence,textOnly,medium,false,unknown,,[],false,"[""localizedDescription"",""skillCooldownTable"",""skillDefinition"",""skillTags""]","[""killEvent"",""skillCastEvent"",""skillCastOrDamageEvent""]","[""runtimeIdBridge""]",true,[],Tips: Cast when other skills are on CD .,"[{""sourceFile"":""skillnames.json""}]"
skill,SkillDescriptions.json,152419,Fast Growth,skill:152419:1,cooldownTextUnclassified,evidence,textOnly,medium,false,unknown,,[],false,"[""localizedDescription"",""skillCooldownTable"",""skillDefinition"",""skillTags""]","[""skillCastEvent"",""skillCastOrDamageEvent""]","[""runtimeIdBridge""]",true,[],Applies an acceleration effect to the caster.,"[{""sourceFile"":""skillnames.json""}]"
skill,SkillDescriptions.json,152419,Fast Growth,skill:152419:2,flatCooldownReduce,flatReduceMs,activeBuffOrAttrCandidate,high,false,unknown,,[],false,"[""localizedDescription"",""skillCooldownTable"",""skillDefinition"",""skillTags""]","[""activeBuffState"",""skillCastOrDamageEvent""]","[""targetSkillScopeMapping""]",true,[],Increases MATK and reduces CD while active.,"[{""sourceFile"":""skillnames.json""}]"
skill,SkillDescriptions.json,152419,Fast Growth,skill:152419:3,cooldownTextUnclassified,evidence,textOnly,medium,false,unknown,,[],false,"[""localizedDescription"",""skillCooldownTable"",""skillDefinition"",""skillTags""]","[""killEvent"",""skillCastEvent"",""skillCastOrDamageEvent""]","[""runtimeIdBridge""]",true,[],Tips: Cast when other skills are on CD .,"[{""sourceFile"":""skillnames.json""}]"
skill,SkillDescriptions.json,152420,Fast Growth,skill:152420:1,cooldownTextUnclassified,evidence,textOnly,medium,false,unknown,,[],false,"[""localizedDescription"",""skillCooldownTable"",""skillDefinition"",""skillTags""]","[""skillCastEvent"",""skillCastOrDamageEvent""]","[""runtimeIdBridge""]",true,[],Applies an acceleration effect to the caster.,"[{""sourceFile"":""skillnames.json""}]"
skill,SkillDescriptions.json,152420,Fast Growth,skill:152420:2,flatCooldownReduce,flatReduceMs,activeBuffOrAttrCandidate,high,false,unknown,,[],false,"[""localizedDescription"",""skillCooldownTable"",""skillDefinition"",""skillTags""]","[""activeBuffState"",""skillCastOrDamageEvent""]","[""targetSkillScopeMapping""]",true,[],Increases MATK and reduces CD while active.,"[{""sourceFile"":""skillnames.json""}]"
skill,SkillDescriptions.json,152420,Fast Growth,skill:152420:3,cooldownTextUnclassified,evidence,textOnly,medium,false,unknown,,[],false,"[""localizedDescription"",""skillCooldownTable"",""skillDefinition"",""skillTags""]","[""killEvent"",""skillCastEvent"",""skillCastOrDamageEvent""]","[""runtimeIdBridge""]",true,[],Tips: Cast when other skills are on CD .,"[{""sourceFile"":""skillnames.json""}]"
skill,SkillDescriptions.json,152421,Fast Growth,skill:152421:1,cooldownTextUnclassified,evidence,textOnly,medium,false,unknown,,[],false,"[""localizedDescription"",""skillCooldownTable"",""skillDefinition"",""skillTags""]","[""skillCastEvent"",""skillCastOrDamageEvent""]","[""runtimeIdBridge""]",true,[],Applies an acceleration effect to the caster.,"[{""sourceFile"":""skillnames.json""}]"
skill,SkillDescriptions.json,152421,Fast Growth,skill:152421:2,flatCooldownReduce,flatReduceMs,activeBuffOrAttrCandidate,high,false,unknown,,[],false,"[""localizedDescription"",""skillCooldownTable"",""skillDefinition"",""skillTags""]","[""activeBuffState"",""skillCastOrDamageEvent""]","[""targetSkillScopeMapping""]",true,[],Increases MATK and reduces CD while active.,"[{""sourceFile"":""skillnames.json""}]"
skill,SkillDescriptions.json,152421,Fast Growth,skill:152421:3,cooldownTextUnclassified,evidence,textOnly,medium,false,unknown,,[],false,"[""localizedDescription"",""skillCooldownTable"",""skillDefinition"",""skillTags""]","[""killEvent"",""skillCastEvent"",""skillCastOrDamageEvent""]","[""runtimeIdBridge""]",true,[],Tips: Cast when other skills are on CD .,"[{""sourceFile"":""skillnames.json""}]"
skill,SkillDescriptions.json,152422,Fast Growth,skill:152422:1,cooldownTextUnclassified,evidence,textOnly,medium,false,unknown,,[],false,"[""localizedDescription"",""skillCooldownTable"",""skillDefinition"",""skillTags""]","[""skillCastEvent"",""skillCastOrDamageEvent""]","[""runtimeIdBridge""]",true,[],Applies an acceleration effect to the caster.,"[{""sourceFile"":""skillnames.json""}]"
skill,SkillDescriptions.json,152422,Fast Growth,skill:152422:2,flatCooldownReduce,flatReduceMs,activeBuffOrAttrCandidate,high,false,unknown,,[],false,"[""localizedDescription"",""skillCooldownTable"",""skillDefinition"",""skillTags""]","[""activeBuffState"",""skillCastOrDamageEvent""]","[""targetSkillScopeMapping""]",true,[],Increases MATK and reduces CD while active.,"[{""sourceFile"":""skillnames.json""}]"
skill,SkillDescriptions.json,152422,Fast Growth,skill:152422:3,cooldownTextUnclassified,evidence,textOnly,medium,false,unknown,,[],false,"[""localizedDescription"",""skillCooldownTable"",""skillDefinition"",""skillTags""]","[""killEvent"",""skillCastEvent"",""skillCastOrDamageEvent""]","[""runtimeIdBridge""]",true,[],Tips: Cast when other skills are on CD .,"[{""sourceFile"":""skillnames.json""}]"
skill,SkillDescriptions.json,152423,Fast Growth,skill:152423:1,cooldownTextUnclassified,evidence,textOnly,medium,false,unknown,,[],false,"[""localizedDescription"",""skillCooldownTable"",""skillDefinition"",""skillTags""]","[""skillCastEvent"",""skillCastOrDamageEvent""]","[""runtimeIdBridge""]",true,[],Applies an acceleration effect to the caster.,"[{""sourceFile"":""skillnames.json""}]"
skill,SkillDescriptions.json,152423,Fast Growth,skill:152423:2,flatCooldownReduce,flatReduceMs,activeBuffOrAttrCandidate,high,false,unknown,,[],false,"[""localizedDescription"",""skillCooldownTable"",""skillDefinition"",""skillTags""]","[""activeBuffState"",""skillCastOrDamageEvent""]","[""targetSkillScopeMapping""]",true,[],Increases MATK and reduces CD while active.,"[{""sourceFile"":""skillnames.json""}]"
skill,SkillDescriptions.json,152423,Fast Growth,skill:152423:3,cooldownTextUnclassified,evidence,textOnly,medium,false,unknown,,[],false,"[""localizedDescription"",""skillCooldownTable"",""skillDefinition"",""skillTags""]","[""killEvent"",""skillCastEvent"",""skillCastOrDamageEvent""]","[""runtimeIdBridge""]",true,[],Tips: Cast when other skills are on CD .,"[{""sourceFile"":""skillnames.json""}]"
skill,SkillDescriptions.json,152424,Fast Growth,skill:152424:1,cooldownTextUnclassified,evidence,textOnly,medium,false,unknown,,[],false,"[""localizedDescription"",""skillCooldownTable"",""skillDefinition"",""skillTags""]","[""skillCastEvent"",""skillCastOrDamageEvent""]","[""runtimeIdBridge""]",true,[],Applies an acceleration effect to the caster.,"[{""sourceFile"":""skillnames.json""}]"
skill,SkillDescriptions.json,152424,Fast Growth,skill:152424:2,flatCooldownReduce,flatReduceMs,activeBuffOrAttrCandidate,high,false,unknown,,[],false,"[""localizedDescription"",""skillCooldownTable"",""skillDefinition"",""skillTags""]","[""activeBuffState"",""skillCastOrDamageEvent""]","[""targetSkillScopeMapping""]",true,[],Increases MATK and reduces CD while active.,"[{""sourceFile"":""skillnames.json""}]"
skill,SkillDescriptions.json,152424,Fast Growth,skill:152424:3,cooldownTextUnclassified,evidence,textOnly,medium,false,unknown,,[],false,"[""localizedDescription"",""skillCooldownTable"",""skillDefinition"",""skillTags""]","[""killEvent"",""skillCastEvent"",""skillCastOrDamageEvent""]","[""runtimeIdBridge""]",true,[],Tips: Cast when other skills are on CD .,"[{""sourceFile"":""skillnames.json""}]"
skill,SkillDescriptions.json,152425,Fast Growth,skill:152425:1,cooldownTextUnclassified,evidence,textOnly,medium,false,unknown,,[],false,"[""localizedDescription"",""skillCooldownTable"",""skillDefinition"",""skillTags""]","[""skillCastEvent"",""skillCastOrDamageEvent""]","[""runtimeIdBridge""]",true,[],Applies an acceleration effect to the caster.,"[{""sourceFile"":""skillnames.json""}]"
skill,SkillDescriptions.json,152425,Fast Growth,skill:152425:2,flatCooldownReduce,flatReduceMs,activeBuffOrAttrCandidate,high,false,unknown,,[],false,"[""localizedDescription"",""skillCooldownTable"",""skillDefinition"",""skillTags""]","[""activeBuffState"",""skillCastOrDamageEvent""]","[""targetSkillScopeMapping""]",true,[],Increases MATK and reduces CD while active.,"[{""sourceFile"":""skillnames.json""}]"
skill,SkillDescriptions.json,152425,Fast Growth,skill:152425:3,cooldownTextUnclassified,evidence,textOnly,medium,false,unknown,,[],false,"[""localizedDescription"",""skillCooldownTable"",""skillDefinition"",""skillTags""]","[""killEvent"",""skillCastEvent"",""skillCastOrDamageEvent""]","[""runtimeIdBridge""]",true,[],Tips: Cast when other skills are on CD .,"[{""sourceFile"":""skillnames.json""}]"
skill,SkillDescriptions.json,152426,Fast Growth,skill:152426:1,cooldownTextUnclassified,evidence,textOnly,medium,false,unknown,,[],false,"[""localizedDescription"",""skillCooldownTable"",""skillDefinition"",""skillTags""]","[""skillCastEvent"",""skillCastOrDamageEvent""]","[""runtimeIdBridge""]",true,[],Applies an acceleration effect to the caster.,"[{""sourceFile"":""skillnames.json""}]"
skill,SkillDescriptions.json,152426,Fast Growth,skill:152426:2,flatCooldownReduce,flatReduceMs,activeBuffOrAttrCandidate,high,false,unknown,,[],false,"[""localizedDescription"",""skillCooldownTable"",""skillDefinition"",""skillTags""]","[""activeBuffState"",""skillCastOrDamageEvent""]","[""targetSkillScopeMapping""]",true,[],Increases MATK and reduces CD while active.,"[{""sourceFile"":""skillnames.json""}]"
skill,SkillDescriptions.json,152426,Fast Growth,skill:152426:3,cooldownTextUnclassified,evidence,textOnly,medium,false,unknown,,[],false,"[""localizedDescription"",""skillCooldownTable"",""skillDefinition"",""skillTags""]","[""killEvent"",""skillCastEvent"",""skillCastOrDamageEvent""]","[""runtimeIdBridge""]",true,[],Tips: Cast when other skills are on CD .,"[{""sourceFile"":""skillnames.json""}]"
skill,SkillDescriptions.json,152427,Fast Growth,skill:152427:1,cooldownTextUnclassified,evidence,textOnly,medium,false,unknown,,[],false,"[""localizedDescription"",""skillCooldownTable"",""skillDefinition"",""skillTags""]","[""skillCastEvent"",""skillCastOrDamageEvent""]","[""runtimeIdBridge""]",true,[],Applies an acceleration effect to the caster.,"[{""sourceFile"":""skillnames.json""}]"
skill,SkillDescriptions.json,152427,Fast Growth,skill:152427:2,flatCooldownReduce,flatReduceMs,activeBuffOrAttrCandidate,high,false,unknown,,[],false,"[""localizedDescription"",""skillCooldownTable"",""skillDefinition"",""skillTags""]","[""activeBuffState"",""skillCastOrDamageEvent""]","[""targetSkillScopeMapping""]",true,[],Increases MATK and reduces CD while active.,"[{""sourceFile"":""skillnames.json""}]"
skill,SkillDescriptions.json,152427,Fast Growth,skill:152427:3,cooldownTextUnclassified,evidence,textOnly,medium,false,unknown,,[],false,"[""localizedDescription"",""skillCooldownTable"",""skillDefinition"",""skillTags""]","[""killEvent"",""skillCastEvent"",""skillCastOrDamageEvent""]","[""runtimeIdBridge""]",true,[],Tips: Cast when other skills are on CD .,"[{""sourceFile"":""skillnames.json""}]"
skill,SkillDescriptions.json,152428,Fast Growth,skill:152428:1,cooldownTextUnclassified,evidence,textOnly,medium,false,unknown,,[],false,"[""localizedDescription"",""skillCooldownTable"",""skillDefinition"",""skillTags""]","[""skillCastEvent"",""skillCastOrDamageEvent""]","[""runtimeIdBridge""]",true,[],Applies an acceleration effect to the caster.,"[{""sourceFile"":""skillnames.json""}]"
skill,SkillDescriptions.json,152428,Fast Growth,skill:152428:2,flatCooldownReduce,flatReduceMs,activeBuffOrAttrCandidate,high,false,unknown,,[],false,"[""localizedDescription"",""skillCooldownTable"",""skillDefinition"",""skillTags""]","[""activeBuffState"",""skillCastOrDamageEvent""]","[""targetSkillScopeMapping""]",true,[],Increases MATK and reduces CD while active.,"[{""sourceFile"":""skillnames.json""}]"
skill,SkillDescriptions.json,152428,Fast Growth,skill:152428:3,cooldownTextUnclassified,evidence,textOnly,medium,false,unknown,,[],false,"[""localizedDescription"",""skillCooldownTable"",""skillDefinition"",""skillTags""]","[""killEvent"",""skillCastEvent"",""skillCastOrDamageEvent""]","[""runtimeIdBridge""]",true,[],Tips: Cast when other skills are on CD .,"[{""sourceFile"":""skillnames.json""}]"
skill,SkillDescriptions.json,152429,Fast Growth,skill:152429:1,cooldownTextUnclassified,evidence,textOnly,medium,false,unknown,,[],false,"[""localizedDescription"",""skillCooldownTable"",""skillDefinition"",""skillTags""]","[""skillCastEvent"",""skillCastOrDamageEvent""]","[""runtimeIdBridge""]",true,[],Applies an acceleration effect to the caster.,"[{""sourceFile"":""skillnames.json""}]"
skill,SkillDescriptions.json,152429,Fast Growth,skill:152429:2,flatCooldownReduce,flatReduceMs,activeBuffOrAttrCandidate,high,false,unknown,,[],false,"[""localizedDescription"",""skillCooldownTable"",""skillDefinition"",""skillTags""]","[""activeBuffState"",""skillCastOrDamageEvent""]","[""targetSkillScopeMapping""]",true,[],Increases MATK and reduces CD while active.,"[{""sourceFile"":""skillnames.json""}]"
skill,SkillDescriptions.json,152429,Fast Growth,skill:152429:3,cooldownTextUnclassified,evidence,textOnly,medium,false,unknown,,[],false,"[""localizedDescription"",""skillCooldownTable"",""skillDefinition"",""skillTags""]","[""killEvent"",""skillCastEvent"",""skillCastOrDamageEvent""]","[""runtimeIdBridge""]",true,[],Tips: Cast when other skills are on CD .,"[{""sourceFile"":""skillnames.json""}]"
skill,SkillDescriptions.json,152430,Fast Growth,skill:152430:1,cooldownTextUnclassified,evidence,textOnly,medium,false,unknown,,[],false,"[""localizedDescription"",""skillCooldownTable"",""skillDefinition"",""skillTags""]","[""skillCastEvent"",""skillCastOrDamageEvent""]","[""runtimeIdBridge""]",true,[],Applies an acceleration effect to the caster.,"[{""sourceFile"":""skillnames.json""}]"
skill,SkillDescriptions.json,152430,Fast Growth,skill:152430:2,flatCooldownReduce,flatReduceMs,activeBuffOrAttrCandidate,high,false,unknown,,[],false,"[""localizedDescription"",""skillCooldownTable"",""skillDefinition"",""skillTags""]","[""activeBuffState"",""skillCastOrDamageEvent""]","[""targetSkillScopeMapping""]",true,[],Increases MATK and reduces CD while active.,"[{""sourceFile"":""skillnames.json""}]"
skill,SkillDescriptions.json,152430,Fast Growth,skill:152430:3,cooldownTextUnclassified,evidence,textOnly,medium,false,unknown,,[],false,"[""localizedDescription"",""skillCooldownTable"",""skillDefinition"",""skillTags""]","[""killEvent"",""skillCastEvent"",""skillCastOrDamageEvent""]","[""runtimeIdBridge""]",true,[],Tips: Cast when other skills are on CD .,"[{""sourceFile"":""skillnames.json""}]"
skill,SkillDescriptions.json,152801,Vital Surge,skill:152801:1,resetCooldown,reset,eventEvidenceRequired,high,true,expertiseSkill,Healing Expertise Skills and grants 50 Energy,[],false,"[""localizedDescription"",""skillCooldownTable"",""skillDefinition"",""skillTags""]","[""healEvent"",""killEvent"",""skillCastOrDamageEvent""]","[""controlledEncounterTriggerProof""]",true,"[{""value"":50,""unit"":"""",""raw"":""50 ""}]",Immediately resets the CD of Healing Expertise Skills and grants 50 Energy.,"[{""sourceFile"":""skillnames.json""}]"
skill,SkillDescriptions.json,152801,Vital Surge,skill:152801:2,cooldownTextUnclassified,evidence,textOnly,medium,false,expertiseSkill,Healing Expertise Skills,[],false,"[""localizedDescription"",""skillCooldownTable"",""skillDefinition"",""skillTags""]","[""activeBuffState"",""healEvent"",""killEvent"",""skillCastEvent"",""skillCastOrDamageEvent""]","[""runtimeIdBridge""]",true,[],"While active, surrounds you with verdant energy, increasing ATK, reducing skill Energy costs, and each Life Bloom cast shortens the remaining CD of Healing Expertise Skills.","[{""sourceFile"":""skillnames.json""}]"
skill,SkillDescriptions.json,152802,Vital Surge,skill:152802:1,resetCooldown,reset,eventEvidenceRequired,high,true,expertiseSkill,Healing Expertise Skills and grants 50 Energy,[],false,"[""localizedDescription"",""skillCooldownTable"",""skillDefinition"",""skillTags""]","[""healEvent"",""killEvent"",""skillCastOrDamageEvent""]","[""controlledEncounterTriggerProof""]",true,"[{""value"":50,""unit"":"""",""raw"":""50 ""}]",Immediately resets the CD of Healing Expertise Skills and grants 50 Energy.,"[{""sourceFile"":""skillnames.json""}]"
skill,SkillDescriptions.json,152802,Vital Surge,skill:152802:2,cooldownTextUnclassified,evidence,textOnly,medium,false,expertiseSkill,Healing Expertise Skills,[],false,"[""localizedDescription"",""skillCooldownTable"",""skillDefinition"",""skillTags""]","[""activeBuffState"",""healEvent"",""killEvent"",""skillCastEvent"",""skillCastOrDamageEvent""]","[""runtimeIdBridge""]",true,[],"While active, surrounds you with verdant energy, increasing ATK, reducing skill Energy costs, and each Life Bloom cast shortens the remaining CD of Healing Expertise Skills.","[{""sourceFile"":""skillnames.json""}]"
skill,SkillDescriptions.json,152803,Vital Surge,skill:152803:1,resetCooldown,reset,eventEvidenceRequired,high,true,expertiseSkill,Healing Expertise Skills and grants 50 Energy,[],false,"[""localizedDescription"",""skillCooldownTable"",""skillDefinition"",""skillTags""]","[""healEvent"",""killEvent"",""skillCastOrDamageEvent""]","[""controlledEncounterTriggerProof""]",true,"[{""value"":50,""unit"":"""",""raw"":""50 ""}]",Immediately resets the CD of Healing Expertise Skills and grants 50 Energy.,"[{""sourceFile"":""skillnames.json""}]"
skill,SkillDescriptions.json,152803,Vital Surge,skill:152803:2,cooldownTextUnclassified,evidence,textOnly,medium,false,expertiseSkill,Healing Expertise Skills,[],false,"[""localizedDescription"",""skillCooldownTable"",""skillDefinition"",""skillTags""]","[""activeBuffState"",""healEvent"",""killEvent"",""skillCastEvent"",""skillCastOrDamageEvent""]","[""runtimeIdBridge""]",true,[],"While active, surrounds you with verdant energy, increasing ATK, reducing skill Energy costs, and each Life Bloom cast shortens the remaining CD of Healing Expertise Skills.","[{""sourceFile"":""skillnames.json""}]"
skill,SkillDescriptions.json,152804,Vital Surge,skill:152804:1,resetCooldown,reset,eventEvidenceRequired,high,true,expertiseSkill,Healing Expertise Skills and grants 50 Energy,[],false,"[""localizedDescription"",""skillCooldownTable"",""skillDefinition"",""skillTags""]","[""healEvent"",""killEvent"",""skillCastOrDamageEvent""]","[""controlledEncounterTriggerProof""]",true,"[{""value"":50,""unit"":"""",""raw"":""50 ""}]",Immediately resets the CD of Healing Expertise Skills and grants 50 Energy.,"[{""sourceFile"":""skillnames.json""}]"
skill,SkillDescriptions.json,152804,Vital Surge,skill:152804:2,cooldownTextUnclassified,evidence,textOnly,medium,false,expertiseSkill,Healing Expertise Skills,[],false,"[""localizedDescription"",""skillCooldownTable"",""skillDefinition"",""skillTags""]","[""activeBuffState"",""healEvent"",""killEvent"",""skillCastEvent"",""skillCastOrDamageEvent""]","[""runtimeIdBridge""]",true,[],"While active, surrounds you with verdant energy, increasing ATK, reducing skill Energy costs, and each Life Bloom cast shortens the remaining CD of Healing Expertise Skills.","[{""sourceFile"":""skillnames.json""}]"
skill,SkillDescriptions.json,152805,Vital Surge,skill:152805:1,resetCooldown,reset,eventEvidenceRequired,high,true,expertiseSkill,Healing Expertise Skills and grants 50 Energy,[],false,"[""localizedDescription"",""skillCooldownTable"",""skillDefinition"",""skillTags""]","[""healEvent"",""killEvent"",""skillCastOrDamageEvent""]","[""controlledEncounterTriggerProof""]",true,"[{""value"":50,""unit"":"""",""raw"":""50 ""}]",Immediately resets the CD of Healing Expertise Skills and grants 50 Energy.,"[{""sourceFile"":""skillnames.json""}]"
skill,SkillDescriptions.json,152805,Vital Surge,skill:152805:2,cooldownTextUnclassified,evidence,textOnly,medium,false,expertiseSkill,Healing Expertise Skills,[],false,"[""localizedDescription"",""skillCooldownTable"",""skillDefinition"",""skillTags""]","[""activeBuffState"",""healEvent"",""killEvent"",""skillCastEvent"",""skillCastOrDamageEvent""]","[""runtimeIdBridge""]",true,[],"While active, surrounds you with verdant energy, increasing ATK, reducing skill Energy costs, and each Life Bloom cast shortens the remaining CD of Healing Expertise Skills.","[{""sourceFile"":""skillnames.json""}]"
skill,SkillDescriptions.json,152806,Vital Surge,skill:152806:1,resetCooldown,reset,eventEvidenceRequired,high,true,expertiseSkill,Healing Expertise Skills and grants 50 Energy,[],false,"[""localizedDescription"",""skillCooldownTable"",""skillDefinition"",""skillTags""]","[""healEvent"",""killEvent"",""skillCastOrDamageEvent""]","[""controlledEncounterTriggerProof""]",true,"[{""value"":50,""unit"":"""",""raw"":""50 ""}]",Immediately resets the CD of Healing Expertise Skills and grants 50 Energy.,"[{""sourceFile"":""skillnames.json""}]"
skill,SkillDescriptions.json,152806,Vital Surge,skill:152806:2,cooldownTextUnclassified,evidence,textOnly,medium,false,expertiseSkill,Healing Expertise Skills,[],false,"[""localizedDescription"",""skillCooldownTable"",""skillDefinition"",""skillTags""]","[""activeBuffState"",""healEvent"",""killEvent"",""skillCastEvent"",""skillCastOrDamageEvent""]","[""runtimeIdBridge""]",true,[],"While active, surrounds you with verdant energy, increasing ATK, reducing skill Energy costs, and each Life Bloom cast shortens the remaining CD of Healing Expertise Skills.","[{""sourceFile"":""skillnames.json""}]"
skill,SkillDescriptions.json,152807,Vital Surge,skill:152807:1,resetCooldown,reset,eventEvidenceRequired,high,true,expertiseSkill,Healing Expertise Skills and grants 50 Energy,[],false,"[""localizedDescription"",""skillCooldownTable"",""skillDefinition"",""skillTags""]","[""healEvent"",""killEvent"",""skillCastOrDamageEvent""]","[""controlledEncounterTriggerProof""]",true,"[{""value"":50,""unit"":"""",""raw"":""50 ""}]",Immediately resets the CD of Healing Expertise Skills and grants 50 Energy.,"[{""sourceFile"":""skillnames.json""}]"
skill,SkillDescriptions.json,152807,Vital Surge,skill:152807:2,cooldownTextUnclassified,evidence,textOnly,medium,false,expertiseSkill,Healing Expertise Skills,[],false,"[""localizedDescription"",""skillCooldownTable"",""skillDefinition"",""skillTags""]","[""activeBuffState"",""healEvent"",""killEvent"",""skillCastEvent"",""skillCastOrDamageEvent""]","[""runtimeIdBridge""]",true,[],"While active, surrounds you with verdant energy, increasing ATK, reducing skill Energy costs, and each Life Bloom cast shortens the remaining CD of Healing Expertise Skills.","[{""sourceFile"":""skillnames.json""}]"
skill,SkillDescriptions.json,152808,Vital Surge,skill:152808:1,resetCooldown,reset,eventEvidenceRequired,high,true,expertiseSkill,Healing Expertise Skills and grants 50 Energy,[],false,"[""localizedDescription"",""skillCooldownTable"",""skillDefinition"",""skillTags""]","[""healEvent"",""killEvent"",""skillCastOrDamageEvent""]","[""controlledEncounterTriggerProof""]",true,"[{""value"":50,""unit"":"""",""raw"":""50 ""}]",Immediately resets the CD of Healing Expertise Skills and grants 50 Energy.,"[{""sourceFile"":""skillnames.json""}]"
skill,SkillDescriptions.json,152808,Vital Surge,skill:152808:2,cooldownTextUnclassified,evidence,textOnly,medium,false,expertiseSkill,Healing Expertise Skills,[],false,"[""localizedDescription"",""skillCooldownTable"",""skillDefinition"",""skillTags""]","[""activeBuffState"",""healEvent"",""killEvent"",""skillCastEvent"",""skillCastOrDamageEvent""]","[""runtimeIdBridge""]",true,[],"While active, surrounds you with verdant energy, increasing ATK, reducing skill Energy costs, and each Life Bloom cast shortens the remaining CD of Healing Expertise Skills.","[{""sourceFile"":""skillnames.json""}]"
skill,SkillDescriptions.json,152809,Vital Surge,skill:152809:1,resetCooldown,reset,eventEvidenceRequired,high,true,expertiseSkill,Healing Expertise Skills and grants 50 Energy,[],false,"[""localizedDescription"",""skillCooldownTable"",""skillDefinition"",""skillTags""]","[""healEvent"",""killEvent"",""skillCastOrDamageEvent""]","[""controlledEncounterTriggerProof""]",true,"[{""value"":50,""unit"":"""",""raw"":""50 ""}]",Immediately resets the CD of Healing Expertise Skills and grants 50 Energy.,"[{""sourceFile"":""skillnames.json""}]"
skill,SkillDescriptions.json,152809,Vital Surge,skill:152809:2,cooldownTextUnclassified,evidence,textOnly,medium,false,expertiseSkill,Healing Expertise Skills,[],false,"[""localizedDescription"",""skillCooldownTable"",""skillDefinition"",""skillTags""]","[""activeBuffState"",""healEvent"",""killEvent"",""skillCastEvent"",""skillCastOrDamageEvent""]","[""runtimeIdBridge""]",true,[],"While active, surrounds you with verdant energy, increasing ATK, reducing skill Energy costs, and each Life Bloom cast shortens the remaining CD of Healing Expertise Skills.","[{""sourceFile"":""skillnames.json""}]"
skill,SkillDescriptions.json,152810,Vital Surge,skill:152810:1,resetCooldown,reset,eventEvidenceRequired,high,true,expertiseSkill,Healing Expertise Skills and grants 50 Energy,[],false,"[""localizedDescription"",""skillCooldownTable"",""skillDefinition"",""skillTags""]","[""healEvent"",""killEvent"",""skillCastOrDamageEvent""]","[""controlledEncounterTriggerProof""]",true,"[{""value"":50,""unit"":"""",""raw"":""50 ""}]",Immediately resets the CD of Healing Expertise Skills and grants 50 Energy.,"[{""sourceFile"":""skillnames.json""}]"
skill,SkillDescriptions.json,152810,Vital Surge,skill:152810:2,cooldownTextUnclassified,evidence,textOnly,medium,false,expertiseSkill,Healing Expertise Skills,[],false,"[""localizedDescription"",""skillCooldownTable"",""skillDefinition"",""skillTags""]","[""activeBuffState"",""healEvent"",""killEvent"",""skillCastEvent"",""skillCastOrDamageEvent""]","[""runtimeIdBridge""]",true,[],"While active, surrounds you with verdant energy, increasing ATK, reducing skill Energy costs, and each Life Bloom cast shortens the remaining CD of Healing Expertise Skills.","[{""sourceFile"":""skillnames.json""}]"
skill,SkillDescriptions.json,152811,Vital Surge,skill:152811:1,resetCooldown,reset,eventEvidenceRequired,high,true,expertiseSkill,Healing Expertise Skills and grants 50 Energy,[],false,"[""localizedDescription"",""skillCooldownTable"",""skillDefinition"",""skillTags""]","[""healEvent"",""killEvent"",""skillCastOrDamageEvent""]","[""controlledEncounterTriggerProof""]",true,"[{""value"":50,""unit"":"""",""raw"":""50 ""}]",Immediately resets the CD of Healing Expertise Skills and grants 50 Energy.,"[{""sourceFile"":""skillnames.json""}]"
skill,SkillDescriptions.json,152811,Vital Surge,skill:152811:2,cooldownTextUnclassified,evidence,textOnly,medium,false,expertiseSkill,Healing Expertise Skills,[],false,"[""localizedDescription"",""skillCooldownTable"",""skillDefinition"",""skillTags""]","[""activeBuffState"",""healEvent"",""killEvent"",""skillCastEvent"",""skillCastOrDamageEvent""]","[""runtimeIdBridge""]",true,[],"While active, surrounds you with verdant energy, increasing ATK, reducing skill Energy costs, and each Life Bloom cast shortens the remaining CD of Healing Expertise Skills.","[{""sourceFile"":""skillnames.json""}]"
skill,SkillDescriptions.json,152812,Vital Surge,skill:152812:1,resetCooldown,reset,eventEvidenceRequired,high,true,expertiseSkill,Healing Expertise Skills and grants 50 Energy,[],false,"[""localizedDescription"",""skillCooldownTable"",""skillDefinition"",""skillTags""]","[""healEvent"",""killEvent"",""skillCastOrDamageEvent""]","[""controlledEncounterTriggerProof""]",true,"[{""value"":50,""unit"":"""",""raw"":""50 ""}]",Immediately resets the CD of Healing Expertise Skills and grants 50 Energy.,"[{""sourceFile"":""skillnames.json""}]"
skill,SkillDescriptions.json,152812,Vital Surge,skill:152812:2,cooldownTextUnclassified,evidence,textOnly,medium,false,expertiseSkill,Healing Expertise Skills,[],false,"[""localizedDescription"",""skillCooldownTable"",""skillDefinition"",""skillTags""]","[""activeBuffState"",""healEvent"",""killEvent"",""skillCastEvent"",""skillCastOrDamageEvent""]","[""runtimeIdBridge""]",true,[],"While active, surrounds you with verdant energy, increasing ATK, reducing skill Energy costs, and each Life Bloom cast shortens the remaining CD of Healing Expertise Skills.","[{""sourceFile"":""skillnames.json""}]"
skill,SkillDescriptions.json,152813,Vital Surge,skill:152813:1,resetCooldown,reset,eventEvidenceRequired,high,true,expertiseSkill,Healing Expertise Skills and grants 50 Energy,[],false,"[""localizedDescription"",""skillCooldownTable"",""skillDefinition"",""skillTags""]","[""healEvent"",""killEvent"",""skillCastOrDamageEvent""]","[""controlledEncounterTriggerProof""]",true,"[{""value"":50,""unit"":"""",""raw"":""50 ""}]",Immediately resets the CD of Healing Expertise Skills and grants 50 Energy.,"[{""sourceFile"":""skillnames.json""}]"
skill,SkillDescriptions.json,152813,Vital Surge,skill:152813:2,cooldownTextUnclassified,evidence,textOnly,medium,false,expertiseSkill,Healing Expertise Skills,[],false,"[""localizedDescription"",""skillCooldownTable"",""skillDefinition"",""skillTags""]","[""activeBuffState"",""healEvent"",""killEvent"",""skillCastEvent"",""skillCastOrDamageEvent""]","[""runtimeIdBridge""]",true,[],"While active, surrounds you with verdant energy, increasing ATK, reducing skill Energy costs, and each Life Bloom cast shortens the remaining CD of Healing Expertise Skills.","[{""sourceFile"":""skillnames.json""}]"
skill,SkillDescriptions.json,152814,Vital Surge,skill:152814:1,resetCooldown,reset,eventEvidenceRequired,high,true,expertiseSkill,Healing Expertise Skills and grants 50 Energy,[],false,"[""localizedDescription"",""skillCooldownTable"",""skillDefinition"",""skillTags""]","[""healEvent"",""killEvent"",""skillCastOrDamageEvent""]","[""controlledEncounterTriggerProof""]",true,"[{""value"":50,""unit"":"""",""raw"":""50 ""}]",Immediately resets the CD of Healing Expertise Skills and grants 50 Energy.,"[{""sourceFile"":""skillnames.json""}]"
skill,SkillDescriptions.json,152814,Vital Surge,skill:152814:2,cooldownTextUnclassified,evidence,textOnly,medium,false,expertiseSkill,Healing Expertise Skills,[],false,"[""localizedDescription"",""skillCooldownTable"",""skillDefinition"",""skillTags""]","[""activeBuffState"",""healEvent"",""killEvent"",""skillCastEvent"",""skillCastOrDamageEvent""]","[""runtimeIdBridge""]",true,[],"While active, surrounds you with verdant energy, increasing ATK, reducing skill Energy costs, and each Life Bloom cast shortens the remaining CD of Healing Expertise Skills.","[{""sourceFile"":""skillnames.json""}]"
skill,SkillDescriptions.json,152815,Vital Surge,skill:152815:1,resetCooldown,reset,eventEvidenceRequired,high,true,expertiseSkill,Healing Expertise Skills and grants 50 Energy,[],false,"[""localizedDescription"",""skillCooldownTable"",""skillDefinition"",""skillTags""]","[""healEvent"",""killEvent"",""skillCastOrDamageEvent""]","[""controlledEncounterTriggerProof""]",true,"[{""value"":50,""unit"":"""",""raw"":""50 ""}]",Immediately resets the CD of Healing Expertise Skills and grants 50 Energy.,"[{""sourceFile"":""skillnames.json""}]"
skill,SkillDescriptions.json,152815,Vital Surge,skill:152815:2,cooldownTextUnclassified,evidence,textOnly,medium,false,expertiseSkill,Healing Expertise Skills,[],false,"[""localizedDescription"",""skillCooldownTable"",""skillDefinition"",""skillTags""]","[""activeBuffState"",""healEvent"",""killEvent"",""skillCastEvent"",""skillCastOrDamageEvent""]","[""runtimeIdBridge""]",true,[],"While active, surrounds you with verdant energy, increasing ATK, reducing skill Energy costs, and each Life Bloom cast shortens the remaining CD of Healing Expertise Skills.","[{""sourceFile"":""skillnames.json""}]"
skill,SkillDescriptions.json,152816,Vital Surge,skill:152816:1,resetCooldown,reset,eventEvidenceRequired,high,true,expertiseSkill,Healing Expertise Skills and grants 50 Energy,[],false,"[""localizedDescription"",""skillCooldownTable"",""skillDefinition"",""skillTags""]","[""healEvent"",""killEvent"",""skillCastOrDamageEvent""]","[""controlledEncounterTriggerProof""]",true,"[{""value"":50,""unit"":"""",""raw"":""50 ""}]",Immediately resets the CD of Healing Expertise Skills and grants 50 Energy.,"[{""sourceFile"":""skillnames.json""}]"
skill,SkillDescriptions.json,152816,Vital Surge,skill:152816:2,cooldownTextUnclassified,evidence,textOnly,medium,false,expertiseSkill,Healing Expertise Skills,[],false,"[""localizedDescription"",""skillCooldownTable"",""skillDefinition"",""skillTags""]","[""activeBuffState"",""healEvent"",""killEvent"",""skillCastEvent"",""skillCastOrDamageEvent""]","[""runtimeIdBridge""]",true,[],"While active, surrounds you with verdant energy, increasing ATK, reducing skill Energy costs, and each Life Bloom cast shortens the remaining CD of Healing Expertise Skills.","[{""sourceFile"":""skillnames.json""}]"
skill,SkillDescriptions.json,152817,Vital Surge,skill:152817:1,resetCooldown,reset,eventEvidenceRequired,high,true,expertiseSkill,Healing Expertise Skills and grants 50 Energy,[],false,"[""localizedDescription"",""skillCooldownTable"",""skillDefinition"",""skillTags""]","[""healEvent"",""killEvent"",""skillCastOrDamageEvent""]","[""controlledEncounterTriggerProof""]",true,"[{""value"":50,""unit"":"""",""raw"":""50 ""}]",Immediately resets the CD of Healing Expertise Skills and grants 50 Energy.,"[{""sourceFile"":""skillnames.json""}]"
skill,SkillDescriptions.json,152817,Vital Surge,skill:152817:2,cooldownTextUnclassified,evidence,textOnly,medium,false,expertiseSkill,Healing Expertise Skills,[],false,"[""localizedDescription"",""skillCooldownTable"",""skillDefinition"",""skillTags""]","[""activeBuffState"",""healEvent"",""killEvent"",""skillCastEvent"",""skillCastOrDamageEvent""]","[""runtimeIdBridge""]",true,[],"While active, surrounds you with verdant energy, increasing ATK, reducing skill Energy costs, and each Life Bloom cast shortens the remaining CD of Healing Expertise Skills.","[{""sourceFile"":""skillnames.json""}]"
skill,SkillDescriptions.json,152818,Vital Surge,skill:152818:1,resetCooldown,reset,eventEvidenceRequired,high,true,expertiseSkill,Healing Expertise Skills and grants 50 Energy,[],false,"[""localizedDescription"",""skillCooldownTable"",""skillDefinition"",""skillTags""]","[""healEvent"",""killEvent"",""skillCastOrDamageEvent""]","[""controlledEncounterTriggerProof""]",true,"[{""value"":50,""unit"":"""",""raw"":""50 ""}]",Immediately resets the CD of Healing Expertise Skills and grants 50 Energy.,"[{""sourceFile"":""skillnames.json""}]"
skill,SkillDescriptions.json,152818,Vital Surge,skill:152818:2,cooldownTextUnclassified,evidence,textOnly,medium,false,expertiseSkill,Healing Expertise Skills,[],false,"[""localizedDescription"",""skillCooldownTable"",""skillDefinition"",""skillTags""]","[""activeBuffState"",""healEvent"",""killEvent"",""skillCastEvent"",""skillCastOrDamageEvent""]","[""runtimeIdBridge""]",true,[],"While active, surrounds you with verdant energy, increasing ATK, reducing skill Energy costs, and each Life Bloom cast shortens the remaining CD of Healing Expertise Skills.","[{""sourceFile"":""skillnames.json""}]"
skill,SkillDescriptions.json,152819,Vital Surge,skill:152819:1,resetCooldown,reset,eventEvidenceRequired,high,true,expertiseSkill,Healing Expertise Skills and grants 50 Energy,[],false,"[""localizedDescription"",""skillCooldownTable"",""skillDefinition"",""skillTags""]","[""healEvent"",""killEvent"",""skillCastOrDamageEvent""]","[""controlledEncounterTriggerProof""]",true,"[{""value"":50,""unit"":"""",""raw"":""50 ""}]",Immediately resets the CD of Healing Expertise Skills and grants 50 Energy.,"[{""sourceFile"":""skillnames.json""}]"
skill,SkillDescriptions.json,152819,Vital Surge,skill:152819:2,cooldownTextUnclassified,evidence,textOnly,medium,false,expertiseSkill,Healing Expertise Skills,[],false,"[""localizedDescription"",""skillCooldownTable"",""skillDefinition"",""skillTags""]","[""activeBuffState"",""healEvent"",""killEvent"",""skillCastEvent"",""skillCastOrDamageEvent""]","[""runtimeIdBridge""]",true,[],"While active, surrounds you with verdant energy, increasing ATK, reducing skill Energy costs, and each Life Bloom cast shortens the remaining CD of Healing Expertise Skills.","[{""sourceFile"":""skillnames.json""}]"
skill,SkillDescriptions.json,152820,Vital Surge,skill:152820:1,resetCooldown,reset,eventEvidenceRequired,high,true,expertiseSkill,Healing Expertise Skills and grants 50 Energy,[],false,"[""localizedDescription"",""skillCooldownTable"",""skillDefinition"",""skillTags""]","[""healEvent"",""killEvent"",""skillCastOrDamageEvent""]","[""controlledEncounterTriggerProof""]",true,"[{""value"":50,""unit"":"""",""raw"":""50 ""}]",Immediately resets the CD of Healing Expertise Skills and grants 50 Energy.,"[{""sourceFile"":""skillnames.json""}]"
skill,SkillDescriptions.json,152820,Vital Surge,skill:152820:2,cooldownTextUnclassified,evidence,textOnly,medium,false,expertiseSkill,Healing Expertise Skills,[],false,"[""localizedDescription"",""skillCooldownTable"",""skillDefinition"",""skillTags""]","[""activeBuffState"",""healEvent"",""killEvent"",""skillCastEvent"",""skillCastOrDamageEvent""]","[""runtimeIdBridge""]",true,[],"While active, surrounds you with verdant energy, increasing ATK, reducing skill Energy costs, and each Life Bloom cast shortens the remaining CD of Healing Expertise Skills.","[{""sourceFile"":""skillnames.json""}]"
skill,SkillDescriptions.json,152821,Vital Surge,skill:152821:1,resetCooldown,reset,eventEvidenceRequired,high,true,expertiseSkill,Healing Expertise Skills and grants 50 Energy,[],false,"[""localizedDescription"",""skillCooldownTable"",""skillDefinition"",""skillTags""]","[""healEvent"",""killEvent"",""skillCastOrDamageEvent""]","[""controlledEncounterTriggerProof""]",true,"[{""value"":50,""unit"":"""",""raw"":""50 ""}]",Immediately resets the CD of Healing Expertise Skills and grants 50 Energy.,"[{""sourceFile"":""skillnames.json""}]"
skill,SkillDescriptions.json,152821,Vital Surge,skill:152821:2,cooldownTextUnclassified,evidence,textOnly,medium,false,expertiseSkill,Healing Expertise Skills,[],false,"[""localizedDescription"",""skillCooldownTable"",""skillDefinition"",""skillTags""]","[""activeBuffState"",""healEvent"",""killEvent"",""skillCastEvent"",""skillCastOrDamageEvent""]","[""runtimeIdBridge""]",true,[],"While active, surrounds you with verdant energy, increasing ATK, reducing skill Energy costs, and each Life Bloom cast shortens the remaining CD of Healing Expertise Skills.","[{""sourceFile"":""skillnames.json""}]"
skill,SkillDescriptions.json,152822,Vital Surge,skill:152822:1,resetCooldown,reset,eventEvidenceRequired,high,true,expertiseSkill,Healing Expertise Skills and grants 50 Energy,[],false,"[""localizedDescription"",""skillCooldownTable"",""skillDefinition"",""skillTags""]","[""healEvent"",""killEvent"",""skillCastOrDamageEvent""]","[""controlledEncounterTriggerProof""]",true,"[{""value"":50,""unit"":"""",""raw"":""50 ""}]",Immediately resets the CD of Healing Expertise Skills and grants 50 Energy.,"[{""sourceFile"":""skillnames.json""}]"
skill,SkillDescriptions.json,152822,Vital Surge,skill:152822:2,cooldownTextUnclassified,evidence,textOnly,medium,false,expertiseSkill,Healing Expertise Skills,[],false,"[""localizedDescription"",""skillCooldownTable"",""skillDefinition"",""skillTags""]","[""activeBuffState"",""healEvent"",""killEvent"",""skillCastEvent"",""skillCastOrDamageEvent""]","[""runtimeIdBridge""]",true,[],"While active, surrounds you with verdant energy, increasing ATK, reducing skill Energy costs, and each Life Bloom cast shortens the remaining CD of Healing Expertise Skills.","[{""sourceFile"":""skillnames.json""}]"
skill,SkillDescriptions.json,152823,Vital Surge,skill:152823:1,resetCooldown,reset,eventEvidenceRequired,high,true,expertiseSkill,Healing Expertise Skills and grants 50 Energy,[],false,"[""localizedDescription"",""skillCooldownTable"",""skillDefinition"",""skillTags""]","[""healEvent"",""killEvent"",""skillCastOrDamageEvent""]","[""controlledEncounterTriggerProof""]",true,"[{""value"":50,""unit"":"""",""raw"":""50 ""}]",Immediately resets the CD of Healing Expertise Skills and grants 50 Energy.,"[{""sourceFile"":""skillnames.json""}]"
skill,SkillDescriptions.json,152823,Vital Surge,skill:152823:2,cooldownTextUnclassified,evidence,textOnly,medium,false,expertiseSkill,Healing Expertise Skills,[],false,"[""localizedDescription"",""skillCooldownTable"",""skillDefinition"",""skillTags""]","[""activeBuffState"",""healEvent"",""killEvent"",""skillCastEvent"",""skillCastOrDamageEvent""]","[""runtimeIdBridge""]",true,[],"While active, surrounds you with verdant energy, increasing ATK, reducing skill Energy costs, and each Life Bloom cast shortens the remaining CD of Healing Expertise Skills.","[{""sourceFile"":""skillnames.json""}]"
skill,SkillDescriptions.json,152824,Vital Surge,skill:152824:1,resetCooldown,reset,eventEvidenceRequired,high,true,expertiseSkill,Healing Expertise Skills and grants 50 Energy,[],false,"[""localizedDescription"",""skillCooldownTable"",""skillDefinition"",""skillTags""]","[""healEvent"",""killEvent"",""skillCastOrDamageEvent""]","[""controlledEncounterTriggerProof""]",true,"[{""value"":50,""unit"":"""",""raw"":""50 ""}]",Immediately resets the CD of Healing Expertise Skills and grants 50 Energy.,"[{""sourceFile"":""skillnames.json""}]"
skill,SkillDescriptions.json,152824,Vital Surge,skill:152824:2,cooldownTextUnclassified,evidence,textOnly,medium,false,expertiseSkill,Healing Expertise Skills,[],false,"[""localizedDescription"",""skillCooldownTable"",""skillDefinition"",""skillTags""]","[""activeBuffState"",""healEvent"",""killEvent"",""skillCastEvent"",""skillCastOrDamageEvent""]","[""runtimeIdBridge""]",true,[],"While active, surrounds you with verdant energy, increasing ATK, reducing skill Energy costs, and each Life Bloom cast shortens the remaining CD of Healing Expertise Skills.","[{""sourceFile"":""skillnames.json""}]"
skill,SkillDescriptions.json,152825,Vital Surge,skill:152825:1,resetCooldown,reset,eventEvidenceRequired,high,true,expertiseSkill,Healing Expertise Skills and grants 50 Energy,[],false,"[""localizedDescription"",""skillCooldownTable"",""skillDefinition"",""skillTags""]","[""healEvent"",""killEvent"",""skillCastOrDamageEvent""]","[""controlledEncounterTriggerProof""]",true,"[{""value"":50,""unit"":"""",""raw"":""50 ""}]",Immediately resets the CD of Healing Expertise Skills and grants 50 Energy.,"[{""sourceFile"":""skillnames.json""}]"
skill,SkillDescriptions.json,152825,Vital Surge,skill:152825:2,cooldownTextUnclassified,evidence,textOnly,medium,false,expertiseSkill,Healing Expertise Skills,[],false,"[""localizedDescription"",""skillCooldownTable"",""skillDefinition"",""skillTags""]","[""activeBuffState"",""healEvent"",""killEvent"",""skillCastEvent"",""skillCastOrDamageEvent""]","[""runtimeIdBridge""]",true,[],"While active, surrounds you with verdant energy, increasing ATK, reducing skill Energy costs, and each Life Bloom cast shortens the remaining CD of Healing Expertise Skills.","[{""sourceFile"":""skillnames.json""}]"
skill,SkillDescriptions.json,152826,Vital Surge,skill:152826:1,resetCooldown,reset,eventEvidenceRequired,high,true,expertiseSkill,Healing Expertise Skills and grants 50 Energy,[],false,"[""localizedDescription"",""skillCooldownTable"",""skillDefinition"",""skillTags""]","[""healEvent"",""killEvent"",""skillCastOrDamageEvent""]","[""controlledEncounterTriggerProof""]",true,"[{""value"":50,""unit"":"""",""raw"":""50 ""}]",Immediately resets the CD of Healing Expertise Skills and grants 50 Energy.,"[{""sourceFile"":""skillnames.json""}]"
skill,SkillDescriptions.json,152826,Vital Surge,skill:152826:2,cooldownTextUnclassified,evidence,textOnly,medium,false,expertiseSkill,Healing Expertise Skills,[],false,"[""localizedDescription"",""skillCooldownTable"",""skillDefinition"",""skillTags""]","[""activeBuffState"",""healEvent"",""killEvent"",""skillCastEvent"",""skillCastOrDamageEvent""]","[""runtimeIdBridge""]",true,[],"While active, surrounds you with verdant energy, increasing ATK, reducing skill Energy costs, and each Life Bloom cast shortens the remaining CD of Healing Expertise Skills.","[{""sourceFile"":""skillnames.json""}]"
skill,SkillDescriptions.json,152827,Vital Surge,skill:152827:1,resetCooldown,reset,eventEvidenceRequired,high,true,expertiseSkill,Healing Expertise Skills and grants 50 Energy,[],false,"[""localizedDescription"",""skillCooldownTable"",""skillDefinition"",""skillTags""]","[""healEvent"",""killEvent"",""skillCastOrDamageEvent""]","[""controlledEncounterTriggerProof""]",true,"[{""value"":50,""unit"":"""",""raw"":""50 ""}]",Immediately resets the CD of Healing Expertise Skills and grants 50 Energy.,"[{""sourceFile"":""skillnames.json""}]"
skill,SkillDescriptions.json,152827,Vital Surge,skill:152827:2,cooldownTextUnclassified,evidence,textOnly,medium,false,expertiseSkill,Healing Expertise Skills,[],false,"[""localizedDescription"",""skillCooldownTable"",""skillDefinition"",""skillTags""]","[""activeBuffState"",""healEvent"",""killEvent"",""skillCastEvent"",""skillCastOrDamageEvent""]","[""runtimeIdBridge""]",true,[],"While active, surrounds you with verdant energy, increasing ATK, reducing skill Energy costs, and each Life Bloom cast shortens the remaining CD of Healing Expertise Skills.","[{""sourceFile"":""skillnames.json""}]"
skill,SkillDescriptions.json,152828,Vital Surge,skill:152828:1,resetCooldown,reset,eventEvidenceRequired,high,true,expertiseSkill,Healing Expertise Skills and grants 50 Energy,[],false,"[""localizedDescription"",""skillCooldownTable"",""skillDefinition"",""skillTags""]","[""healEvent"",""killEvent"",""skillCastOrDamageEvent""]","[""controlledEncounterTriggerProof""]",true,"[{""value"":50,""unit"":"""",""raw"":""50 ""}]",Immediately resets the CD of Healing Expertise Skills and grants 50 Energy.,"[{""sourceFile"":""skillnames.json""}]"
skill,SkillDescriptions.json,152828,Vital Surge,skill:152828:2,cooldownTextUnclassified,evidence,textOnly,medium,false,expertiseSkill,Healing Expertise Skills,[],false,"[""localizedDescription"",""skillCooldownTable"",""skillDefinition"",""skillTags""]","[""activeBuffState"",""healEvent"",""killEvent"",""skillCastEvent"",""skillCastOrDamageEvent""]","[""runtimeIdBridge""]",true,[],"While active, surrounds you with verdant energy, increasing ATK, reducing skill Energy costs, and each Life Bloom cast shortens the remaining CD of Healing Expertise Skills.","[{""sourceFile"":""skillnames.json""}]"
skill,SkillDescriptions.json,152829,Vital Surge,skill:152829:1,resetCooldown,reset,eventEvidenceRequired,high,true,expertiseSkill,Healing Expertise Skills and grants 50 Energy,[],false,"[""localizedDescription"",""skillCooldownTable"",""skillDefinition"",""skillTags""]","[""healEvent"",""killEvent"",""skillCastOrDamageEvent""]","[""controlledEncounterTriggerProof""]",true,"[{""value"":50,""unit"":"""",""raw"":""50 ""}]",Immediately resets the CD of Healing Expertise Skills and grants 50 Energy.,"[{""sourceFile"":""skillnames.json""}]"
skill,SkillDescriptions.json,152829,Vital Surge,skill:152829:2,cooldownTextUnclassified,evidence,textOnly,medium,false,expertiseSkill,Healing Expertise Skills,[],false,"[""localizedDescription"",""skillCooldownTable"",""skillDefinition"",""skillTags""]","[""activeBuffState"",""healEvent"",""killEvent"",""skillCastEvent"",""skillCastOrDamageEvent""]","[""runtimeIdBridge""]",true,[],"While active, surrounds you with verdant energy, increasing ATK, reducing skill Energy costs, and each Life Bloom cast shortens the remaining CD of Healing Expertise Skills.","[{""sourceFile"":""skillnames.json""}]"
skill,SkillDescriptions.json,152830,Vital Surge,skill:152830:1,resetCooldown,reset,eventEvidenceRequired,high,true,expertiseSkill,Healing Expertise Skills and grants 50 Energy,[],false,"[""localizedDescription"",""skillCooldownTable"",""skillDefinition"",""skillTags""]","[""healEvent"",""killEvent"",""skillCastOrDamageEvent""]","[""controlledEncounterTriggerProof""]",true,"[{""value"":50,""unit"":"""",""raw"":""50 ""}]",Immediately resets the CD of Healing Expertise Skills and grants 50 Energy.,"[{""sourceFile"":""skillnames.json""}]"
skill,SkillDescriptions.json,152830,Vital Surge,skill:152830:2,cooldownTextUnclassified,evidence,textOnly,medium,false,expertiseSkill,Healing Expertise Skills,[],false,"[""localizedDescription"",""skillCooldownTable"",""skillDefinition"",""skillTags""]","[""activeBuffState"",""healEvent"",""killEvent"",""skillCastEvent"",""skillCastOrDamageEvent""]","[""runtimeIdBridge""]",true,[],"While active, surrounds you with verdant energy, increasing ATK, reducing skill Energy costs, and each Life Bloom cast shortens the remaining CD of Healing Expertise Skills.","[{""sourceFile"":""skillnames.json""}]"
skill,SkillDescriptions.json,160701,Blazing Assault,skill:160701:1,cooldownTextUnclassified,evidence,textOnly,medium,false,unknown,,[],false,"[""localizedDescription"",""skillCooldownTable"",""skillDefinition"",""skillTags""]","[""skillCastOrDamageEvent""]","[""runtimeIdBridge""]",true,"[{""value"":2,""unit"":"""",""raw"":""2 ""}]",Strategy: Make full use of the short CD and 2 charges.,"[{""sourceFile"":""skillnames.json""}]"
skill,SkillDescriptions.json,160702,Blazing Assault,skill:160702:1,cooldownTextUnclassified,evidence,textOnly,medium,false,unknown,,[],false,"[""localizedDescription"",""skillCooldownTable"",""skillDefinition"",""skillTags""]","[""skillCastOrDamageEvent""]","[""runtimeIdBridge""]",true,"[{""value"":2,""unit"":"""",""raw"":""2 ""}]",Strategy: Make full use of the short CD and 2 charges.,"[{""sourceFile"":""skillnames.json""}]"
skill,SkillDescriptions.json,160703,Blazing Assault,skill:160703:1,cooldownTextUnclassified,evidence,textOnly,medium,false,unknown,,[],false,"[""localizedDescription"",""skillCooldownTable"",""skillDefinition"",""skillTags""]","[""skillCastOrDamageEvent""]","[""runtimeIdBridge""]",true,"[{""value"":2,""unit"":"""",""raw"":""2 ""}]",Strategy: Make full use of the short CD and 2 charges.,"[{""sourceFile"":""skillnames.json""}]"
skill,SkillDescriptions.json,160704,Blazing Assault,skill:160704:1,cooldownTextUnclassified,evidence,textOnly,medium,false,unknown,,[],false,"[""localizedDescription"",""skillCooldownTable"",""skillDefinition"",""skillTags""]","[""skillCastOrDamageEvent""]","[""runtimeIdBridge""]",true,"[{""value"":2,""unit"":"""",""raw"":""2 ""}]",Strategy: Make full use of the short CD and 2 charges.,"[{""sourceFile"":""skillnames.json""}]"
skill,SkillDescriptions.json,160705,Blazing Assault,skill:160705:1,cooldownTextUnclassified,evidence,textOnly,medium,false,unknown,,[],false,"[""localizedDescription"",""skillCooldownTable"",""skillDefinition"",""skillTags""]","[""skillCastOrDamageEvent""]","[""runtimeIdBridge""]",true,"[{""value"":2,""unit"":"""",""raw"":""2 ""}]",Strategy: Make full use of the short CD and 2 charges.,"[{""sourceFile"":""skillnames.json""}]"
skill,SkillDescriptions.json,160706,Blazing Assault,skill:160706:1,cooldownTextUnclassified,evidence,textOnly,medium,false,unknown,,[],false,"[""localizedDescription"",""skillCooldownTable"",""skillDefinition"",""skillTags""]","[""skillCastOrDamageEvent""]","[""runtimeIdBridge""]",true,"[{""value"":2,""unit"":"""",""raw"":""2 ""}]",Strategy: Make full use of the short CD and 2 charges.,"[{""sourceFile"":""skillnames.json""}]"
skill,SkillDescriptions.json,160707,Blazing Assault,skill:160707:1,cooldownTextUnclassified,evidence,textOnly,medium,false,unknown,,[],false,"[""localizedDescription"",""skillCooldownTable"",""skillDefinition"",""skillTags""]","[""skillCastOrDamageEvent""]","[""runtimeIdBridge""]",true,"[{""value"":2,""unit"":"""",""raw"":""2 ""}]",Strategy: Make full use of the short CD and 2 charges.,"[{""sourceFile"":""skillnames.json""}]"
skill,SkillDescriptions.json,160708,Blazing Assault,skill:160708:1,cooldownTextUnclassified,evidence,textOnly,medium,false,unknown,,[],false,"[""localizedDescription"",""skillCooldownTable"",""skillDefinition"",""skillTags""]","[""skillCastOrDamageEvent""]","[""runtimeIdBridge""]",true,"[{""value"":2,""unit"":"""",""raw"":""2 ""}]",Strategy: Make full use of the short CD and 2 charges.,"[{""sourceFile"":""skillnames.json""}]"
skill,SkillDescriptions.json,160709,Blazing Assault,skill:160709:1,cooldownTextUnclassified,evidence,textOnly,medium,false,unknown,,[],false,"[""localizedDescription"",""skillCooldownTable"",""skillDefinition"",""skillTags""]","[""skillCastOrDamageEvent""]","[""runtimeIdBridge""]",true,"[{""value"":2,""unit"":"""",""raw"":""2 ""}]",Strategy: Make full use of the short CD and 2 charges.,"[{""sourceFile"":""skillnames.json""}]"
skill,SkillDescriptions.json,160710,Blazing Assault,skill:160710:1,cooldownTextUnclassified,evidence,textOnly,medium,false,unknown,,[],false,"[""localizedDescription"",""skillCooldownTable"",""skillDefinition"",""skillTags""]","[""skillCastOrDamageEvent""]","[""runtimeIdBridge""]",true,"[{""value"":2,""unit"":"""",""raw"":""2 ""}]",Strategy: Make full use of the short CD and 2 charges.,"[{""sourceFile"":""skillnames.json""}]"
skill,SkillDescriptions.json,160711,Blazing Assault,skill:160711:1,cooldownTextUnclassified,evidence,textOnly,medium,false,unknown,,[],false,"[""localizedDescription"",""skillCooldownTable"",""skillDefinition"",""skillTags""]","[""skillCastOrDamageEvent""]","[""runtimeIdBridge""]",true,"[{""value"":2,""unit"":"""",""raw"":""2 ""}]",Strategy: Make full use of the short CD and 2 charges.,"[{""sourceFile"":""skillnames.json""}]"
skill,SkillDescriptions.json,160712,Blazing Assault,skill:160712:1,cooldownTextUnclassified,evidence,textOnly,medium,false,unknown,,[],false,"[""localizedDescription"",""skillCooldownTable"",""skillDefinition"",""skillTags""]","[""skillCastOrDamageEvent""]","[""runtimeIdBridge""]",true,"[{""value"":2,""unit"":"""",""raw"":""2 ""}]",Strategy: Make full use of the short CD and 2 charges.,"[{""sourceFile"":""skillnames.json""}]"
skill,SkillDescriptions.json,160713,Blazing Assault,skill:160713:1,cooldownTextUnclassified,evidence,textOnly,medium,false,unknown,,[],false,"[""localizedDescription"",""skillCooldownTable"",""skillDefinition"",""skillTags""]","[""skillCastOrDamageEvent""]","[""runtimeIdBridge""]",true,"[{""value"":2,""unit"":"""",""raw"":""2 ""}]",Strategy: Make full use of the short CD and 2 charges.,"[{""sourceFile"":""skillnames.json""}]"
skill,SkillDescriptions.json,160714,Blazing Assault,skill:160714:1,cooldownTextUnclassified,evidence,textOnly,medium,false,unknown,,[],false,"[""localizedDescription"",""skillCooldownTable"",""skillDefinition"",""skillTags""]","[""skillCastOrDamageEvent""]","[""runtimeIdBridge""]",true,"[{""value"":2,""unit"":"""",""raw"":""2 ""}]",Strategy: Make full use of the short CD and 2 charges.,"[{""sourceFile"":""skillnames.json""}]"
skill,SkillDescriptions.json,160715,Blazing Assault,skill:160715:1,cooldownTextUnclassified,evidence,textOnly,medium,false,unknown,,[],false,"[""localizedDescription"",""skillCooldownTable"",""skillDefinition"",""skillTags""]","[""skillCastOrDamageEvent""]","[""runtimeIdBridge""]",true,"[{""value"":2,""unit"":"""",""raw"":""2 ""}]",Strategy: Make full use of the short CD and 2 charges.,"[{""sourceFile"":""skillnames.json""}]"
skill,SkillDescriptions.json,160716,Blazing Assault,skill:160716:1,cooldownTextUnclassified,evidence,textOnly,medium,false,unknown,,[],false,"[""localizedDescription"",""skillCooldownTable"",""skillDefinition"",""skillTags""]","[""skillCastOrDamageEvent""]","[""runtimeIdBridge""]",true,"[{""value"":2,""unit"":"""",""raw"":""2 ""}]",Strategy: Make full use of the short CD and 2 charges.,"[{""sourceFile"":""skillnames.json""}]"
skill,SkillDescriptions.json,160717,Blazing Assault,skill:160717:1,cooldownTextUnclassified,evidence,textOnly,medium,false,unknown,,[],false,"[""localizedDescription"",""skillCooldownTable"",""skillDefinition"",""skillTags""]","[""skillCastOrDamageEvent""]","[""runtimeIdBridge""]",true,"[{""value"":2,""unit"":"""",""raw"":""2 ""}]",Strategy: Make full use of the short CD and 2 charges.,"[{""sourceFile"":""skillnames.json""}]"
skill,SkillDescriptions.json,160718,Blazing Assault,skill:160718:1,cooldownTextUnclassified,evidence,textOnly,medium,false,unknown,,[],false,"[""localizedDescription"",""skillCooldownTable"",""skillDefinition"",""skillTags""]","[""skillCastOrDamageEvent""]","[""runtimeIdBridge""]",true,"[{""value"":2,""unit"":"""",""raw"":""2 ""}]",Strategy: Make full use of the short CD and 2 charges.,"[{""sourceFile"":""skillnames.json""}]"
skill,SkillDescriptions.json,160719,Blazing Assault,skill:160719:1,cooldownTextUnclassified,evidence,textOnly,medium,false,unknown,,[],false,"[""localizedDescription"",""skillCooldownTable"",""skillDefinition"",""skillTags""]","[""skillCastOrDamageEvent""]","[""runtimeIdBridge""]",true,"[{""value"":2,""unit"":"""",""raw"":""2 ""}]",Strategy: Make full use of the short CD and 2 charges.,"[{""sourceFile"":""skillnames.json""}]"
skill,SkillDescriptions.json,160720,Blazing Assault,skill:160720:1,cooldownTextUnclassified,evidence,textOnly,medium,false,unknown,,[],false,"[""localizedDescription"",""skillCooldownTable"",""skillDefinition"",""skillTags""]","[""skillCastOrDamageEvent""]","[""runtimeIdBridge""]",true,"[{""value"":2,""unit"":"""",""raw"":""2 ""}]",Strategy: Make full use of the short CD and 2 charges.,"[{""sourceFile"":""skillnames.json""}]"
skill,SkillDescriptions.json,160721,Blazing Assault,skill:160721:1,cooldownTextUnclassified,evidence,textOnly,medium,false,unknown,,[],false,"[""localizedDescription"",""skillCooldownTable"",""skillDefinition"",""skillTags""]","[""skillCastOrDamageEvent""]","[""runtimeIdBridge""]",true,"[{""value"":2,""unit"":"""",""raw"":""2 ""}]",Strategy: Make full use of the short CD and 2 charges.,"[{""sourceFile"":""skillnames.json""}]"
skill,SkillDescriptions.json,160722,Blazing Assault,skill:160722:1,cooldownTextUnclassified,evidence,textOnly,medium,false,unknown,,[],false,"[""localizedDescription"",""skillCooldownTable"",""skillDefinition"",""skillTags""]","[""skillCastOrDamageEvent""]","[""runtimeIdBridge""]",true,"[{""value"":2,""unit"":"""",""raw"":""2 ""}]",Strategy: Make full use of the short CD and 2 charges.,"[{""sourceFile"":""skillnames.json""}]"
skill,SkillDescriptions.json,160723,Blazing Assault,skill:160723:1,cooldownTextUnclassified,evidence,textOnly,medium,false,unknown,,[],false,"[""localizedDescription"",""skillCooldownTable"",""skillDefinition"",""skillTags""]","[""skillCastOrDamageEvent""]","[""runtimeIdBridge""]",true,"[{""value"":2,""unit"":"""",""raw"":""2 ""}]",Strategy: Make full use of the short CD and 2 charges.,"[{""sourceFile"":""skillnames.json""}]"
skill,SkillDescriptions.json,160724,Blazing Assault,skill:160724:1,cooldownTextUnclassified,evidence,textOnly,medium,false,unknown,,[],false,"[""localizedDescription"",""skillCooldownTable"",""skillDefinition"",""skillTags""]","[""skillCastOrDamageEvent""]","[""runtimeIdBridge""]",true,"[{""value"":2,""unit"":"""",""raw"":""2 ""}]",Strategy: Make full use of the short CD and 2 charges.,"[{""sourceFile"":""skillnames.json""}]"
skill,SkillDescriptions.json,160725,Blazing Assault,skill:160725:1,cooldownTextUnclassified,evidence,textOnly,medium,false,unknown,,[],false,"[""localizedDescription"",""skillCooldownTable"",""skillDefinition"",""skillTags""]","[""skillCastOrDamageEvent""]","[""runtimeIdBridge""]",true,"[{""value"":2,""unit"":"""",""raw"":""2 ""}]",Strategy: Make full use of the short CD and 2 charges.,"[{""sourceFile"":""skillnames.json""}]"
skill,SkillDescriptions.json,160726,Blazing Assault,skill:160726:1,cooldownTextUnclassified,evidence,textOnly,medium,false,unknown,,[],false,"[""localizedDescription"",""skillCooldownTable"",""skillDefinition"",""skillTags""]","[""skillCastOrDamageEvent""]","[""runtimeIdBridge""]",true,"[{""value"":2,""unit"":"""",""raw"":""2 ""}]",Strategy: Make full use of the short CD and 2 charges.,"[{""sourceFile"":""skillnames.json""}]"
skill,SkillDescriptions.json,160727,Blazing Assault,skill:160727:1,cooldownTextUnclassified,evidence,textOnly,medium,false,unknown,,[],false,"[""localizedDescription"",""skillCooldownTable"",""skillDefinition"",""skillTags""]","[""skillCastOrDamageEvent""]","[""runtimeIdBridge""]",true,"[{""value"":2,""unit"":"""",""raw"":""2 ""}]",Strategy: Make full use of the short CD and 2 charges.,"[{""sourceFile"":""skillnames.json""}]"
skill,SkillDescriptions.json,160728,Blazing Assault,skill:160728:1,cooldownTextUnclassified,evidence,textOnly,medium,false,unknown,,[],false,"[""localizedDescription"",""skillCooldownTable"",""skillDefinition"",""skillTags""]","[""skillCastOrDamageEvent""]","[""runtimeIdBridge""]",true,"[{""value"":2,""unit"":"""",""raw"":""2 ""}]",Strategy: Make full use of the short CD and 2 charges.,"[{""sourceFile"":""skillnames.json""}]"
skill,SkillDescriptions.json,160729,Blazing Assault,skill:160729:1,cooldownTextUnclassified,evidence,textOnly,medium,false,unknown,,[],false,"[""localizedDescription"",""skillCooldownTable"",""skillDefinition"",""skillTags""]","[""skillCastOrDamageEvent""]","[""runtimeIdBridge""]",true,"[{""value"":2,""unit"":"""",""raw"":""2 ""}]",Strategy: Make full use of the short CD and 2 charges.,"[{""sourceFile"":""skillnames.json""}]"
skill,SkillDescriptions.json,160730,Blazing Assault,skill:160730:1,cooldownTextUnclassified,evidence,textOnly,medium,false,unknown,,[],false,"[""localizedDescription"",""skillCooldownTable"",""skillDefinition"",""skillTags""]","[""skillCastOrDamageEvent""]","[""runtimeIdBridge""]",true,"[{""value"":2,""unit"":"""",""raw"":""2 ""}]",Strategy: Make full use of the short CD and 2 charges.,"[{""sourceFile"":""skillnames.json""}]"
skill,SkillDescriptions.json,161501,Wasteland's End,skill:161501:1,cooldownAcceleration,accelerate,activeBuffOrAttrCandidate,high,false,classSkill,,"[""haste""]",true,"[""localizedDescription"",""skillCooldownTable"",""skillDefinition"",""skillTags""]","[""activeBuffState"",""finalCharacterStats"",""killEvent"",""skillCastOrDamageEvent""]",[],true,[],"Imbues the power of fire, granting a Class Skills CD Boost and increased Haste while active.","[{""sourceFile"":""skillnames.json""}]"
skill,SkillDescriptions.json,161502,Wasteland's End,skill:161502:1,cooldownAcceleration,accelerate,activeBuffOrAttrCandidate,high,false,classSkill,,"[""haste""]",true,"[""localizedDescription"",""skillCooldownTable"",""skillDefinition"",""skillTags""]","[""activeBuffState"",""finalCharacterStats"",""killEvent"",""skillCastOrDamageEvent""]",[],true,[],"Imbues the power of fire, granting a Class Skills CD Boost and increased Haste while active.","[{""sourceFile"":""skillnames.json""}]"
skill,SkillDescriptions.json,161503,Wasteland's End,skill:161503:1,cooldownAcceleration,accelerate,activeBuffOrAttrCandidate,high,false,classSkill,,"[""haste""]",true,"[""localizedDescription"",""skillCooldownTable"",""skillDefinition"",""skillTags""]","[""activeBuffState"",""finalCharacterStats"",""killEvent"",""skillCastOrDamageEvent""]",[],true,[],"Imbues the power of fire, granting a Class Skills CD Boost and increased Haste while active.","[{""sourceFile"":""skillnames.json""}]"
skill,SkillDescriptions.json,161504,Wasteland's End,skill:161504:1,cooldownAcceleration,accelerate,activeBuffOrAttrCandidate,high,false,classSkill,,"[""haste""]",true,"[""localizedDescription"",""skillCooldownTable"",""skillDefinition"",""skillTags""]","[""activeBuffState"",""finalCharacterStats"",""killEvent"",""skillCastOrDamageEvent""]",[],true,[],"Imbues the power of fire, granting a Class Skills CD Boost and increased Haste while active.","[{""sourceFile"":""skillnames.json""}]"
skill,SkillDescriptions.json,161505,Wasteland's End,skill:161505:1,cooldownAcceleration,accelerate,activeBuffOrAttrCandidate,high,false,classSkill,,"[""haste""]",true,"[""localizedDescription"",""skillCooldownTable"",""skillDefinition"",""skillTags""]","[""activeBuffState"",""finalCharacterStats"",""killEvent"",""skillCastOrDamageEvent""]",[],true,[],"Imbues the power of fire, granting a Class Skills CD Boost and increased Haste while active.","[{""sourceFile"":""skillnames.json""}]"
skill,SkillDescriptions.json,161506,Wasteland's End,skill:161506:1,cooldownAcceleration,accelerate,activeBuffOrAttrCandidate,high,false,classSkill,,"[""haste""]",true,"[""localizedDescription"",""skillCooldownTable"",""skillDefinition"",""skillTags""]","[""activeBuffState"",""finalCharacterStats"",""killEvent"",""skillCastOrDamageEvent""]",[],true,[],"Imbues the power of fire, granting a Class Skills CD Boost and increased Haste while active.","[{""sourceFile"":""skillnames.json""}]"
skill,SkillDescriptions.json,161507,Wasteland's End,skill:161507:1,cooldownAcceleration,accelerate,activeBuffOrAttrCandidate,high,false,classSkill,,"[""haste""]",true,"[""localizedDescription"",""skillCooldownTable"",""skillDefinition"",""skillTags""]","[""activeBuffState"",""finalCharacterStats"",""killEvent"",""skillCastOrDamageEvent""]",[],true,[],"Imbues the power of fire, granting a Class Skills CD Boost and increased Haste while active.","[{""sourceFile"":""skillnames.json""}]"
skill,SkillDescriptions.json,161508,Wasteland's End,skill:161508:1,cooldownAcceleration,accelerate,activeBuffOrAttrCandidate,high,false,classSkill,,"[""haste""]",true,"[""localizedDescription"",""skillCooldownTable"",""skillDefinition"",""skillTags""]","[""activeBuffState"",""finalCharacterStats"",""killEvent"",""skillCastOrDamageEvent""]",[],true,[],"Imbues the power of fire, granting a Class Skills CD Boost and increased Haste while active.","[{""sourceFile"":""skillnames.json""}]"
skill,SkillDescriptions.json,161509,Wasteland's End,skill:161509:1,cooldownAcceleration,accelerate,activeBuffOrAttrCandidate,high,false,classSkill,,"[""haste""]",true,"[""localizedDescription"",""skillCooldownTable"",""skillDefinition"",""skillTags""]","[""activeBuffState"",""finalCharacterStats"",""killEvent"",""skillCastOrDamageEvent""]",[],true,[],"Imbues the power of fire, granting a Class Skills CD Boost and increased Haste while active.","[{""sourceFile"":""skillnames.json""}]"
skill,SkillDescriptions.json,161510,Wasteland's End,skill:161510:1,cooldownAcceleration,accelerate,activeBuffOrAttrCandidate,high,false,classSkill,,"[""haste""]",true,"[""localizedDescription"",""skillCooldownTable"",""skillDefinition"",""skillTags""]","[""activeBuffState"",""finalCharacterStats"",""killEvent"",""skillCastOrDamageEvent""]",[],true,[],"Imbues the power of fire, granting a Class Skills CD Boost and increased Haste while active.","[{""sourceFile"":""skillnames.json""}]"
skill,SkillDescriptions.json,161511,Wasteland's End,skill:161511:1,cooldownAcceleration,accelerate,activeBuffOrAttrCandidate,high,false,classSkill,,"[""haste""]",true,"[""localizedDescription"",""skillCooldownTable"",""skillDefinition"",""skillTags""]","[""activeBuffState"",""finalCharacterStats"",""killEvent"",""skillCastOrDamageEvent""]",[],true,[],"Imbues the power of fire, granting a Class Skills CD Boost and increased Haste while active.","[{""sourceFile"":""skillnames.json""}]"
skill,SkillDescriptions.json,161512,Wasteland's End,skill:161512:1,cooldownAcceleration,accelerate,activeBuffOrAttrCandidate,high,false,classSkill,,"[""haste""]",true,"[""localizedDescription"",""skillCooldownTable"",""skillDefinition"",""skillTags""]","[""activeBuffState"",""finalCharacterStats"",""killEvent"",""skillCastOrDamageEvent""]",[],true,[],"Imbues the power of fire, granting a Class Skills CD Boost and increased Haste while active.","[{""sourceFile"":""skillnames.json""}]"
skill,SkillDescriptions.json,161513,Wasteland's End,skill:161513:1,cooldownAcceleration,accelerate,activeBuffOrAttrCandidate,high,false,classSkill,,"[""haste""]",true,"[""localizedDescription"",""skillCooldownTable"",""skillDefinition"",""skillTags""]","[""activeBuffState"",""finalCharacterStats"",""killEvent"",""skillCastOrDamageEvent""]",[],true,[],"Imbues the power of fire, granting a Class Skills CD Boost and increased Haste while active.","[{""sourceFile"":""skillnames.json""}]"
skill,SkillDescriptions.json,161514,Wasteland's End,skill:161514:1,cooldownAcceleration,accelerate,activeBuffOrAttrCandidate,high,false,classSkill,,"[""haste""]",true,"[""localizedDescription"",""skillCooldownTable"",""skillDefinition"",""skillTags""]","[""activeBuffState"",""finalCharacterStats"",""killEvent"",""skillCastOrDamageEvent""]",[],true,[],"Imbues the power of fire, granting a Class Skills CD Boost and increased Haste while active.","[{""sourceFile"":""skillnames.json""}]"
skill,SkillDescriptions.json,161515,Wasteland's End,skill:161515:1,cooldownAcceleration,accelerate,activeBuffOrAttrCandidate,high,false,classSkill,,"[""haste""]",true,"[""localizedDescription"",""skillCooldownTable"",""skillDefinition"",""skillTags""]","[""activeBuffState"",""finalCharacterStats"",""killEvent"",""skillCastOrDamageEvent""]",[],true,[],"Imbues the power of fire, granting a Class Skills CD Boost and increased Haste while active.","[{""sourceFile"":""skillnames.json""}]"
skill,SkillDescriptions.json,161516,Wasteland's End,skill:161516:1,cooldownAcceleration,accelerate,activeBuffOrAttrCandidate,high,false,classSkill,,"[""haste""]",true,"[""localizedDescription"",""skillCooldownTable"",""skillDefinition"",""skillTags""]","[""activeBuffState"",""finalCharacterStats"",""killEvent"",""skillCastOrDamageEvent""]",[],true,[],"Imbues the power of fire, granting a Class Skills CD Boost and increased Haste while active.","[{""sourceFile"":""skillnames.json""}]"
skill,SkillDescriptions.json,161517,Wasteland's End,skill:161517:1,cooldownAcceleration,accelerate,activeBuffOrAttrCandidate,high,false,classSkill,,"[""haste""]",true,"[""localizedDescription"",""skillCooldownTable"",""skillDefinition"",""skillTags""]","[""activeBuffState"",""finalCharacterStats"",""killEvent"",""skillCastOrDamageEvent""]",[],true,[],"Imbues the power of fire, granting a Class Skills CD Boost and increased Haste while active.","[{""sourceFile"":""skillnames.json""}]"
skill,SkillDescriptions.json,161518,Wasteland's End,skill:161518:1,cooldownAcceleration,accelerate,activeBuffOrAttrCandidate,high,false,classSkill,,"[""haste""]",true,"[""localizedDescription"",""skillCooldownTable"",""skillDefinition"",""skillTags""]","[""activeBuffState"",""finalCharacterStats"",""killEvent"",""skillCastOrDamageEvent""]",[],true,[],"Imbues the power of fire, granting a Class Skills CD Boost and increased Haste while active.","[{""sourceFile"":""skillnames.json""}]"
skill,SkillDescriptions.json,161519,Wasteland's End,skill:161519:1,cooldownAcceleration,accelerate,activeBuffOrAttrCandidate,high,false,classSkill,,"[""haste""]",true,"[""localizedDescription"",""skillCooldownTable"",""skillDefinition"",""skillTags""]","[""activeBuffState"",""finalCharacterStats"",""killEvent"",""skillCastOrDamageEvent""]",[],true,[],"Imbues the power of fire, granting a Class Skills CD Boost and increased Haste while active.","[{""sourceFile"":""skillnames.json""}]"
skill,SkillDescriptions.json,161520,Wasteland's End,skill:161520:1,cooldownAcceleration,accelerate,activeBuffOrAttrCandidate,high,false,classSkill,,"[""haste""]",true,"[""localizedDescription"",""skillCooldownTable"",""skillDefinition"",""skillTags""]","[""activeBuffState"",""finalCharacterStats"",""killEvent"",""skillCastOrDamageEvent""]",[],true,[],"Imbues the power of fire, granting a Class Skills CD Boost and increased Haste while active.","[{""sourceFile"":""skillnames.json""}]"
skill,SkillDescriptions.json,161521,Wasteland's End,skill:161521:1,cooldownAcceleration,accelerate,activeBuffOrAttrCandidate,high,false,classSkill,,"[""haste""]",true,"[""localizedDescription"",""skillCooldownTable"",""skillDefinition"",""skillTags""]","[""activeBuffState"",""finalCharacterStats"",""killEvent"",""skillCastOrDamageEvent""]",[],true,[],"Imbues the power of fire, granting a Class Skills CD Boost and increased Haste while active.","[{""sourceFile"":""skillnames.json""}]"
skill,SkillDescriptions.json,161522,Wasteland's End,skill:161522:1,cooldownAcceleration,accelerate,activeBuffOrAttrCandidate,high,false,classSkill,,"[""haste""]",true,"[""localizedDescription"",""skillCooldownTable"",""skillDefinition"",""skillTags""]","[""activeBuffState"",""finalCharacterStats"",""killEvent"",""skillCastOrDamageEvent""]",[],true,[],"Imbues the power of fire, granting a Class Skills CD Boost and increased Haste while active.","[{""sourceFile"":""skillnames.json""}]"
skill,SkillDescriptions.json,161523,Wasteland's End,skill:161523:1,cooldownAcceleration,accelerate,activeBuffOrAttrCandidate,high,false,classSkill,,"[""haste""]",true,"[""localizedDescription"",""skillCooldownTable"",""skillDefinition"",""skillTags""]","[""activeBuffState"",""finalCharacterStats"",""killEvent"",""skillCastOrDamageEvent""]",[],true,[],"Imbues the power of fire, granting a Class Skills CD Boost and increased Haste while active.","[{""sourceFile"":""skillnames.json""}]"
skill,SkillDescriptions.json,161524,Wasteland's End,skill:161524:1,cooldownAcceleration,accelerate,activeBuffOrAttrCandidate,high,false,classSkill,,"[""haste""]",true,"[""localizedDescription"",""skillCooldownTable"",""skillDefinition"",""skillTags""]","[""activeBuffState"",""finalCharacterStats"",""killEvent"",""skillCastOrDamageEvent""]",[],true,[],"Imbues the power of fire, granting a Class Skills CD Boost and increased Haste while active.","[{""sourceFile"":""skillnames.json""}]"
skill,SkillDescriptions.json,161525,Wasteland's End,skill:161525:1,cooldownAcceleration,accelerate,activeBuffOrAttrCandidate,high,false,classSkill,,"[""haste""]",true,"[""localizedDescription"",""skillCooldownTable"",""skillDefinition"",""skillTags""]","[""activeBuffState"",""finalCharacterStats"",""killEvent"",""skillCastOrDamageEvent""]",[],true,[],"Imbues the power of fire, granting a Class Skills CD Boost and increased Haste while active.","[{""sourceFile"":""skillnames.json""}]"
skill,SkillDescriptions.json,161526,Wasteland's End,skill:161526:1,cooldownAcceleration,accelerate,activeBuffOrAttrCandidate,high,false,classSkill,,"[""haste""]",true,"[""localizedDescription"",""skillCooldownTable"",""skillDefinition"",""skillTags""]","[""activeBuffState"",""finalCharacterStats"",""killEvent"",""skillCastOrDamageEvent""]",[],true,[],"Imbues the power of fire, granting a Class Skills CD Boost and increased Haste while active.","[{""sourceFile"":""skillnames.json""}]"
skill,SkillDescriptions.json,161527,Wasteland's End,skill:161527:1,cooldownAcceleration,accelerate,activeBuffOrAttrCandidate,high,false,classSkill,,"[""haste""]",true,"[""localizedDescription"",""skillCooldownTable"",""skillDefinition"",""skillTags""]","[""activeBuffState"",""finalCharacterStats"",""killEvent"",""skillCastOrDamageEvent""]",[],true,[],"Imbues the power of fire, granting a Class Skills CD Boost and increased Haste while active.","[{""sourceFile"":""skillnames.json""}]"
skill,SkillDescriptions.json,161528,Wasteland's End,skill:161528:1,cooldownAcceleration,accelerate,activeBuffOrAttrCandidate,high,false,classSkill,,"[""haste""]",true,"[""localizedDescription"",""skillCooldownTable"",""skillDefinition"",""skillTags""]","[""activeBuffState"",""finalCharacterStats"",""killEvent"",""skillCastOrDamageEvent""]",[],true,[],"Imbues the power of fire, granting a Class Skills CD Boost and increased Haste while active.","[{""sourceFile"":""skillnames.json""}]"
skill,SkillDescriptions.json,161529,Wasteland's End,skill:161529:1,cooldownAcceleration,accelerate,activeBuffOrAttrCandidate,high,false,classSkill,,"[""haste""]",true,"[""localizedDescription"",""skillCooldownTable"",""skillDefinition"",""skillTags""]","[""activeBuffState"",""finalCharacterStats"",""killEvent"",""skillCastOrDamageEvent""]",[],true,[],"Imbues the power of fire, granting a Class Skills CD Boost and increased Haste while active.","[{""sourceFile"":""skillnames.json""}]"
skill,SkillDescriptions.json,161530,Wasteland's End,skill:161530:1,cooldownAcceleration,accelerate,activeBuffOrAttrCandidate,high,false,classSkill,,"[""haste""]",true,"[""localizedDescription"",""skillCooldownTable"",""skillDefinition"",""skillTags""]","[""activeBuffState"",""finalCharacterStats"",""killEvent"",""skillCastOrDamageEvent""]",[],true,[],"Imbues the power of fire, granting a Class Skills CD Boost and increased Haste while active.","[{""sourceFile"":""skillnames.json""}]"
skill,SkillDescriptions.json,161801,Cinderfall! Hellfire Shiranui,skill:161801:1,cooldownAcceleration,accelerate,activeBuffOrAttrCandidate,high,false,expertiseSkill,,[],false,"[""localizedDescription"",""skillCooldownTable"",""skillDefinition"",""skillTags""]","[""killEvent"",""skillCastOrDamageEvent""]",[],true,"[{""value"":10,""unit"":""percent"",""raw"":""10%""}]","During this effect, Expertise Skill CD Boost is increased by 10%.","[{""sourceFile"":""skillnames.json""}]"
skill,SkillDescriptions.json,161802,Cinderfall! Hellfire Shiranui,skill:161802:1,cooldownAcceleration,accelerate,activeBuffOrAttrCandidate,high,false,expertiseSkill,,[],false,"[""localizedDescription"",""skillCooldownTable"",""skillDefinition"",""skillTags""]","[""killEvent"",""skillCastOrDamageEvent""]",[],true,"[{""value"":10,""unit"":""percent"",""raw"":""10%""}]","During this effect, Expertise Skill CD Boost is increased by 10%.","[{""sourceFile"":""skillnames.json""}]"
skill,SkillDescriptions.json,161803,Cinderfall! Hellfire Shiranui,skill:161803:1,cooldownAcceleration,accelerate,activeBuffOrAttrCandidate,high,false,expertiseSkill,,[],false,"[""localizedDescription"",""skillCooldownTable"",""skillDefinition"",""skillTags""]","[""killEvent"",""skillCastOrDamageEvent""]",[],true,"[{""value"":10,""unit"":""percent"",""raw"":""10%""}]","During this effect, Expertise Skill CD Boost is increased by 10%.","[{""sourceFile"":""skillnames.json""}]"
skill,SkillDescriptions.json,161804,Cinderfall! Hellfire Shiranui,skill:161804:1,cooldownAcceleration,accelerate,activeBuffOrAttrCandidate,high,false,expertiseSkill,,[],false,"[""localizedDescription"",""skillCooldownTable"",""skillDefinition"",""skillTags""]","[""killEvent"",""skillCastOrDamageEvent""]",[],true,"[{""value"":10,""unit"":""percent"",""raw"":""10%""}]","During this effect, Expertise Skill CD Boost is increased by 10%.","[{""sourceFile"":""skillnames.json""}]"
skill,SkillDescriptions.json,161805,Cinderfall! Hellfire Shiranui,skill:161805:1,cooldownAcceleration,accelerate,activeBuffOrAttrCandidate,high,false,expertiseSkill,,[],false,"[""localizedDescription"",""skillCooldownTable"",""skillDefinition"",""skillTags""]","[""killEvent"",""skillCastOrDamageEvent""]",[],true,"[{""value"":10,""unit"":""percent"",""raw"":""10%""}]","During this effect, Expertise Skill CD Boost is increased by 10%.","[{""sourceFile"":""skillnames.json""}]"
skill,SkillDescriptions.json,161806,Cinderfall! Hellfire Shiranui,skill:161806:1,cooldownAcceleration,accelerate,activeBuffOrAttrCandidate,high,false,expertiseSkill,,[],false,"[""localizedDescription"",""skillCooldownTable"",""skillDefinition"",""skillTags""]","[""killEvent"",""skillCastOrDamageEvent""]",[],true,"[{""value"":10,""unit"":""percent"",""raw"":""10%""}]","During this effect, Expertise Skill CD Boost is increased by 10%.","[{""sourceFile"":""skillnames.json""}]"
skill,SkillDescriptions.json,161807,Cinderfall! Hellfire Shiranui,skill:161807:1,cooldownAcceleration,accelerate,activeBuffOrAttrCandidate,high,false,expertiseSkill,,[],false,"[""localizedDescription"",""skillCooldownTable"",""skillDefinition"",""skillTags""]","[""killEvent"",""skillCastOrDamageEvent""]",[],true,"[{""value"":10,""unit"":""percent"",""raw"":""10%""}]","During this effect, Expertise Skill CD Boost is increased by 10%.","[{""sourceFile"":""skillnames.json""}]"
skill,SkillDescriptions.json,161808,Cinderfall! Hellfire Shiranui,skill:161808:1,cooldownAcceleration,accelerate,activeBuffOrAttrCandidate,high,false,expertiseSkill,,[],false,"[""localizedDescription"",""skillCooldownTable"",""skillDefinition"",""skillTags""]","[""killEvent"",""skillCastOrDamageEvent""]",[],true,"[{""value"":10,""unit"":""percent"",""raw"":""10%""}]","During this effect, Expertise Skill CD Boost is increased by 10%.","[{""sourceFile"":""skillnames.json""}]"
skill,SkillDescriptions.json,161809,Cinderfall! Hellfire Shiranui,skill:161809:1,cooldownAcceleration,accelerate,activeBuffOrAttrCandidate,high,false,expertiseSkill,,[],false,"[""localizedDescription"",""skillCooldownTable"",""skillDefinition"",""skillTags""]","[""killEvent"",""skillCastOrDamageEvent""]",[],true,"[{""value"":10,""unit"":""percent"",""raw"":""10%""}]","During this effect, Expertise Skill CD Boost is increased by 10%.","[{""sourceFile"":""skillnames.json""}]"
skill,SkillDescriptions.json,161810,Cinderfall! Hellfire Shiranui,skill:161810:1,cooldownAcceleration,accelerate,activeBuffOrAttrCandidate,high,false,expertiseSkill,,[],false,"[""localizedDescription"",""skillCooldownTable"",""skillDefinition"",""skillTags""]","[""killEvent"",""skillCastOrDamageEvent""]",[],true,"[{""value"":10,""unit"":""percent"",""raw"":""10%""}]","During this effect, Expertise Skill CD Boost is increased by 10%.","[{""sourceFile"":""skillnames.json""}]"
skill,SkillDescriptions.json,161811,Cinderfall! Hellfire Shiranui,skill:161811:1,cooldownAcceleration,accelerate,activeBuffOrAttrCandidate,high,false,expertiseSkill,,[],false,"[""localizedDescription"",""skillCooldownTable"",""skillDefinition"",""skillTags""]","[""killEvent"",""skillCastOrDamageEvent""]",[],true,"[{""value"":10,""unit"":""percent"",""raw"":""10%""}]","During this effect, Expertise Skill CD Boost is increased by 10%.","[{""sourceFile"":""skillnames.json""}]"
skill,SkillDescriptions.json,161812,Cinderfall! Hellfire Shiranui,skill:161812:1,cooldownAcceleration,accelerate,activeBuffOrAttrCandidate,high,false,expertiseSkill,,[],false,"[""localizedDescription"",""skillCooldownTable"",""skillDefinition"",""skillTags""]","[""killEvent"",""skillCastOrDamageEvent""]",[],true,"[{""value"":10,""unit"":""percent"",""raw"":""10%""}]","During this effect, Expertise Skill CD Boost is increased by 10%.","[{""sourceFile"":""skillnames.json""}]"
skill,SkillDescriptions.json,161813,Cinderfall! Hellfire Shiranui,skill:161813:1,cooldownAcceleration,accelerate,activeBuffOrAttrCandidate,high,false,expertiseSkill,,[],false,"[""localizedDescription"",""skillCooldownTable"",""skillDefinition"",""skillTags""]","[""killEvent"",""skillCastOrDamageEvent""]",[],true,"[{""value"":10,""unit"":""percent"",""raw"":""10%""}]","During this effect, Expertise Skill CD Boost is increased by 10%.","[{""sourceFile"":""skillnames.json""}]"
skill,SkillDescriptions.json,161814,Cinderfall! Hellfire Shiranui,skill:161814:1,cooldownAcceleration,accelerate,activeBuffOrAttrCandidate,high,false,expertiseSkill,,[],false,"[""localizedDescription"",""skillCooldownTable"",""skillDefinition"",""skillTags""]","[""killEvent"",""skillCastOrDamageEvent""]",[],true,"[{""value"":10,""unit"":""percent"",""raw"":""10%""}]","During this effect, Expertise Skill CD Boost is increased by 10%.","[{""sourceFile"":""skillnames.json""}]"
skill,SkillDescriptions.json,161815,Cinderfall! Hellfire Shiranui,skill:161815:1,cooldownAcceleration,accelerate,activeBuffOrAttrCandidate,high,false,expertiseSkill,,[],false,"[""localizedDescription"",""skillCooldownTable"",""skillDefinition"",""skillTags""]","[""killEvent"",""skillCastOrDamageEvent""]",[],true,"[{""value"":10,""unit"":""percent"",""raw"":""10%""}]","During this effect, Expertise Skill CD Boost is increased by 10%.","[{""sourceFile"":""skillnames.json""}]"
skill,SkillDescriptions.json,161816,Cinderfall! Hellfire Shiranui,skill:161816:1,cooldownAcceleration,accelerate,activeBuffOrAttrCandidate,high,false,expertiseSkill,,[],false,"[""localizedDescription"",""skillCooldownTable"",""skillDefinition"",""skillTags""]","[""killEvent"",""skillCastOrDamageEvent""]",[],true,"[{""value"":10,""unit"":""percent"",""raw"":""10%""}]","During this effect, Expertise Skill CD Boost is increased by 10%.","[{""sourceFile"":""skillnames.json""}]"
skill,SkillDescriptions.json,161817,Cinderfall! Hellfire Shiranui,skill:161817:1,cooldownAcceleration,accelerate,activeBuffOrAttrCandidate,high,false,expertiseSkill,,[],false,"[""localizedDescription"",""skillCooldownTable"",""skillDefinition"",""skillTags""]","[""killEvent"",""skillCastOrDamageEvent""]",[],true,"[{""value"":10,""unit"":""percent"",""raw"":""10%""}]","During this effect, Expertise Skill CD Boost is increased by 10%.","[{""sourceFile"":""skillnames.json""}]"
skill,SkillDescriptions.json,161818,Cinderfall! Hellfire Shiranui,skill:161818:1,cooldownAcceleration,accelerate,activeBuffOrAttrCandidate,high,false,expertiseSkill,,[],false,"[""localizedDescription"",""skillCooldownTable"",""skillDefinition"",""skillTags""]","[""killEvent"",""skillCastOrDamageEvent""]",[],true,"[{""value"":10,""unit"":""percent"",""raw"":""10%""}]","During this effect, Expertise Skill CD Boost is increased by 10%.","[{""sourceFile"":""skillnames.json""}]"
skill,SkillDescriptions.json,161819,Cinderfall! Hellfire Shiranui,skill:161819:1,cooldownAcceleration,accelerate,activeBuffOrAttrCandidate,high,false,expertiseSkill,,[],false,"[""localizedDescription"",""skillCooldownTable"",""skillDefinition"",""skillTags""]","[""killEvent"",""skillCastOrDamageEvent""]",[],true,"[{""value"":10,""unit"":""percent"",""raw"":""10%""}]","During this effect, Expertise Skill CD Boost is increased by 10%.","[{""sourceFile"":""skillnames.json""}]"
skill,SkillDescriptions.json,161820,Cinderfall! Hellfire Shiranui,skill:161820:1,cooldownAcceleration,accelerate,activeBuffOrAttrCandidate,high,false,expertiseSkill,,[],false,"[""localizedDescription"",""skillCooldownTable"",""skillDefinition"",""skillTags""]","[""killEvent"",""skillCastOrDamageEvent""]",[],true,"[{""value"":10,""unit"":""percent"",""raw"":""10%""}]","During this effect, Expertise Skill CD Boost is increased by 10%.","[{""sourceFile"":""skillnames.json""}]"
skill,SkillDescriptions.json,161821,Cinderfall! Hellfire Shiranui,skill:161821:1,cooldownAcceleration,accelerate,activeBuffOrAttrCandidate,high,false,expertiseSkill,,[],false,"[""localizedDescription"",""skillCooldownTable"",""skillDefinition"",""skillTags""]","[""killEvent"",""skillCastOrDamageEvent""]",[],true,"[{""value"":10,""unit"":""percent"",""raw"":""10%""}]","During this effect, Expertise Skill CD Boost is increased by 10%.","[{""sourceFile"":""skillnames.json""}]"
skill,SkillDescriptions.json,161822,Cinderfall! Hellfire Shiranui,skill:161822:1,cooldownAcceleration,accelerate,activeBuffOrAttrCandidate,high,false,expertiseSkill,,[],false,"[""localizedDescription"",""skillCooldownTable"",""skillDefinition"",""skillTags""]","[""killEvent"",""skillCastOrDamageEvent""]",[],true,"[{""value"":10,""unit"":""percent"",""raw"":""10%""}]","During this effect, Expertise Skill CD Boost is increased by 10%.","[{""sourceFile"":""skillnames.json""}]"
skill,SkillDescriptions.json,161823,Cinderfall! Hellfire Shiranui,skill:161823:1,cooldownAcceleration,accelerate,activeBuffOrAttrCandidate,high,false,expertiseSkill,,[],false,"[""localizedDescription"",""skillCooldownTable"",""skillDefinition"",""skillTags""]","[""killEvent"",""skillCastOrDamageEvent""]",[],true,"[{""value"":10,""unit"":""percent"",""raw"":""10%""}]","During this effect, Expertise Skill CD Boost is increased by 10%.","[{""sourceFile"":""skillnames.json""}]"
skill,SkillDescriptions.json,161824,Cinderfall! Hellfire Shiranui,skill:161824:1,cooldownAcceleration,accelerate,activeBuffOrAttrCandidate,high,false,expertiseSkill,,[],false,"[""localizedDescription"",""skillCooldownTable"",""skillDefinition"",""skillTags""]","[""killEvent"",""skillCastOrDamageEvent""]",[],true,"[{""value"":10,""unit"":""percent"",""raw"":""10%""}]","During this effect, Expertise Skill CD Boost is increased by 10%.","[{""sourceFile"":""skillnames.json""}]"
skill,SkillDescriptions.json,161825,Cinderfall! Hellfire Shiranui,skill:161825:1,cooldownAcceleration,accelerate,activeBuffOrAttrCandidate,high,false,expertiseSkill,,[],false,"[""localizedDescription"",""skillCooldownTable"",""skillDefinition"",""skillTags""]","[""killEvent"",""skillCastOrDamageEvent""]",[],true,"[{""value"":10,""unit"":""percent"",""raw"":""10%""}]","During this effect, Expertise Skill CD Boost is increased by 10%.","[{""sourceFile"":""skillnames.json""}]"
skill,SkillDescriptions.json,161826,Cinderfall! Hellfire Shiranui,skill:161826:1,cooldownAcceleration,accelerate,activeBuffOrAttrCandidate,high,false,expertiseSkill,,[],false,"[""localizedDescription"",""skillCooldownTable"",""skillDefinition"",""skillTags""]","[""killEvent"",""skillCastOrDamageEvent""]",[],true,"[{""value"":10,""unit"":""percent"",""raw"":""10%""}]","During this effect, Expertise Skill CD Boost is increased by 10%.","[{""sourceFile"":""skillnames.json""}]"
skill,SkillDescriptions.json,161827,Cinderfall! Hellfire Shiranui,skill:161827:1,cooldownAcceleration,accelerate,activeBuffOrAttrCandidate,high,false,expertiseSkill,,[],false,"[""localizedDescription"",""skillCooldownTable"",""skillDefinition"",""skillTags""]","[""killEvent"",""skillCastOrDamageEvent""]",[],true,"[{""value"":10,""unit"":""percent"",""raw"":""10%""}]","During this effect, Expertise Skill CD Boost is increased by 10%.","[{""sourceFile"":""skillnames.json""}]"
skill,SkillDescriptions.json,161828,Cinderfall! Hellfire Shiranui,skill:161828:1,cooldownAcceleration,accelerate,activeBuffOrAttrCandidate,high,false,expertiseSkill,,[],false,"[""localizedDescription"",""skillCooldownTable"",""skillDefinition"",""skillTags""]","[""killEvent"",""skillCastOrDamageEvent""]",[],true,"[{""value"":10,""unit"":""percent"",""raw"":""10%""}]","During this effect, Expertise Skill CD Boost is increased by 10%.","[{""sourceFile"":""skillnames.json""}]"
skill,SkillDescriptions.json,161829,Cinderfall! Hellfire Shiranui,skill:161829:1,cooldownAcceleration,accelerate,activeBuffOrAttrCandidate,high,false,expertiseSkill,,[],false,"[""localizedDescription"",""skillCooldownTable"",""skillDefinition"",""skillTags""]","[""killEvent"",""skillCastOrDamageEvent""]",[],true,"[{""value"":10,""unit"":""percent"",""raw"":""10%""}]","During this effect, Expertise Skill CD Boost is increased by 10%.","[{""sourceFile"":""skillnames.json""}]"
skill,SkillDescriptions.json,161830,Cinderfall! Hellfire Shiranui,skill:161830:1,cooldownAcceleration,accelerate,activeBuffOrAttrCandidate,high,false,expertiseSkill,,[],false,"[""localizedDescription"",""skillCooldownTable"",""skillDefinition"",""skillTags""]","[""killEvent"",""skillCastOrDamageEvent""]",[],true,"[{""value"":10,""unit"":""percent"",""raw"":""10%""}]","During this effect, Expertise Skill CD Boost is increased by 10%.","[{""sourceFile"":""skillnames.json""}]"
skill,SkillDescriptions.json,171901,Scythe Wheel,skill:171901:1,cooldownTextUnclassified,evidence,textOnly,medium,false,unknown,Scythe Wheel is refunded,[],false,"[""localizedDescription"",""skillCooldownTable"",""skillDefinition"",""skillTags""]","[""skillCastOrDamageEvent""]","[""runtimeIdBridge""]",true,[],"When you die, Moonblades end immediately and the remaining CD of Scythe Wheel is refunded.","[{""sourceFile"":""skillnames.json""}]"
skill,SkillDescriptions.json,171902,Scythe Wheel,skill:171902:1,cooldownTextUnclassified,evidence,textOnly,medium,false,unknown,Scythe Wheel is refunded,[],false,"[""localizedDescription"",""skillCooldownTable"",""skillDefinition"",""skillTags""]","[""skillCastOrDamageEvent""]","[""runtimeIdBridge""]",true,[],"When you die, Moonblades end immediately and the remaining CD of Scythe Wheel is refunded.","[{""sourceFile"":""skillnames.json""}]"
skill,SkillDescriptions.json,171903,Scythe Wheel,skill:171903:1,cooldownTextUnclassified,evidence,textOnly,medium,false,unknown,Scythe Wheel is refunded,[],false,"[""localizedDescription"",""skillCooldownTable"",""skillDefinition"",""skillTags""]","[""skillCastOrDamageEvent""]","[""runtimeIdBridge""]",true,[],"When you die, Moonblades end immediately and the remaining CD of Scythe Wheel is refunded.","[{""sourceFile"":""skillnames.json""}]"
skill,SkillDescriptions.json,171904,Scythe Wheel,skill:171904:1,cooldownTextUnclassified,evidence,textOnly,medium,false,unknown,Scythe Wheel is refunded,[],false,"[""localizedDescription"",""skillCooldownTable"",""skillDefinition"",""skillTags""]","[""skillCastOrDamageEvent""]","[""runtimeIdBridge""]",true,[],"When you die, Moonblades end immediately and the remaining CD of Scythe Wheel is refunded.","[{""sourceFile"":""skillnames.json""}]"
skill,SkillDescriptions.json,171905,Scythe Wheel,skill:171905:1,cooldownTextUnclassified,evidence,textOnly,medium,false,unknown,Scythe Wheel is refunded,[],false,"[""localizedDescription"",""skillCooldownTable"",""skillDefinition"",""skillTags""]","[""skillCastOrDamageEvent""]","[""runtimeIdBridge""]",true,[],"When you die, Moonblades end immediately and the remaining CD of Scythe Wheel is refunded.","[{""sourceFile"":""skillnames.json""}]"
skill,SkillDescriptions.json,171906,Scythe Wheel,skill:171906:1,cooldownTextUnclassified,evidence,textOnly,medium,false,unknown,Scythe Wheel is refunded,[],false,"[""localizedDescription"",""skillCooldownTable"",""skillDefinition"",""skillTags""]","[""skillCastOrDamageEvent""]","[""runtimeIdBridge""]",true,[],"When you die, Moonblades end immediately and the remaining CD of Scythe Wheel is refunded.","[{""sourceFile"":""skillnames.json""}]"
skill,SkillDescriptions.json,171907,Scythe Wheel,skill:171907:1,cooldownTextUnclassified,evidence,textOnly,medium,false,unknown,Scythe Wheel is refunded,[],false,"[""localizedDescription"",""skillCooldownTable"",""skillDefinition"",""skillTags""]","[""skillCastOrDamageEvent""]","[""runtimeIdBridge""]",true,[],"When you die, Moonblades end immediately and the remaining CD of Scythe Wheel is refunded.","[{""sourceFile"":""skillnames.json""}]"
skill,SkillDescriptions.json,171908,Scythe Wheel,skill:171908:1,cooldownTextUnclassified,evidence,textOnly,medium,false,unknown,Scythe Wheel is refunded,[],false,"[""localizedDescription"",""skillCooldownTable"",""skillDefinition"",""skillTags""]","[""skillCastOrDamageEvent""]","[""runtimeIdBridge""]",true,[],"When you die, Moonblades end immediately and the remaining CD of Scythe Wheel is refunded.","[{""sourceFile"":""skillnames.json""}]"
skill,SkillDescriptions.json,171909,Scythe Wheel,skill:171909:1,cooldownTextUnclassified,evidence,textOnly,medium,false,unknown,Scythe Wheel is refunded,[],false,"[""localizedDescription"",""skillCooldownTable"",""skillDefinition"",""skillTags""]","[""skillCastOrDamageEvent""]","[""runtimeIdBridge""]",true,[],"When you die, Moonblades end immediately and the remaining CD of Scythe Wheel is refunded.","[{""sourceFile"":""skillnames.json""}]"
skill,SkillDescriptions.json,171910,Scythe Wheel,skill:171910:1,cooldownTextUnclassified,evidence,textOnly,medium,false,unknown,Scythe Wheel is refunded,[],false,"[""localizedDescription"",""skillCooldownTable"",""skillDefinition"",""skillTags""]","[""skillCastOrDamageEvent""]","[""runtimeIdBridge""]",true,[],"When you die, Moonblades end immediately and the remaining CD of Scythe Wheel is refunded.","[{""sourceFile"":""skillnames.json""}]"
skill,SkillDescriptions.json,171911,Scythe Wheel,skill:171911:1,cooldownTextUnclassified,evidence,textOnly,medium,false,unknown,Scythe Wheel is refunded,[],false,"[""localizedDescription"",""skillCooldownTable"",""skillDefinition"",""skillTags""]","[""skillCastOrDamageEvent""]","[""runtimeIdBridge""]",true,[],"When you die, Moonblades end immediately and the remaining CD of Scythe Wheel is refunded.","[{""sourceFile"":""skillnames.json""}]"
skill,SkillDescriptions.json,171912,Scythe Wheel,skill:171912:1,cooldownTextUnclassified,evidence,textOnly,medium,false,unknown,Scythe Wheel is refunded,[],false,"[""localizedDescription"",""skillCooldownTable"",""skillDefinition"",""skillTags""]","[""skillCastOrDamageEvent""]","[""runtimeIdBridge""]",true,[],"When you die, Moonblades end immediately and the remaining CD of Scythe Wheel is refunded.","[{""sourceFile"":""skillnames.json""}]"
skill,SkillDescriptions.json,171913,Scythe Wheel,skill:171913:1,cooldownTextUnclassified,evidence,textOnly,medium,false,unknown,Scythe Wheel is refunded,[],false,"[""localizedDescription"",""skillCooldownTable"",""skillDefinition"",""skillTags""]","[""skillCastOrDamageEvent""]","[""runtimeIdBridge""]",true,[],"When you die, Moonblades end immediately and the remaining CD of Scythe Wheel is refunded.","[{""sourceFile"":""skillnames.json""}]"
skill,SkillDescriptions.json,171914,Scythe Wheel,skill:171914:1,cooldownTextUnclassified,evidence,textOnly,medium,false,unknown,Scythe Wheel is refunded,[],false,"[""localizedDescription"",""skillCooldownTable"",""skillDefinition"",""skillTags""]","[""skillCastOrDamageEvent""]","[""runtimeIdBridge""]",true,[],"When you die, Moonblades end immediately and the remaining CD of Scythe Wheel is refunded.","[{""sourceFile"":""skillnames.json""}]"
skill,SkillDescriptions.json,171915,Scythe Wheel,skill:171915:1,cooldownTextUnclassified,evidence,textOnly,medium,false,unknown,Scythe Wheel is refunded,[],false,"[""localizedDescription"",""skillCooldownTable"",""skillDefinition"",""skillTags""]","[""skillCastOrDamageEvent""]","[""runtimeIdBridge""]",true,[],"When you die, Moonblades end immediately and the remaining CD of Scythe Wheel is refunded.","[{""sourceFile"":""skillnames.json""}]"
skill,SkillDescriptions.json,171916,Scythe Wheel,skill:171916:1,cooldownTextUnclassified,evidence,textOnly,medium,false,unknown,Scythe Wheel is refunded,[],false,"[""localizedDescription"",""skillCooldownTable"",""skillDefinition"",""skillTags""]","[""skillCastOrDamageEvent""]","[""runtimeIdBridge""]",true,[],"When you die, Moonblades end immediately and the remaining CD of Scythe Wheel is refunded.","[{""sourceFile"":""skillnames.json""}]"
skill,SkillDescriptions.json,171917,Scythe Wheel,skill:171917:1,cooldownTextUnclassified,evidence,textOnly,medium,false,unknown,Scythe Wheel is refunded,[],false,"[""localizedDescription"",""skillCooldownTable"",""skillDefinition"",""skillTags""]","[""skillCastOrDamageEvent""]","[""runtimeIdBridge""]",true,[],"When you die, Moonblades end immediately and the remaining CD of Scythe Wheel is refunded.","[{""sourceFile"":""skillnames.json""}]"
skill,SkillDescriptions.json,171918,Scythe Wheel,skill:171918:1,cooldownTextUnclassified,evidence,textOnly,medium,false,unknown,Scythe Wheel is refunded,[],false,"[""localizedDescription"",""skillCooldownTable"",""skillDefinition"",""skillTags""]","[""skillCastOrDamageEvent""]","[""runtimeIdBridge""]",true,[],"When you die, Moonblades end immediately and the remaining CD of Scythe Wheel is refunded.","[{""sourceFile"":""skillnames.json""}]"
skill,SkillDescriptions.json,171919,Scythe Wheel,skill:171919:1,cooldownTextUnclassified,evidence,textOnly,medium,false,unknown,Scythe Wheel is refunded,[],false,"[""localizedDescription"",""skillCooldownTable"",""skillDefinition"",""skillTags""]","[""skillCastOrDamageEvent""]","[""runtimeIdBridge""]",true,[],"When you die, Moonblades end immediately and the remaining CD of Scythe Wheel is refunded.","[{""sourceFile"":""skillnames.json""}]"
skill,SkillDescriptions.json,171920,Scythe Wheel,skill:171920:1,cooldownTextUnclassified,evidence,textOnly,medium,false,unknown,Scythe Wheel is refunded,[],false,"[""localizedDescription"",""skillCooldownTable"",""skillDefinition"",""skillTags""]","[""skillCastOrDamageEvent""]","[""runtimeIdBridge""]",true,[],"When you die, Moonblades end immediately and the remaining CD of Scythe Wheel is refunded.","[{""sourceFile"":""skillnames.json""}]"
skill,SkillDescriptions.json,171921,Scythe Wheel,skill:171921:1,cooldownTextUnclassified,evidence,textOnly,medium,false,unknown,Scythe Wheel is refunded,[],false,"[""localizedDescription"",""skillCooldownTable"",""skillDefinition"",""skillTags""]","[""skillCastOrDamageEvent""]","[""runtimeIdBridge""]",true,[],"When you die, Moonblades end immediately and the remaining CD of Scythe Wheel is refunded.","[{""sourceFile"":""skillnames.json""}]"
skill,SkillDescriptions.json,171922,Scythe Wheel,skill:171922:1,cooldownTextUnclassified,evidence,textOnly,medium,false,unknown,Scythe Wheel is refunded,[],false,"[""localizedDescription"",""skillCooldownTable"",""skillDefinition"",""skillTags""]","[""skillCastOrDamageEvent""]","[""runtimeIdBridge""]",true,[],"When you die, Moonblades end immediately and the remaining CD of Scythe Wheel is refunded.","[{""sourceFile"":""skillnames.json""}]"
skill,SkillDescriptions.json,171923,Scythe Wheel,skill:171923:1,cooldownTextUnclassified,evidence,textOnly,medium,false,unknown,Scythe Wheel is refunded,[],false,"[""localizedDescription"",""skillCooldownTable"",""skillDefinition"",""skillTags""]","[""skillCastOrDamageEvent""]","[""runtimeIdBridge""]",true,[],"When you die, Moonblades end immediately and the remaining CD of Scythe Wheel is refunded.","[{""sourceFile"":""skillnames.json""}]"
skill,SkillDescriptions.json,171924,Scythe Wheel,skill:171924:1,cooldownTextUnclassified,evidence,textOnly,medium,false,unknown,Scythe Wheel is refunded,[],false,"[""localizedDescription"",""skillCooldownTable"",""skillDefinition"",""skillTags""]","[""skillCastOrDamageEvent""]","[""runtimeIdBridge""]",true,[],"When you die, Moonblades end immediately and the remaining CD of Scythe Wheel is refunded.","[{""sourceFile"":""skillnames.json""}]"
skill,SkillDescriptions.json,171925,Scythe Wheel,skill:171925:1,cooldownTextUnclassified,evidence,textOnly,medium,false,unknown,Scythe Wheel is refunded,[],false,"[""localizedDescription"",""skillCooldownTable"",""skillDefinition"",""skillTags""]","[""skillCastOrDamageEvent""]","[""runtimeIdBridge""]",true,[],"When you die, Moonblades end immediately and the remaining CD of Scythe Wheel is refunded.","[{""sourceFile"":""skillnames.json""}]"
skill,SkillDescriptions.json,171926,Scythe Wheel,skill:171926:1,cooldownTextUnclassified,evidence,textOnly,medium,false,unknown,Scythe Wheel is refunded,[],false,"[""localizedDescription"",""skillCooldownTable"",""skillDefinition"",""skillTags""]","[""skillCastOrDamageEvent""]","[""runtimeIdBridge""]",true,[],"When you die, Moonblades end immediately and the remaining CD of Scythe Wheel is refunded.","[{""sourceFile"":""skillnames.json""}]"
skill,SkillDescriptions.json,171927,Scythe Wheel,skill:171927:1,cooldownTextUnclassified,evidence,textOnly,medium,false,unknown,Scythe Wheel is refunded,[],false,"[""localizedDescription"",""skillCooldownTable"",""skillDefinition"",""skillTags""]","[""skillCastOrDamageEvent""]","[""runtimeIdBridge""]",true,[],"When you die, Moonblades end immediately and the remaining CD of Scythe Wheel is refunded.","[{""sourceFile"":""skillnames.json""}]"
skill,SkillDescriptions.json,171928,Scythe Wheel,skill:171928:1,cooldownTextUnclassified,evidence,textOnly,medium,false,unknown,Scythe Wheel is refunded,[],false,"[""localizedDescription"",""skillCooldownTable"",""skillDefinition"",""skillTags""]","[""skillCastOrDamageEvent""]","[""runtimeIdBridge""]",true,[],"When you die, Moonblades end immediately and the remaining CD of Scythe Wheel is refunded.","[{""sourceFile"":""skillnames.json""}]"
skill,SkillDescriptions.json,171929,Scythe Wheel,skill:171929:1,cooldownTextUnclassified,evidence,textOnly,medium,false,unknown,Scythe Wheel is refunded,[],false,"[""localizedDescription"",""skillCooldownTable"",""skillDefinition"",""skillTags""]","[""skillCastOrDamageEvent""]","[""runtimeIdBridge""]",true,[],"When you die, Moonblades end immediately and the remaining CD of Scythe Wheel is refunded.","[{""sourceFile"":""skillnames.json""}]"
skill,SkillDescriptions.json,171930,Scythe Wheel,skill:171930:1,cooldownTextUnclassified,evidence,textOnly,medium,false,unknown,Scythe Wheel is refunded,[],false,"[""localizedDescription"",""skillCooldownTable"",""skillDefinition"",""skillTags""]","[""skillCastOrDamageEvent""]","[""runtimeIdBridge""]",true,[],"When you die, Moonblades end immediately and the remaining CD of Scythe Wheel is refunded.","[{""sourceFile"":""skillnames.json""}]"
skill,SkillDescriptions.json,172001,True Sight,skill:172001:1,cooldownTextUnclassified,evidence,textOnly,medium,false,unknown,,[],false,"[""localizedDescription"",""skillCooldownTable"",""skillDefinition"",""skillTags""]","[""damageEvent"",""skillCastEvent"",""skillCastOrDamageEvent""]","[""runtimeIdBridge""]",true,[],"Recast to dash forward and slash, dealing Attack Damage.","[{""sourceFile"":""skillnames.json""}]"
skill,SkillDescriptions.json,172002,True Sight,skill:172002:1,cooldownTextUnclassified,evidence,textOnly,medium,false,unknown,,[],false,"[""localizedDescription"",""skillCooldownTable"",""skillDefinition"",""skillTags""]","[""damageEvent"",""skillCastEvent"",""skillCastOrDamageEvent""]","[""runtimeIdBridge""]",true,[],"Recast to dash forward and slash, dealing Attack Damage.","[{""sourceFile"":""skillnames.json""}]"
skill,SkillDescriptions.json,172003,True Sight,skill:172003:1,cooldownTextUnclassified,evidence,textOnly,medium,false,unknown,,[],false,"[""localizedDescription"",""skillCooldownTable"",""skillDefinition"",""skillTags""]","[""damageEvent"",""skillCastEvent"",""skillCastOrDamageEvent""]","[""runtimeIdBridge""]",true,[],"Recast to dash forward and slash, dealing Attack Damage.","[{""sourceFile"":""skillnames.json""}]"
skill,SkillDescriptions.json,172004,True Sight,skill:172004:1,cooldownTextUnclassified,evidence,textOnly,medium,false,unknown,,[],false,"[""localizedDescription"",""skillCooldownTable"",""skillDefinition"",""skillTags""]","[""damageEvent"",""skillCastEvent"",""skillCastOrDamageEvent""]","[""runtimeIdBridge""]",true,[],"Recast to dash forward and slash, dealing Attack Damage.","[{""sourceFile"":""skillnames.json""}]"
skill,SkillDescriptions.json,172005,True Sight,skill:172005:1,cooldownTextUnclassified,evidence,textOnly,medium,false,unknown,,[],false,"[""localizedDescription"",""skillCooldownTable"",""skillDefinition"",""skillTags""]","[""damageEvent"",""skillCastEvent"",""skillCastOrDamageEvent""]","[""runtimeIdBridge""]",true,[],"Recast to dash forward and slash, dealing Attack Damage.","[{""sourceFile"":""skillnames.json""}]"
skill,SkillDescriptions.json,172006,True Sight,skill:172006:1,cooldownTextUnclassified,evidence,textOnly,medium,false,unknown,,[],false,"[""localizedDescription"",""skillCooldownTable"",""skillDefinition"",""skillTags""]","[""damageEvent"",""skillCastEvent"",""skillCastOrDamageEvent""]","[""runtimeIdBridge""]",true,[],"Recast to dash forward and slash, dealing Attack Damage.","[{""sourceFile"":""skillnames.json""}]"
skill,SkillDescriptions.json,172007,True Sight,skill:172007:1,cooldownTextUnclassified,evidence,textOnly,medium,false,unknown,,[],false,"[""localizedDescription"",""skillCooldownTable"",""skillDefinition"",""skillTags""]","[""damageEvent"",""skillCastEvent"",""skillCastOrDamageEvent""]","[""runtimeIdBridge""]",true,[],"Recast to dash forward and slash, dealing Attack Damage.","[{""sourceFile"":""skillnames.json""}]"
skill,SkillDescriptions.json,172008,True Sight,skill:172008:1,cooldownTextUnclassified,evidence,textOnly,medium,false,unknown,,[],false,"[""localizedDescription"",""skillCooldownTable"",""skillDefinition"",""skillTags""]","[""damageEvent"",""skillCastEvent"",""skillCastOrDamageEvent""]","[""runtimeIdBridge""]",true,[],"Recast to dash forward and slash, dealing Attack Damage.","[{""sourceFile"":""skillnames.json""}]"
skill,SkillDescriptions.json,172009,True Sight,skill:172009:1,cooldownTextUnclassified,evidence,textOnly,medium,false,unknown,,[],false,"[""localizedDescription"",""skillCooldownTable"",""skillDefinition"",""skillTags""]","[""damageEvent"",""skillCastEvent"",""skillCastOrDamageEvent""]","[""runtimeIdBridge""]",true,[],"Recast to dash forward and slash, dealing Attack Damage.","[{""sourceFile"":""skillnames.json""}]"
skill,SkillDescriptions.json,172010,True Sight,skill:172010:1,cooldownTextUnclassified,evidence,textOnly,medium,false,unknown,,[],false,"[""localizedDescription"",""skillCooldownTable"",""skillDefinition"",""skillTags""]","[""damageEvent"",""skillCastEvent"",""skillCastOrDamageEvent""]","[""runtimeIdBridge""]",true,[],"Recast to dash forward and slash, dealing Attack Damage.","[{""sourceFile"":""skillnames.json""}]"
skill,SkillDescriptions.json,172011,True Sight,skill:172011:1,cooldownTextUnclassified,evidence,textOnly,medium,false,unknown,,[],false,"[""localizedDescription"",""skillCooldownTable"",""skillDefinition"",""skillTags""]","[""damageEvent"",""skillCastEvent"",""skillCastOrDamageEvent""]","[""runtimeIdBridge""]",true,[],"Recast to dash forward and slash, dealing Attack Damage.","[{""sourceFile"":""skillnames.json""}]"
skill,SkillDescriptions.json,172012,True Sight,skill:172012:1,cooldownTextUnclassified,evidence,textOnly,medium,false,unknown,,[],false,"[""localizedDescription"",""skillCooldownTable"",""skillDefinition"",""skillTags""]","[""damageEvent"",""skillCastEvent"",""skillCastOrDamageEvent""]","[""runtimeIdBridge""]",true,[],"Recast to dash forward and slash, dealing Attack Damage.","[{""sourceFile"":""skillnames.json""}]"
skill,SkillDescriptions.json,172013,True Sight,skill:172013:1,cooldownTextUnclassified,evidence,textOnly,medium,false,unknown,,[],false,"[""localizedDescription"",""skillCooldownTable"",""skillDefinition"",""skillTags""]","[""damageEvent"",""skillCastEvent"",""skillCastOrDamageEvent""]","[""runtimeIdBridge""]",true,[],"Recast to dash forward and slash, dealing Attack Damage.","[{""sourceFile"":""skillnames.json""}]"
skill,SkillDescriptions.json,172014,True Sight,skill:172014:1,cooldownTextUnclassified,evidence,textOnly,medium,false,unknown,,[],false,"[""localizedDescription"",""skillCooldownTable"",""skillDefinition"",""skillTags""]","[""damageEvent"",""skillCastEvent"",""skillCastOrDamageEvent""]","[""runtimeIdBridge""]",true,[],"Recast to dash forward and slash, dealing Attack Damage.","[{""sourceFile"":""skillnames.json""}]"
skill,SkillDescriptions.json,172015,True Sight,skill:172015:1,cooldownTextUnclassified,evidence,textOnly,medium,false,unknown,,[],false,"[""localizedDescription"",""skillCooldownTable"",""skillDefinition"",""skillTags""]","[""damageEvent"",""skillCastEvent"",""skillCastOrDamageEvent""]","[""runtimeIdBridge""]",true,[],"Recast to dash forward and slash, dealing Attack Damage.","[{""sourceFile"":""skillnames.json""}]"
skill,SkillDescriptions.json,172016,True Sight,skill:172016:1,cooldownTextUnclassified,evidence,textOnly,medium,false,unknown,,[],false,"[""localizedDescription"",""skillCooldownTable"",""skillDefinition"",""skillTags""]","[""damageEvent"",""skillCastEvent"",""skillCastOrDamageEvent""]","[""runtimeIdBridge""]",true,[],"Recast to dash forward and slash, dealing Attack Damage.","[{""sourceFile"":""skillnames.json""}]"
skill,SkillDescriptions.json,172017,True Sight,skill:172017:1,cooldownTextUnclassified,evidence,textOnly,medium,false,unknown,,[],false,"[""localizedDescription"",""skillCooldownTable"",""skillDefinition"",""skillTags""]","[""damageEvent"",""skillCastEvent"",""skillCastOrDamageEvent""]","[""runtimeIdBridge""]",true,[],"Recast to dash forward and slash, dealing Attack Damage.","[{""sourceFile"":""skillnames.json""}]"
skill,SkillDescriptions.json,172018,True Sight,skill:172018:1,cooldownTextUnclassified,evidence,textOnly,medium,false,unknown,,[],false,"[""localizedDescription"",""skillCooldownTable"",""skillDefinition"",""skillTags""]","[""damageEvent"",""skillCastEvent"",""skillCastOrDamageEvent""]","[""runtimeIdBridge""]",true,[],"Recast to dash forward and slash, dealing Attack Damage.","[{""sourceFile"":""skillnames.json""}]"
skill,SkillDescriptions.json,172019,True Sight,skill:172019:1,cooldownTextUnclassified,evidence,textOnly,medium,false,unknown,,[],false,"[""localizedDescription"",""skillCooldownTable"",""skillDefinition"",""skillTags""]","[""damageEvent"",""skillCastEvent"",""skillCastOrDamageEvent""]","[""runtimeIdBridge""]",true,[],"Recast to dash forward and slash, dealing Attack Damage.","[{""sourceFile"":""skillnames.json""}]"
skill,SkillDescriptions.json,172020,True Sight,skill:172020:1,cooldownTextUnclassified,evidence,textOnly,medium,false,unknown,,[],false,"[""localizedDescription"",""skillCooldownTable"",""skillDefinition"",""skillTags""]","[""damageEvent"",""skillCastEvent"",""skillCastOrDamageEvent""]","[""runtimeIdBridge""]",true,[],"Recast to dash forward and slash, dealing Attack Damage.","[{""sourceFile"":""skillnames.json""}]"
skill,SkillDescriptions.json,172021,True Sight,skill:172021:1,cooldownTextUnclassified,evidence,textOnly,medium,false,unknown,,[],false,"[""localizedDescription"",""skillCooldownTable"",""skillDefinition"",""skillTags""]","[""damageEvent"",""skillCastEvent"",""skillCastOrDamageEvent""]","[""runtimeIdBridge""]",true,[],"Recast to dash forward and slash, dealing Attack Damage.","[{""sourceFile"":""skillnames.json""}]"
skill,SkillDescriptions.json,172022,True Sight,skill:172022:1,cooldownTextUnclassified,evidence,textOnly,medium,false,unknown,,[],false,"[""localizedDescription"",""skillCooldownTable"",""skillDefinition"",""skillTags""]","[""damageEvent"",""skillCastEvent"",""skillCastOrDamageEvent""]","[""runtimeIdBridge""]",true,[],"Recast to dash forward and slash, dealing Attack Damage.","[{""sourceFile"":""skillnames.json""}]"
skill,SkillDescriptions.json,172023,True Sight,skill:172023:1,cooldownTextUnclassified,evidence,textOnly,medium,false,unknown,,[],false,"[""localizedDescription"",""skillCooldownTable"",""skillDefinition"",""skillTags""]","[""damageEvent"",""skillCastEvent"",""skillCastOrDamageEvent""]","[""runtimeIdBridge""]",true,[],"Recast to dash forward and slash, dealing Attack Damage.","[{""sourceFile"":""skillnames.json""}]"
skill,SkillDescriptions.json,172024,True Sight,skill:172024:1,cooldownTextUnclassified,evidence,textOnly,medium,false,unknown,,[],false,"[""localizedDescription"",""skillCooldownTable"",""skillDefinition"",""skillTags""]","[""damageEvent"",""skillCastEvent"",""skillCastOrDamageEvent""]","[""runtimeIdBridge""]",true,[],"Recast to dash forward and slash, dealing Attack Damage.","[{""sourceFile"":""skillnames.json""}]"
skill,SkillDescriptions.json,172025,True Sight,skill:172025:1,cooldownTextUnclassified,evidence,textOnly,medium,false,unknown,,[],false,"[""localizedDescription"",""skillCooldownTable"",""skillDefinition"",""skillTags""]","[""damageEvent"",""skillCastEvent"",""skillCastOrDamageEvent""]","[""runtimeIdBridge""]",true,[],"Recast to dash forward and slash, dealing Attack Damage.","[{""sourceFile"":""skillnames.json""}]"
skill,SkillDescriptions.json,172026,True Sight,skill:172026:1,cooldownTextUnclassified,evidence,textOnly,medium,false,unknown,,[],false,"[""localizedDescription"",""skillCooldownTable"",""skillDefinition"",""skillTags""]","[""damageEvent"",""skillCastEvent"",""skillCastOrDamageEvent""]","[""runtimeIdBridge""]",true,[],"Recast to dash forward and slash, dealing Attack Damage.","[{""sourceFile"":""skillnames.json""}]"
skill,SkillDescriptions.json,172027,True Sight,skill:172027:1,cooldownTextUnclassified,evidence,textOnly,medium,false,unknown,,[],false,"[""localizedDescription"",""skillCooldownTable"",""skillDefinition"",""skillTags""]","[""damageEvent"",""skillCastEvent"",""skillCastOrDamageEvent""]","[""runtimeIdBridge""]",true,[],"Recast to dash forward and slash, dealing Attack Damage.","[{""sourceFile"":""skillnames.json""}]"
skill,SkillDescriptions.json,172028,True Sight,skill:172028:1,cooldownTextUnclassified,evidence,textOnly,medium,false,unknown,,[],false,"[""localizedDescription"",""skillCooldownTable"",""skillDefinition"",""skillTags""]","[""damageEvent"",""skillCastEvent"",""skillCastOrDamageEvent""]","[""runtimeIdBridge""]",true,[],"Recast to dash forward and slash, dealing Attack Damage.","[{""sourceFile"":""skillnames.json""}]"
skill,SkillDescriptions.json,172029,True Sight,skill:172029:1,cooldownTextUnclassified,evidence,textOnly,medium,false,unknown,,[],false,"[""localizedDescription"",""skillCooldownTable"",""skillDefinition"",""skillTags""]","[""damageEvent"",""skillCastEvent"",""skillCastOrDamageEvent""]","[""runtimeIdBridge""]",true,[],"Recast to dash forward and slash, dealing Attack Damage.","[{""sourceFile"":""skillnames.json""}]"
skill,SkillDescriptions.json,172030,True Sight,skill:172030:1,cooldownTextUnclassified,evidence,textOnly,medium,false,unknown,,[],false,"[""localizedDescription"",""skillCooldownTable"",""skillDefinition"",""skillTags""]","[""damageEvent"",""skillCastEvent"",""skillCastOrDamageEvent""]","[""runtimeIdBridge""]",true,[],"Recast to dash forward and slash, dealing Attack Damage.","[{""sourceFile"":""skillnames.json""}]"
skill,SkillDescriptions.json,172401,Thundercut,skill:172401:1,cooldownTextUnclassified,evidence,textOnly,medium,false,unknown,,[],false,"[""localizedDescription"",""skillCooldownTable"",""skillDefinition"",""skillTags""]","[""killEvent"",""skillCastEvent"",""skillCastOrDamageEvent""]","[""runtimeIdBridge""]",true,[],"If Blade Intent remains after the strike, the skill can be recast.","[{""sourceFile"":""skillnames.json""}]"
skill,SkillDescriptions.json,172402,Thundercut,skill:172402:1,cooldownTextUnclassified,evidence,textOnly,medium,false,unknown,,[],false,"[""localizedDescription"",""skillCooldownTable"",""skillDefinition"",""skillTags""]","[""killEvent"",""skillCastEvent"",""skillCastOrDamageEvent""]","[""runtimeIdBridge""]",true,[],"If Blade Intent remains after the strike, the skill can be recast.","[{""sourceFile"":""skillnames.json""}]"
skill,SkillDescriptions.json,172403,Thundercut,skill:172403:1,cooldownTextUnclassified,evidence,textOnly,medium,false,unknown,,[],false,"[""localizedDescription"",""skillCooldownTable"",""skillDefinition"",""skillTags""]","[""killEvent"",""skillCastEvent"",""skillCastOrDamageEvent""]","[""runtimeIdBridge""]",true,[],"If Blade Intent remains after the strike, the skill can be recast.","[{""sourceFile"":""skillnames.json""}]"
skill,SkillDescriptions.json,172404,Thundercut,skill:172404:1,cooldownTextUnclassified,evidence,textOnly,medium,false,unknown,,[],false,"[""localizedDescription"",""skillCooldownTable"",""skillDefinition"",""skillTags""]","[""killEvent"",""skillCastEvent"",""skillCastOrDamageEvent""]","[""runtimeIdBridge""]",true,[],"If Blade Intent remains after the strike, the skill can be recast.","[{""sourceFile"":""skillnames.json""}]"
skill,SkillDescriptions.json,172405,Thundercut,skill:172405:1,cooldownTextUnclassified,evidence,textOnly,medium,false,unknown,,[],false,"[""localizedDescription"",""skillCooldownTable"",""skillDefinition"",""skillTags""]","[""killEvent"",""skillCastEvent"",""skillCastOrDamageEvent""]","[""runtimeIdBridge""]",true,[],"If Blade Intent remains after the strike, the skill can be recast.","[{""sourceFile"":""skillnames.json""}]"
skill,SkillDescriptions.json,172406,Thundercut,skill:172406:1,cooldownTextUnclassified,evidence,textOnly,medium,false,unknown,,[],false,"[""localizedDescription"",""skillCooldownTable"",""skillDefinition"",""skillTags""]","[""killEvent"",""skillCastEvent"",""skillCastOrDamageEvent""]","[""runtimeIdBridge""]",true,[],"If Blade Intent remains after the strike, the skill can be recast.","[{""sourceFile"":""skillnames.json""}]"
skill,SkillDescriptions.json,172407,Thundercut,skill:172407:1,cooldownTextUnclassified,evidence,textOnly,medium,false,unknown,,[],false,"[""localizedDescription"",""skillCooldownTable"",""skillDefinition"",""skillTags""]","[""killEvent"",""skillCastEvent"",""skillCastOrDamageEvent""]","[""runtimeIdBridge""]",true,[],"If Blade Intent remains after the strike, the skill can be recast.","[{""sourceFile"":""skillnames.json""}]"
skill,SkillDescriptions.json,172408,Thundercut,skill:172408:1,cooldownTextUnclassified,evidence,textOnly,medium,false,unknown,,[],false,"[""localizedDescription"",""skillCooldownTable"",""skillDefinition"",""skillTags""]","[""killEvent"",""skillCastEvent"",""skillCastOrDamageEvent""]","[""runtimeIdBridge""]",true,[],"If Blade Intent remains after the strike, the skill can be recast.","[{""sourceFile"":""skillnames.json""}]"
skill,SkillDescriptions.json,172409,Thundercut,skill:172409:1,cooldownTextUnclassified,evidence,textOnly,medium,false,unknown,,[],false,"[""localizedDescription"",""skillCooldownTable"",""skillDefinition"",""skillTags""]","[""killEvent"",""skillCastEvent"",""skillCastOrDamageEvent""]","[""runtimeIdBridge""]",true,[],"If Blade Intent remains after the strike, the skill can be recast.","[{""sourceFile"":""skillnames.json""}]"
skill,SkillDescriptions.json,172410,Thundercut,skill:172410:1,cooldownTextUnclassified,evidence,textOnly,medium,false,unknown,,[],false,"[""localizedDescription"",""skillCooldownTable"",""skillDefinition"",""skillTags""]","[""killEvent"",""skillCastEvent"",""skillCastOrDamageEvent""]","[""runtimeIdBridge""]",true,[],"If Blade Intent remains after the strike, the skill can be recast.","[{""sourceFile"":""skillnames.json""}]"
skill,SkillDescriptions.json,172411,Thundercut,skill:172411:1,cooldownTextUnclassified,evidence,textOnly,medium,false,unknown,,[],false,"[""localizedDescription"",""skillCooldownTable"",""skillDefinition"",""skillTags""]","[""killEvent"",""skillCastEvent"",""skillCastOrDamageEvent""]","[""runtimeIdBridge""]",true,[],"If Blade Intent remains after the strike, the skill can be recast.","[{""sourceFile"":""skillnames.json""}]"
skill,SkillDescriptions.json,172412,Thundercut,skill:172412:1,cooldownTextUnclassified,evidence,textOnly,medium,false,unknown,,[],false,"[""localizedDescription"",""skillCooldownTable"",""skillDefinition"",""skillTags""]","[""killEvent"",""skillCastEvent"",""skillCastOrDamageEvent""]","[""runtimeIdBridge""]",true,[],"If Blade Intent remains after the strike, the skill can be recast.","[{""sourceFile"":""skillnames.json""}]"
skill,SkillDescriptions.json,172413,Thundercut,skill:172413:1,cooldownTextUnclassified,evidence,textOnly,medium,false,unknown,,[],false,"[""localizedDescription"",""skillCooldownTable"",""skillDefinition"",""skillTags""]","[""killEvent"",""skillCastEvent"",""skillCastOrDamageEvent""]","[""runtimeIdBridge""]",true,[],"If Blade Intent remains after the strike, the skill can be recast.","[{""sourceFile"":""skillnames.json""}]"
skill,SkillDescriptions.json,172414,Thundercut,skill:172414:1,cooldownTextUnclassified,evidence,textOnly,medium,false,unknown,,[],false,"[""localizedDescription"",""skillCooldownTable"",""skillDefinition"",""skillTags""]","[""killEvent"",""skillCastEvent"",""skillCastOrDamageEvent""]","[""runtimeIdBridge""]",true,[],"If Blade Intent remains after the strike, the skill can be recast.","[{""sourceFile"":""skillnames.json""}]"
skill,SkillDescriptions.json,172415,Thundercut,skill:172415:1,cooldownTextUnclassified,evidence,textOnly,medium,false,unknown,,[],false,"[""localizedDescription"",""skillCooldownTable"",""skillDefinition"",""skillTags""]","[""killEvent"",""skillCastEvent"",""skillCastOrDamageEvent""]","[""runtimeIdBridge""]",true,[],"If Blade Intent remains after the strike, the skill can be recast.","[{""sourceFile"":""skillnames.json""}]"
skill,SkillDescriptions.json,172416,Thundercut,skill:172416:1,cooldownTextUnclassified,evidence,textOnly,medium,false,unknown,,[],false,"[""localizedDescription"",""skillCooldownTable"",""skillDefinition"",""skillTags""]","[""killEvent"",""skillCastEvent"",""skillCastOrDamageEvent""]","[""runtimeIdBridge""]",true,[],"If Blade Intent remains after the strike, the skill can be recast.","[{""sourceFile"":""skillnames.json""}]"
skill,SkillDescriptions.json,172417,Thundercut,skill:172417:1,cooldownTextUnclassified,evidence,textOnly,medium,false,unknown,,[],false,"[""localizedDescription"",""skillCooldownTable"",""skillDefinition"",""skillTags""]","[""killEvent"",""skillCastEvent"",""skillCastOrDamageEvent""]","[""runtimeIdBridge""]",true,[],"If Blade Intent remains after the strike, the skill can be recast.","[{""sourceFile"":""skillnames.json""}]"
skill,SkillDescriptions.json,172418,Thundercut,skill:172418:1,cooldownTextUnclassified,evidence,textOnly,medium,false,unknown,,[],false,"[""localizedDescription"",""skillCooldownTable"",""skillDefinition"",""skillTags""]","[""killEvent"",""skillCastEvent"",""skillCastOrDamageEvent""]","[""runtimeIdBridge""]",true,[],"If Blade Intent remains after the strike, the skill can be recast.","[{""sourceFile"":""skillnames.json""}]"
skill,SkillDescriptions.json,172419,Thundercut,skill:172419:1,cooldownTextUnclassified,evidence,textOnly,medium,false,unknown,,[],false,"[""localizedDescription"",""skillCooldownTable"",""skillDefinition"",""skillTags""]","[""killEvent"",""skillCastEvent"",""skillCastOrDamageEvent""]","[""runtimeIdBridge""]",true,[],"If Blade Intent remains after the strike, the skill can be recast.","[{""sourceFile"":""skillnames.json""}]"
skill,SkillDescriptions.json,172420,Thundercut,skill:172420:1,cooldownTextUnclassified,evidence,textOnly,medium,false,unknown,,[],false,"[""localizedDescription"",""skillCooldownTable"",""skillDefinition"",""skillTags""]","[""killEvent"",""skillCastEvent"",""skillCastOrDamageEvent""]","[""runtimeIdBridge""]",true,[],"If Blade Intent remains after the strike, the skill can be recast.","[{""sourceFile"":""skillnames.json""}]"
skill,SkillDescriptions.json,172421,Thundercut,skill:172421:1,cooldownTextUnclassified,evidence,textOnly,medium,false,unknown,,[],false,"[""localizedDescription"",""skillCooldownTable"",""skillDefinition"",""skillTags""]","[""killEvent"",""skillCastEvent"",""skillCastOrDamageEvent""]","[""runtimeIdBridge""]",true,[],"If Blade Intent remains after the strike, the skill can be recast.","[{""sourceFile"":""skillnames.json""}]"
skill,SkillDescriptions.json,172422,Thundercut,skill:172422:1,cooldownTextUnclassified,evidence,textOnly,medium,false,unknown,,[],false,"[""localizedDescription"",""skillCooldownTable"",""skillDefinition"",""skillTags""]","[""killEvent"",""skillCastEvent"",""skillCastOrDamageEvent""]","[""runtimeIdBridge""]",true,[],"If Blade Intent remains after the strike, the skill can be recast.","[{""sourceFile"":""skillnames.json""}]"
skill,SkillDescriptions.json,172423,Thundercut,skill:172423:1,cooldownTextUnclassified,evidence,textOnly,medium,false,unknown,,[],false,"[""localizedDescription"",""skillCooldownTable"",""skillDefinition"",""skillTags""]","[""killEvent"",""skillCastEvent"",""skillCastOrDamageEvent""]","[""runtimeIdBridge""]",true,[],"If Blade Intent remains after the strike, the skill can be recast.","[{""sourceFile"":""skillnames.json""}]"
skill,SkillDescriptions.json,172424,Thundercut,skill:172424:1,cooldownTextUnclassified,evidence,textOnly,medium,false,unknown,,[],false,"[""localizedDescription"",""skillCooldownTable"",""skillDefinition"",""skillTags""]","[""killEvent"",""skillCastEvent"",""skillCastOrDamageEvent""]","[""runtimeIdBridge""]",true,[],"If Blade Intent remains after the strike, the skill can be recast.","[{""sourceFile"":""skillnames.json""}]"
skill,SkillDescriptions.json,172425,Thundercut,skill:172425:1,cooldownTextUnclassified,evidence,textOnly,medium,false,unknown,,[],false,"[""localizedDescription"",""skillCooldownTable"",""skillDefinition"",""skillTags""]","[""killEvent"",""skillCastEvent"",""skillCastOrDamageEvent""]","[""runtimeIdBridge""]",true,[],"If Blade Intent remains after the strike, the skill can be recast.","[{""sourceFile"":""skillnames.json""}]"
skill,SkillDescriptions.json,172426,Thundercut,skill:172426:1,cooldownTextUnclassified,evidence,textOnly,medium,false,unknown,,[],false,"[""localizedDescription"",""skillCooldownTable"",""skillDefinition"",""skillTags""]","[""killEvent"",""skillCastEvent"",""skillCastOrDamageEvent""]","[""runtimeIdBridge""]",true,[],"If Blade Intent remains after the strike, the skill can be recast.","[{""sourceFile"":""skillnames.json""}]"
skill,SkillDescriptions.json,172427,Thundercut,skill:172427:1,cooldownTextUnclassified,evidence,textOnly,medium,false,unknown,,[],false,"[""localizedDescription"",""skillCooldownTable"",""skillDefinition"",""skillTags""]","[""killEvent"",""skillCastEvent"",""skillCastOrDamageEvent""]","[""runtimeIdBridge""]",true,[],"If Blade Intent remains after the strike, the skill can be recast.","[{""sourceFile"":""skillnames.json""}]"
skill,SkillDescriptions.json,172428,Thundercut,skill:172428:1,cooldownTextUnclassified,evidence,textOnly,medium,false,unknown,,[],false,"[""localizedDescription"",""skillCooldownTable"",""skillDefinition"",""skillTags""]","[""killEvent"",""skillCastEvent"",""skillCastOrDamageEvent""]","[""runtimeIdBridge""]",true,[],"If Blade Intent remains after the strike, the skill can be recast.","[{""sourceFile"":""skillnames.json""}]"
skill,SkillDescriptions.json,172429,Thundercut,skill:172429:1,cooldownTextUnclassified,evidence,textOnly,medium,false,unknown,,[],false,"[""localizedDescription"",""skillCooldownTable"",""skillDefinition"",""skillTags""]","[""killEvent"",""skillCastEvent"",""skillCastOrDamageEvent""]","[""runtimeIdBridge""]",true,[],"If Blade Intent remains after the strike, the skill can be recast.","[{""sourceFile"":""skillnames.json""}]"
skill,SkillDescriptions.json,172430,Thundercut,skill:172430:1,cooldownTextUnclassified,evidence,textOnly,medium,false,unknown,,[],false,"[""localizedDescription"",""skillCooldownTable"",""skillDefinition"",""skillTags""]","[""killEvent"",""skillCastEvent"",""skillCastOrDamageEvent""]","[""runtimeIdBridge""]",true,[],"If Blade Intent remains after the strike, the skill can be recast.","[{""sourceFile"":""skillnames.json""}]"
skill,SkillDescriptions.json,172501,Thundercut,skill:172501:1,cooldownTextUnclassified,evidence,textOnly,medium,false,unknown,,[],false,"[""localizedDescription"",""skillCooldownTable"",""skillDefinition"",""skillTags""]","[""killEvent"",""skillCastEvent"",""skillCastOrDamageEvent""]","[""runtimeIdBridge""]",true,[],"If Blade Intent remains after the strike, the skill can be recast.","[{""sourceFile"":""skillnames.json""}]"
skill,SkillDescriptions.json,172502,Thundercut,skill:172502:1,cooldownTextUnclassified,evidence,textOnly,medium,false,unknown,,[],false,"[""localizedDescription"",""skillCooldownTable"",""skillDefinition"",""skillTags""]","[""killEvent"",""skillCastEvent"",""skillCastOrDamageEvent""]","[""runtimeIdBridge""]",true,[],"If Blade Intent remains after the strike, the skill can be recast.","[{""sourceFile"":""skillnames.json""}]"
skill,SkillDescriptions.json,172503,Thundercut,skill:172503:1,cooldownTextUnclassified,evidence,textOnly,medium,false,unknown,,[],false,"[""localizedDescription"",""skillCooldownTable"",""skillDefinition"",""skillTags""]","[""killEvent"",""skillCastEvent"",""skillCastOrDamageEvent""]","[""runtimeIdBridge""]",true,[],"If Blade Intent remains after the strike, the skill can be recast.","[{""sourceFile"":""skillnames.json""}]"
skill,SkillDescriptions.json,172504,Thundercut,skill:172504:1,cooldownTextUnclassified,evidence,textOnly,medium,false,unknown,,[],false,"[""localizedDescription"",""skillCooldownTable"",""skillDefinition"",""skillTags""]","[""killEvent"",""skillCastEvent"",""skillCastOrDamageEvent""]","[""runtimeIdBridge""]",true,[],"If Blade Intent remains after the strike, the skill can be recast.","[{""sourceFile"":""skillnames.json""}]"
skill,SkillDescriptions.json,172505,Thundercut,skill:172505:1,cooldownTextUnclassified,evidence,textOnly,medium,false,unknown,,[],false,"[""localizedDescription"",""skillCooldownTable"",""skillDefinition"",""skillTags""]","[""killEvent"",""skillCastEvent"",""skillCastOrDamageEvent""]","[""runtimeIdBridge""]",true,[],"If Blade Intent remains after the strike, the skill can be recast.","[{""sourceFile"":""skillnames.json""}]"
skill,SkillDescriptions.json,172506,Thundercut,skill:172506:1,cooldownTextUnclassified,evidence,textOnly,medium,false,unknown,,[],false,"[""localizedDescription"",""skillCooldownTable"",""skillDefinition"",""skillTags""]","[""killEvent"",""skillCastEvent"",""skillCastOrDamageEvent""]","[""runtimeIdBridge""]",true,[],"If Blade Intent remains after the strike, the skill can be recast.","[{""sourceFile"":""skillnames.json""}]"
skill,SkillDescriptions.json,172507,Thundercut,skill:172507:1,cooldownTextUnclassified,evidence,textOnly,medium,false,unknown,,[],false,"[""localizedDescription"",""skillCooldownTable"",""skillDefinition"",""skillTags""]","[""killEvent"",""skillCastEvent"",""skillCastOrDamageEvent""]","[""runtimeIdBridge""]",true,[],"If Blade Intent remains after the strike, the skill can be recast.","[{""sourceFile"":""skillnames.json""}]"
skill,SkillDescriptions.json,172508,Thundercut,skill:172508:1,cooldownTextUnclassified,evidence,textOnly,medium,false,unknown,,[],false,"[""localizedDescription"",""skillCooldownTable"",""skillDefinition"",""skillTags""]","[""killEvent"",""skillCastEvent"",""skillCastOrDamageEvent""]","[""runtimeIdBridge""]",true,[],"If Blade Intent remains after the strike, the skill can be recast.","[{""sourceFile"":""skillnames.json""}]"
skill,SkillDescriptions.json,172509,Thundercut,skill:172509:1,cooldownTextUnclassified,evidence,textOnly,medium,false,unknown,,[],false,"[""localizedDescription"",""skillCooldownTable"",""skillDefinition"",""skillTags""]","[""killEvent"",""skillCastEvent"",""skillCastOrDamageEvent""]","[""runtimeIdBridge""]",true,[],"If Blade Intent remains after the strike, the skill can be recast.","[{""sourceFile"":""skillnames.json""}]"
skill,SkillDescriptions.json,172510,Thundercut,skill:172510:1,cooldownTextUnclassified,evidence,textOnly,medium,false,unknown,,[],false,"[""localizedDescription"",""skillCooldownTable"",""skillDefinition"",""skillTags""]","[""killEvent"",""skillCastEvent"",""skillCastOrDamageEvent""]","[""runtimeIdBridge""]",true,[],"If Blade Intent remains after the strike, the skill can be recast.","[{""sourceFile"":""skillnames.json""}]"
skill,SkillDescriptions.json,172511,Thundercut,skill:172511:1,cooldownTextUnclassified,evidence,textOnly,medium,false,unknown,,[],false,"[""localizedDescription"",""skillCooldownTable"",""skillDefinition"",""skillTags""]","[""killEvent"",""skillCastEvent"",""skillCastOrDamageEvent""]","[""runtimeIdBridge""]",true,[],"If Blade Intent remains after the strike, the skill can be recast.","[{""sourceFile"":""skillnames.json""}]"
skill,SkillDescriptions.json,172512,Thundercut,skill:172512:1,cooldownTextUnclassified,evidence,textOnly,medium,false,unknown,,[],false,"[""localizedDescription"",""skillCooldownTable"",""skillDefinition"",""skillTags""]","[""killEvent"",""skillCastEvent"",""skillCastOrDamageEvent""]","[""runtimeIdBridge""]",true,[],"If Blade Intent remains after the strike, the skill can be recast.","[{""sourceFile"":""skillnames.json""}]"
skill,SkillDescriptions.json,172513,Thundercut,skill:172513:1,cooldownTextUnclassified,evidence,textOnly,medium,false,unknown,,[],false,"[""localizedDescription"",""skillCooldownTable"",""skillDefinition"",""skillTags""]","[""killEvent"",""skillCastEvent"",""skillCastOrDamageEvent""]","[""runtimeIdBridge""]",true,[],"If Blade Intent remains after the strike, the skill can be recast.","[{""sourceFile"":""skillnames.json""}]"
skill,SkillDescriptions.json,172514,Thundercut,skill:172514:1,cooldownTextUnclassified,evidence,textOnly,medium,false,unknown,,[],false,"[""localizedDescription"",""skillCooldownTable"",""skillDefinition"",""skillTags""]","[""killEvent"",""skillCastEvent"",""skillCastOrDamageEvent""]","[""runtimeIdBridge""]",true,[],"If Blade Intent remains after the strike, the skill can be recast.","[{""sourceFile"":""skillnames.json""}]"
skill,SkillDescriptions.json,172515,Thundercut,skill:172515:1,cooldownTextUnclassified,evidence,textOnly,medium,false,unknown,,[],false,"[""localizedDescription"",""skillCooldownTable"",""skillDefinition"",""skillTags""]","[""killEvent"",""skillCastEvent"",""skillCastOrDamageEvent""]","[""runtimeIdBridge""]",true,[],"If Blade Intent remains after the strike, the skill can be recast.","[{""sourceFile"":""skillnames.json""}]"
skill,SkillDescriptions.json,172516,Thundercut,skill:172516:1,cooldownTextUnclassified,evidence,textOnly,medium,false,unknown,,[],false,"[""localizedDescription"",""skillCooldownTable"",""skillDefinition"",""skillTags""]","[""killEvent"",""skillCastEvent"",""skillCastOrDamageEvent""]","[""runtimeIdBridge""]",true,[],"If Blade Intent remains after the strike, the skill can be recast.","[{""sourceFile"":""skillnames.json""}]"
skill,SkillDescriptions.json,172517,Thundercut,skill:172517:1,cooldownTextUnclassified,evidence,textOnly,medium,false,unknown,,[],false,"[""localizedDescription"",""skillCooldownTable"",""skillDefinition"",""skillTags""]","[""killEvent"",""skillCastEvent"",""skillCastOrDamageEvent""]","[""runtimeIdBridge""]",true,[],"If Blade Intent remains after the strike, the skill can be recast.","[{""sourceFile"":""skillnames.json""}]"
skill,SkillDescriptions.json,172518,Thundercut,skill:172518:1,cooldownTextUnclassified,evidence,textOnly,medium,false,unknown,,[],false,"[""localizedDescription"",""skillCooldownTable"",""skillDefinition"",""skillTags""]","[""killEvent"",""skillCastEvent"",""skillCastOrDamageEvent""]","[""runtimeIdBridge""]",true,[],"If Blade Intent remains after the strike, the skill can be recast.","[{""sourceFile"":""skillnames.json""}]"
skill,SkillDescriptions.json,172519,Thundercut,skill:172519:1,cooldownTextUnclassified,evidence,textOnly,medium,false,unknown,,[],false,"[""localizedDescription"",""skillCooldownTable"",""skillDefinition"",""skillTags""]","[""killEvent"",""skillCastEvent"",""skillCastOrDamageEvent""]","[""runtimeIdBridge""]",true,[],"If Blade Intent remains after the strike, the skill can be recast.","[{""sourceFile"":""skillnames.json""}]"
skill,SkillDescriptions.json,172520,Thundercut,skill:172520:1,cooldownTextUnclassified,evidence,textOnly,medium,false,unknown,,[],false,"[""localizedDescription"",""skillCooldownTable"",""skillDefinition"",""skillTags""]","[""killEvent"",""skillCastEvent"",""skillCastOrDamageEvent""]","[""runtimeIdBridge""]",true,[],"If Blade Intent remains after the strike, the skill can be recast.","[{""sourceFile"":""skillnames.json""}]"
skill,SkillDescriptions.json,172521,Thundercut,skill:172521:1,cooldownTextUnclassified,evidence,textOnly,medium,false,unknown,,[],false,"[""localizedDescription"",""skillCooldownTable"",""skillDefinition"",""skillTags""]","[""killEvent"",""skillCastEvent"",""skillCastOrDamageEvent""]","[""runtimeIdBridge""]",true,[],"If Blade Intent remains after the strike, the skill can be recast.","[{""sourceFile"":""skillnames.json""}]"
skill,SkillDescriptions.json,172522,Thundercut,skill:172522:1,cooldownTextUnclassified,evidence,textOnly,medium,false,unknown,,[],false,"[""localizedDescription"",""skillCooldownTable"",""skillDefinition"",""skillTags""]","[""killEvent"",""skillCastEvent"",""skillCastOrDamageEvent""]","[""runtimeIdBridge""]",true,[],"If Blade Intent remains after the strike, the skill can be recast.","[{""sourceFile"":""skillnames.json""}]"
skill,SkillDescriptions.json,172523,Thundercut,skill:172523:1,cooldownTextUnclassified,evidence,textOnly,medium,false,unknown,,[],false,"[""localizedDescription"",""skillCooldownTable"",""skillDefinition"",""skillTags""]","[""killEvent"",""skillCastEvent"",""skillCastOrDamageEvent""]","[""runtimeIdBridge""]",true,[],"If Blade Intent remains after the strike, the skill can be recast.","[{""sourceFile"":""skillnames.json""}]"
skill,SkillDescriptions.json,172524,Thundercut,skill:172524:1,cooldownTextUnclassified,evidence,textOnly,medium,false,unknown,,[],false,"[""localizedDescription"",""skillCooldownTable"",""skillDefinition"",""skillTags""]","[""killEvent"",""skillCastEvent"",""skillCastOrDamageEvent""]","[""runtimeIdBridge""]",true,[],"If Blade Intent remains after the strike, the skill can be recast.","[{""sourceFile"":""skillnames.json""}]"
skill,SkillDescriptions.json,172525,Thundercut,skill:172525:1,cooldownTextUnclassified,evidence,textOnly,medium,false,unknown,,[],false,"[""localizedDescription"",""skillCooldownTable"",""skillDefinition"",""skillTags""]","[""killEvent"",""skillCastEvent"",""skillCastOrDamageEvent""]","[""runtimeIdBridge""]",true,[],"If Blade Intent remains after the strike, the skill can be recast.","[{""sourceFile"":""skillnames.json""}]"
skill,SkillDescriptions.json,172526,Thundercut,skill:172526:1,cooldownTextUnclassified,evidence,textOnly,medium,false,unknown,,[],false,"[""localizedDescription"",""skillCooldownTable"",""skillDefinition"",""skillTags""]","[""killEvent"",""skillCastEvent"",""skillCastOrDamageEvent""]","[""runtimeIdBridge""]",true,[],"If Blade Intent remains after the strike, the skill can be recast.","[{""sourceFile"":""skillnames.json""}]"
skill,SkillDescriptions.json,172527,Thundercut,skill:172527:1,cooldownTextUnclassified,evidence,textOnly,medium,false,unknown,,[],false,"[""localizedDescription"",""skillCooldownTable"",""skillDefinition"",""skillTags""]","[""killEvent"",""skillCastEvent"",""skillCastOrDamageEvent""]","[""runtimeIdBridge""]",true,[],"If Blade Intent remains after the strike, the skill can be recast.","[{""sourceFile"":""skillnames.json""}]"
skill,SkillDescriptions.json,172528,Thundercut,skill:172528:1,cooldownTextUnclassified,evidence,textOnly,medium,false,unknown,,[],false,"[""localizedDescription"",""skillCooldownTable"",""skillDefinition"",""skillTags""]","[""killEvent"",""skillCastEvent"",""skillCastOrDamageEvent""]","[""runtimeIdBridge""]",true,[],"If Blade Intent remains after the strike, the skill can be recast.","[{""sourceFile"":""skillnames.json""}]"
skill,SkillDescriptions.json,172529,Thundercut,skill:172529:1,cooldownTextUnclassified,evidence,textOnly,medium,false,unknown,,[],false,"[""localizedDescription"",""skillCooldownTable"",""skillDefinition"",""skillTags""]","[""killEvent"",""skillCastEvent"",""skillCastOrDamageEvent""]","[""runtimeIdBridge""]",true,[],"If Blade Intent remains after the strike, the skill can be recast.","[{""sourceFile"":""skillnames.json""}]"
skill,SkillDescriptions.json,172530,Thundercut,skill:172530:1,cooldownTextUnclassified,evidence,textOnly,medium,false,unknown,,[],false,"[""localizedDescription"",""skillCooldownTable"",""skillDefinition"",""skillTags""]","[""killEvent"",""skillCastEvent"",""skillCastOrDamageEvent""]","[""runtimeIdBridge""]",true,[],"If Blade Intent remains after the strike, the skill can be recast.","[{""sourceFile"":""skillnames.json""}]"
skill,SkillDescriptions.json,172601,Thundercut,skill:172601:1,cooldownTextUnclassified,evidence,textOnly,medium,false,unknown,,[],false,"[""localizedDescription"",""skillCooldownTable"",""skillDefinition"",""skillTags""]","[""killEvent"",""skillCastEvent"",""skillCastOrDamageEvent""]","[""runtimeIdBridge""]",true,[],"If Blade Intent remains after the strike, the skill can be recast.","[{""sourceFile"":""skillnames.json""}]"
skill,SkillDescriptions.json,172602,Thundercut,skill:172602:1,cooldownTextUnclassified,evidence,textOnly,medium,false,unknown,,[],false,"[""localizedDescription"",""skillCooldownTable"",""skillDefinition"",""skillTags""]","[""killEvent"",""skillCastEvent"",""skillCastOrDamageEvent""]","[""runtimeIdBridge""]",true,[],"If Blade Intent remains after the strike, the skill can be recast.","[{""sourceFile"":""skillnames.json""}]"
skill,SkillDescriptions.json,172603,Thundercut,skill:172603:1,cooldownTextUnclassified,evidence,textOnly,medium,false,unknown,,[],false,"[""localizedDescription"",""skillCooldownTable"",""skillDefinition"",""skillTags""]","[""killEvent"",""skillCastEvent"",""skillCastOrDamageEvent""]","[""runtimeIdBridge""]",true,[],"If Blade Intent remains after the strike, the skill can be recast.","[{""sourceFile"":""skillnames.json""}]"
skill,SkillDescriptions.json,172604,Thundercut,skill:172604:1,cooldownTextUnclassified,evidence,textOnly,medium,false,unknown,,[],false,"[""localizedDescription"",""skillCooldownTable"",""skillDefinition"",""skillTags""]","[""killEvent"",""skillCastEvent"",""skillCastOrDamageEvent""]","[""runtimeIdBridge""]",true,[],"If Blade Intent remains after the strike, the skill can be recast.","[{""sourceFile"":""skillnames.json""}]"
skill,SkillDescriptions.json,172605,Thundercut,skill:172605:1,cooldownTextUnclassified,evidence,textOnly,medium,false,unknown,,[],false,"[""localizedDescription"",""skillCooldownTable"",""skillDefinition"",""skillTags""]","[""killEvent"",""skillCastEvent"",""skillCastOrDamageEvent""]","[""runtimeIdBridge""]",true,[],"If Blade Intent remains after the strike, the skill can be recast.","[{""sourceFile"":""skillnames.json""}]"
skill,SkillDescriptions.json,172606,Thundercut,skill:172606:1,cooldownTextUnclassified,evidence,textOnly,medium,false,unknown,,[],false,"[""localizedDescription"",""skillCooldownTable"",""skillDefinition"",""skillTags""]","[""killEvent"",""skillCastEvent"",""skillCastOrDamageEvent""]","[""runtimeIdBridge""]",true,[],"If Blade Intent remains after the strike, the skill can be recast.","[{""sourceFile"":""skillnames.json""}]"
skill,SkillDescriptions.json,172607,Thundercut,skill:172607:1,cooldownTextUnclassified,evidence,textOnly,medium,false,unknown,,[],false,"[""localizedDescription"",""skillCooldownTable"",""skillDefinition"",""skillTags""]","[""killEvent"",""skillCastEvent"",""skillCastOrDamageEvent""]","[""runtimeIdBridge""]",true,[],"If Blade Intent remains after the strike, the skill can be recast.","[{""sourceFile"":""skillnames.json""}]"
skill,SkillDescriptions.json,172608,Thundercut,skill:172608:1,cooldownTextUnclassified,evidence,textOnly,medium,false,unknown,,[],false,"[""localizedDescription"",""skillCooldownTable"",""skillDefinition"",""skillTags""]","[""killEvent"",""skillCastEvent"",""skillCastOrDamageEvent""]","[""runtimeIdBridge""]",true,[],"If Blade Intent remains after the strike, the skill can be recast.","[{""sourceFile"":""skillnames.json""}]"
skill,SkillDescriptions.json,172609,Thundercut,skill:172609:1,cooldownTextUnclassified,evidence,textOnly,medium,false,unknown,,[],false,"[""localizedDescription"",""skillCooldownTable"",""skillDefinition"",""skillTags""]","[""killEvent"",""skillCastEvent"",""skillCastOrDamageEvent""]","[""runtimeIdBridge""]",true,[],"If Blade Intent remains after the strike, the skill can be recast.","[{""sourceFile"":""skillnames.json""}]"
skill,SkillDescriptions.json,172610,Thundercut,skill:172610:1,cooldownTextUnclassified,evidence,textOnly,medium,false,unknown,,[],false,"[""localizedDescription"",""skillCooldownTable"",""skillDefinition"",""skillTags""]","[""killEvent"",""skillCastEvent"",""skillCastOrDamageEvent""]","[""runtimeIdBridge""]",true,[],"If Blade Intent remains after the strike, the skill can be recast.","[{""sourceFile"":""skillnames.json""}]"
skill,SkillDescriptions.json,172611,Thundercut,skill:172611:1,cooldownTextUnclassified,evidence,textOnly,medium,false,unknown,,[],false,"[""localizedDescription"",""skillCooldownTable"",""skillDefinition"",""skillTags""]","[""killEvent"",""skillCastEvent"",""skillCastOrDamageEvent""]","[""runtimeIdBridge""]",true,[],"If Blade Intent remains after the strike, the skill can be recast.","[{""sourceFile"":""skillnames.json""}]"
skill,SkillDescriptions.json,172612,Thundercut,skill:172612:1,cooldownTextUnclassified,evidence,textOnly,medium,false,unknown,,[],false,"[""localizedDescription"",""skillCooldownTable"",""skillDefinition"",""skillTags""]","[""killEvent"",""skillCastEvent"",""skillCastOrDamageEvent""]","[""runtimeIdBridge""]",true,[],"If Blade Intent remains after the strike, the skill can be recast.","[{""sourceFile"":""skillnames.json""}]"
skill,SkillDescriptions.json,172613,Thundercut,skill:172613:1,cooldownTextUnclassified,evidence,textOnly,medium,false,unknown,,[],false,"[""localizedDescription"",""skillCooldownTable"",""skillDefinition"",""skillTags""]","[""killEvent"",""skillCastEvent"",""skillCastOrDamageEvent""]","[""runtimeIdBridge""]",true,[],"If Blade Intent remains after the strike, the skill can be recast.","[{""sourceFile"":""skillnames.json""}]"
skill,SkillDescriptions.json,172614,Thundercut,skill:172614:1,cooldownTextUnclassified,evidence,textOnly,medium,false,unknown,,[],false,"[""localizedDescription"",""skillCooldownTable"",""skillDefinition"",""skillTags""]","[""killEvent"",""skillCastEvent"",""skillCastOrDamageEvent""]","[""runtimeIdBridge""]",true,[],"If Blade Intent remains after the strike, the skill can be recast.","[{""sourceFile"":""skillnames.json""}]"
skill,SkillDescriptions.json,172615,Thundercut,skill:172615:1,cooldownTextUnclassified,evidence,textOnly,medium,false,unknown,,[],false,"[""localizedDescription"",""skillCooldownTable"",""skillDefinition"",""skillTags""]","[""killEvent"",""skillCastEvent"",""skillCastOrDamageEvent""]","[""runtimeIdBridge""]",true,[],"If Blade Intent remains after the strike, the skill can be recast.","[{""sourceFile"":""skillnames.json""}]"
skill,SkillDescriptions.json,172616,Thundercut,skill:172616:1,cooldownTextUnclassified,evidence,textOnly,medium,false,unknown,,[],false,"[""localizedDescription"",""skillCooldownTable"",""skillDefinition"",""skillTags""]","[""killEvent"",""skillCastEvent"",""skillCastOrDamageEvent""]","[""runtimeIdBridge""]",true,[],"If Blade Intent remains after the strike, the skill can be recast.","[{""sourceFile"":""skillnames.json""}]"
skill,SkillDescriptions.json,172617,Thundercut,skill:172617:1,cooldownTextUnclassified,evidence,textOnly,medium,false,unknown,,[],false,"[""localizedDescription"",""skillCooldownTable"",""skillDefinition"",""skillTags""]","[""killEvent"",""skillCastEvent"",""skillCastOrDamageEvent""]","[""runtimeIdBridge""]",true,[],"If Blade Intent remains after the strike, the skill can be recast.","[{""sourceFile"":""skillnames.json""}]"
skill,SkillDescriptions.json,172618,Thundercut,skill:172618:1,cooldownTextUnclassified,evidence,textOnly,medium,false,unknown,,[],false,"[""localizedDescription"",""skillCooldownTable"",""skillDefinition"",""skillTags""]","[""killEvent"",""skillCastEvent"",""skillCastOrDamageEvent""]","[""runtimeIdBridge""]",true,[],"If Blade Intent remains after the strike, the skill can be recast.","[{""sourceFile"":""skillnames.json""}]"
skill,SkillDescriptions.json,172619,Thundercut,skill:172619:1,cooldownTextUnclassified,evidence,textOnly,medium,false,unknown,,[],false,"[""localizedDescription"",""skillCooldownTable"",""skillDefinition"",""skillTags""]","[""killEvent"",""skillCastEvent"",""skillCastOrDamageEvent""]","[""runtimeIdBridge""]",true,[],"If Blade Intent remains after the strike, the skill can be recast.","[{""sourceFile"":""skillnames.json""}]"
skill,SkillDescriptions.json,172620,Thundercut,skill:172620:1,cooldownTextUnclassified,evidence,textOnly,medium,false,unknown,,[],false,"[""localizedDescription"",""skillCooldownTable"",""skillDefinition"",""skillTags""]","[""killEvent"",""skillCastEvent"",""skillCastOrDamageEvent""]","[""runtimeIdBridge""]",true,[],"If Blade Intent remains after the strike, the skill can be recast.","[{""sourceFile"":""skillnames.json""}]"
skill,SkillDescriptions.json,172621,Thundercut,skill:172621:1,cooldownTextUnclassified,evidence,textOnly,medium,false,unknown,,[],false,"[""localizedDescription"",""skillCooldownTable"",""skillDefinition"",""skillTags""]","[""killEvent"",""skillCastEvent"",""skillCastOrDamageEvent""]","[""runtimeIdBridge""]",true,[],"If Blade Intent remains after the strike, the skill can be recast.","[{""sourceFile"":""skillnames.json""}]"
skill,SkillDescriptions.json,172622,Thundercut,skill:172622:1,cooldownTextUnclassified,evidence,textOnly,medium,false,unknown,,[],false,"[""localizedDescription"",""skillCooldownTable"",""skillDefinition"",""skillTags""]","[""killEvent"",""skillCastEvent"",""skillCastOrDamageEvent""]","[""runtimeIdBridge""]",true,[],"If Blade Intent remains after the strike, the skill can be recast.","[{""sourceFile"":""skillnames.json""}]"
skill,SkillDescriptions.json,172623,Thundercut,skill:172623:1,cooldownTextUnclassified,evidence,textOnly,medium,false,unknown,,[],false,"[""localizedDescription"",""skillCooldownTable"",""skillDefinition"",""skillTags""]","[""killEvent"",""skillCastEvent"",""skillCastOrDamageEvent""]","[""runtimeIdBridge""]",true,[],"If Blade Intent remains after the strike, the skill can be recast.","[{""sourceFile"":""skillnames.json""}]"
skill,SkillDescriptions.json,172624,Thundercut,skill:172624:1,cooldownTextUnclassified,evidence,textOnly,medium,false,unknown,,[],false,"[""localizedDescription"",""skillCooldownTable"",""skillDefinition"",""skillTags""]","[""killEvent"",""skillCastEvent"",""skillCastOrDamageEvent""]","[""runtimeIdBridge""]",true,[],"If Blade Intent remains after the strike, the skill can be recast.","[{""sourceFile"":""skillnames.json""}]"
skill,SkillDescriptions.json,172625,Thundercut,skill:172625:1,cooldownTextUnclassified,evidence,textOnly,medium,false,unknown,,[],false,"[""localizedDescription"",""skillCooldownTable"",""skillDefinition"",""skillTags""]","[""killEvent"",""skillCastEvent"",""skillCastOrDamageEvent""]","[""runtimeIdBridge""]",true,[],"If Blade Intent remains after the strike, the skill can be recast.","[{""sourceFile"":""skillnames.json""}]"
skill,SkillDescriptions.json,172626,Thundercut,skill:172626:1,cooldownTextUnclassified,evidence,textOnly,medium,false,unknown,,[],false,"[""localizedDescription"",""skillCooldownTable"",""skillDefinition"",""skillTags""]","[""killEvent"",""skillCastEvent"",""skillCastOrDamageEvent""]","[""runtimeIdBridge""]",true,[],"If Blade Intent remains after the strike, the skill can be recast.","[{""sourceFile"":""skillnames.json""}]"
skill,SkillDescriptions.json,172627,Thundercut,skill:172627:1,cooldownTextUnclassified,evidence,textOnly,medium,false,unknown,,[],false,"[""localizedDescription"",""skillCooldownTable"",""skillDefinition"",""skillTags""]","[""killEvent"",""skillCastEvent"",""skillCastOrDamageEvent""]","[""runtimeIdBridge""]",true,[],"If Blade Intent remains after the strike, the skill can be recast.","[{""sourceFile"":""skillnames.json""}]"
skill,SkillDescriptions.json,172628,Thundercut,skill:172628:1,cooldownTextUnclassified,evidence,textOnly,medium,false,unknown,,[],false,"[""localizedDescription"",""skillCooldownTable"",""skillDefinition"",""skillTags""]","[""killEvent"",""skillCastEvent"",""skillCastOrDamageEvent""]","[""runtimeIdBridge""]",true,[],"If Blade Intent remains after the strike, the skill can be recast.","[{""sourceFile"":""skillnames.json""}]"
skill,SkillDescriptions.json,172629,Thundercut,skill:172629:1,cooldownTextUnclassified,evidence,textOnly,medium,false,unknown,,[],false,"[""localizedDescription"",""skillCooldownTable"",""skillDefinition"",""skillTags""]","[""killEvent"",""skillCastEvent"",""skillCastOrDamageEvent""]","[""runtimeIdBridge""]",true,[],"If Blade Intent remains after the strike, the skill can be recast.","[{""sourceFile"":""skillnames.json""}]"
skill,SkillDescriptions.json,172630,Thundercut,skill:172630:1,cooldownTextUnclassified,evidence,textOnly,medium,false,unknown,,[],false,"[""localizedDescription"",""skillCooldownTable"",""skillDefinition"",""skillTags""]","[""killEvent"",""skillCastEvent"",""skillCastOrDamageEvent""]","[""runtimeIdBridge""]",true,[],"If Blade Intent remains after the strike, the skill can be recast.","[{""sourceFile"":""skillnames.json""}]"
skill,SkillDescriptions.json,174201,Thundercut - Final Slash,skill:174201:1,cooldownTextUnclassified,evidence,textOnly,medium,false,unknown,,[],false,"[""localizedDescription"",""skillCooldownTable"",""skillDefinition"",""skillTags""]","[""killEvent"",""skillCastEvent"",""skillCastOrDamageEvent""]","[""runtimeIdBridge""]",true,[],"If Blade Intent remains after the strike, the skill can be immediately recast.","[{""sourceFile"":""skillnames.json""}]"
skill,SkillDescriptions.json,190101,Halberd's Edge,skill:190101:1,cooldownTextUnclassified,evidence,textOnly,medium,false,unknown,,[],false,"[""localizedDescription"",""skillCooldownTable"",""skillDefinition"",""skillTags""]","[""skillCastOrDamageEvent""]","[""runtimeIdBridge""]",true,"[{""value"":2,""unit"":"""",""raw"":""2 ""},{""value"":0.5,""unit"":""seconds"",""raw"":""0.5s""}]","Restores 2 Rage upon taking DMG, subject to a maximum 0.5s CD.","[{""sourceFile"":""skillnames.json""}]"
skill,SkillDescriptions.json,190102,Halberd's Edge,skill:190102:1,cooldownTextUnclassified,evidence,textOnly,medium,false,unknown,,[],false,"[""localizedDescription"",""skillCooldownTable"",""skillDefinition"",""skillTags""]","[""skillCastOrDamageEvent""]","[""runtimeIdBridge""]",true,"[{""value"":2,""unit"":"""",""raw"":""2 ""},{""value"":0.5,""unit"":""seconds"",""raw"":""0.5s""}]","Restores 2 Rage upon taking DMG, subject to a maximum 0.5s CD.","[{""sourceFile"":""skillnames.json""}]"
skill,SkillDescriptions.json,190103,Halberd's Edge,skill:190103:1,cooldownTextUnclassified,evidence,textOnly,medium,false,unknown,,[],false,"[""localizedDescription"",""skillCooldownTable"",""skillDefinition"",""skillTags""]","[""skillCastOrDamageEvent""]","[""runtimeIdBridge""]",true,"[{""value"":2,""unit"":"""",""raw"":""2 ""},{""value"":0.5,""unit"":""seconds"",""raw"":""0.5s""}]","Restores 2 Rage upon taking DMG, subject to a maximum 0.5s CD.","[{""sourceFile"":""skillnames.json""}]"
skill,SkillDescriptions.json,190104,Halberd's Edge,skill:190104:1,cooldownTextUnclassified,evidence,textOnly,medium,false,unknown,,[],false,"[""localizedDescription"",""skillCooldownTable"",""skillDefinition"",""skillTags""]","[""skillCastOrDamageEvent""]","[""runtimeIdBridge""]",true,"[{""value"":2,""unit"":"""",""raw"":""2 ""},{""value"":0.5,""unit"":""seconds"",""raw"":""0.5s""}]","Restores 2 Rage upon taking DMG, subject to a maximum 0.5s CD.","[{""sourceFile"":""skillnames.json""}]"
skill,SkillDescriptions.json,190105,Halberd's Edge,skill:190105:1,cooldownTextUnclassified,evidence,textOnly,medium,false,unknown,,[],false,"[""localizedDescription"",""skillCooldownTable"",""skillDefinition"",""skillTags""]","[""skillCastOrDamageEvent""]","[""runtimeIdBridge""]",true,"[{""value"":2,""unit"":"""",""raw"":""2 ""},{""value"":0.5,""unit"":""seconds"",""raw"":""0.5s""}]","Restores 2 Rage upon taking DMG, subject to a maximum 0.5s CD.","[{""sourceFile"":""skillnames.json""}]"
skill,SkillDescriptions.json,190106,Halberd's Edge,skill:190106:1,cooldownTextUnclassified,evidence,textOnly,medium,false,unknown,,[],false,"[""localizedDescription"",""skillCooldownTable"",""skillDefinition"",""skillTags""]","[""skillCastOrDamageEvent""]","[""runtimeIdBridge""]",true,"[{""value"":2,""unit"":"""",""raw"":""2 ""},{""value"":0.5,""unit"":""seconds"",""raw"":""0.5s""}]","Restores 2 Rage upon taking DMG, subject to a maximum 0.5s CD.","[{""sourceFile"":""skillnames.json""}]"
skill,SkillDescriptions.json,190107,Halberd's Edge,skill:190107:1,cooldownTextUnclassified,evidence,textOnly,medium,false,unknown,,[],false,"[""localizedDescription"",""skillCooldownTable"",""skillDefinition"",""skillTags""]","[""skillCastOrDamageEvent""]","[""runtimeIdBridge""]",true,"[{""value"":2,""unit"":"""",""raw"":""2 ""},{""value"":0.5,""unit"":""seconds"",""raw"":""0.5s""}]","Restores 2 Rage upon taking DMG, subject to a maximum 0.5s CD.","[{""sourceFile"":""skillnames.json""}]"
skill,SkillDescriptions.json,190108,Halberd's Edge,skill:190108:1,cooldownTextUnclassified,evidence,textOnly,medium,false,unknown,,[],false,"[""localizedDescription"",""skillCooldownTable"",""skillDefinition"",""skillTags""]","[""skillCastOrDamageEvent""]","[""runtimeIdBridge""]",true,"[{""value"":2,""unit"":"""",""raw"":""2 ""},{""value"":0.5,""unit"":""seconds"",""raw"":""0.5s""}]","Restores 2 Rage upon taking DMG, subject to a maximum 0.5s CD.","[{""sourceFile"":""skillnames.json""}]"
skill,SkillDescriptions.json,190109,Halberd's Edge,skill:190109:1,cooldownTextUnclassified,evidence,textOnly,medium,false,unknown,,[],false,"[""localizedDescription"",""skillCooldownTable"",""skillDefinition"",""skillTags""]","[""skillCastOrDamageEvent""]","[""runtimeIdBridge""]",true,"[{""value"":2,""unit"":"""",""raw"":""2 ""},{""value"":0.5,""unit"":""seconds"",""raw"":""0.5s""}]","Restores 2 Rage upon taking DMG, subject to a maximum 0.5s CD.","[{""sourceFile"":""skillnames.json""}]"
skill,SkillDescriptions.json,190110,Halberd's Edge,skill:190110:1,cooldownTextUnclassified,evidence,textOnly,medium,false,unknown,,[],false,"[""localizedDescription"",""skillCooldownTable"",""skillDefinition"",""skillTags""]","[""skillCastOrDamageEvent""]","[""runtimeIdBridge""]",true,"[{""value"":2,""unit"":"""",""raw"":""2 ""},{""value"":0.5,""unit"":""seconds"",""raw"":""0.5s""}]","Restores 2 Rage upon taking DMG, subject to a maximum 0.5s CD.","[{""sourceFile"":""skillnames.json""}]"
skill,SkillDescriptions.json,190111,Halberd's Edge,skill:190111:1,cooldownTextUnclassified,evidence,textOnly,medium,false,unknown,,[],false,"[""localizedDescription"",""skillCooldownTable"",""skillDefinition"",""skillTags""]","[""skillCastOrDamageEvent""]","[""runtimeIdBridge""]",true,"[{""value"":2,""unit"":"""",""raw"":""2 ""},{""value"":0.5,""unit"":""seconds"",""raw"":""0.5s""}]","Restores 2 Rage upon taking DMG, subject to a maximum 0.5s CD.","[{""sourceFile"":""skillnames.json""}]"
skill,SkillDescriptions.json,190112,Halberd's Edge,skill:190112:1,cooldownTextUnclassified,evidence,textOnly,medium,false,unknown,,[],false,"[""localizedDescription"",""skillCooldownTable"",""skillDefinition"",""skillTags""]","[""skillCastOrDamageEvent""]","[""runtimeIdBridge""]",true,"[{""value"":2,""unit"":"""",""raw"":""2 ""},{""value"":0.5,""unit"":""seconds"",""raw"":""0.5s""}]","Restores 2 Rage upon taking DMG, subject to a maximum 0.5s CD.","[{""sourceFile"":""skillnames.json""}]"
skill,SkillDescriptions.json,190113,Halberd's Edge,skill:190113:1,cooldownTextUnclassified,evidence,textOnly,medium,false,unknown,,[],false,"[""localizedDescription"",""skillCooldownTable"",""skillDefinition"",""skillTags""]","[""skillCastOrDamageEvent""]","[""runtimeIdBridge""]",true,"[{""value"":2,""unit"":"""",""raw"":""2 ""},{""value"":0.5,""unit"":""seconds"",""raw"":""0.5s""}]","Restores 2 Rage upon taking DMG, subject to a maximum 0.5s CD.","[{""sourceFile"":""skillnames.json""}]"
skill,SkillDescriptions.json,190114,Halberd's Edge,skill:190114:1,cooldownTextUnclassified,evidence,textOnly,medium,false,unknown,,[],false,"[""localizedDescription"",""skillCooldownTable"",""skillDefinition"",""skillTags""]","[""skillCastOrDamageEvent""]","[""runtimeIdBridge""]",true,"[{""value"":2,""unit"":"""",""raw"":""2 ""},{""value"":0.5,""unit"":""seconds"",""raw"":""0.5s""}]","Restores 2 Rage upon taking DMG, subject to a maximum 0.5s CD.","[{""sourceFile"":""skillnames.json""}]"
skill,SkillDescriptions.json,190115,Halberd's Edge,skill:190115:1,cooldownTextUnclassified,evidence,textOnly,medium,false,unknown,,[],false,"[""localizedDescription"",""skillCooldownTable"",""skillDefinition"",""skillTags""]","[""skillCastOrDamageEvent""]","[""runtimeIdBridge""]",true,"[{""value"":2,""unit"":"""",""raw"":""2 ""},{""value"":0.5,""unit"":""seconds"",""raw"":""0.5s""}]","Restores 2 Rage upon taking DMG, subject to a maximum 0.5s CD.","[{""sourceFile"":""skillnames.json""}]"
skill,SkillDescriptions.json,190116,Halberd's Edge,skill:190116:1,cooldownTextUnclassified,evidence,textOnly,medium,false,unknown,,[],false,"[""localizedDescription"",""skillCooldownTable"",""skillDefinition"",""skillTags""]","[""skillCastOrDamageEvent""]","[""runtimeIdBridge""]",true,"[{""value"":2,""unit"":"""",""raw"":""2 ""},{""value"":0.5,""unit"":""seconds"",""raw"":""0.5s""}]","Restores 2 Rage upon taking DMG, subject to a maximum 0.5s CD.","[{""sourceFile"":""skillnames.json""}]"
skill,SkillDescriptions.json,190117,Halberd's Edge,skill:190117:1,cooldownTextUnclassified,evidence,textOnly,medium,false,unknown,,[],false,"[""localizedDescription"",""skillCooldownTable"",""skillDefinition"",""skillTags""]","[""skillCastOrDamageEvent""]","[""runtimeIdBridge""]",true,"[{""value"":2,""unit"":"""",""raw"":""2 ""},{""value"":0.5,""unit"":""seconds"",""raw"":""0.5s""}]","Restores 2 Rage upon taking DMG, subject to a maximum 0.5s CD.","[{""sourceFile"":""skillnames.json""}]"
skill,SkillDescriptions.json,190118,Halberd's Edge,skill:190118:1,cooldownTextUnclassified,evidence,textOnly,medium,false,unknown,,[],false,"[""localizedDescription"",""skillCooldownTable"",""skillDefinition"",""skillTags""]","[""skillCastOrDamageEvent""]","[""runtimeIdBridge""]",true,"[{""value"":2,""unit"":"""",""raw"":""2 ""},{""value"":0.5,""unit"":""seconds"",""raw"":""0.5s""}]","Restores 2 Rage upon taking DMG, subject to a maximum 0.5s CD.","[{""sourceFile"":""skillnames.json""}]"
skill,SkillDescriptions.json,190119,Halberd's Edge,skill:190119:1,cooldownTextUnclassified,evidence,textOnly,medium,false,unknown,,[],false,"[""localizedDescription"",""skillCooldownTable"",""skillDefinition"",""skillTags""]","[""skillCastOrDamageEvent""]","[""runtimeIdBridge""]",true,"[{""value"":2,""unit"":"""",""raw"":""2 ""},{""value"":0.5,""unit"":""seconds"",""raw"":""0.5s""}]","Restores 2 Rage upon taking DMG, subject to a maximum 0.5s CD.","[{""sourceFile"":""skillnames.json""}]"
skill,SkillDescriptions.json,190120,Halberd's Edge,skill:190120:1,cooldownTextUnclassified,evidence,textOnly,medium,false,unknown,,[],false,"[""localizedDescription"",""skillCooldownTable"",""skillDefinition"",""skillTags""]","[""skillCastOrDamageEvent""]","[""runtimeIdBridge""]",true,"[{""value"":2,""unit"":"""",""raw"":""2 ""},{""value"":0.5,""unit"":""seconds"",""raw"":""0.5s""}]","Restores 2 Rage upon taking DMG, subject to a maximum 0.5s CD.","[{""sourceFile"":""skillnames.json""}]"
skill,SkillDescriptions.json,190121,Halberd's Edge,skill:190121:1,cooldownTextUnclassified,evidence,textOnly,medium,false,unknown,,[],false,"[""localizedDescription"",""skillCooldownTable"",""skillDefinition"",""skillTags""]","[""skillCastOrDamageEvent""]","[""runtimeIdBridge""]",true,"[{""value"":2,""unit"":"""",""raw"":""2 ""},{""value"":0.5,""unit"":""seconds"",""raw"":""0.5s""}]","Restores 2 Rage upon taking DMG, subject to a maximum 0.5s CD.","[{""sourceFile"":""skillnames.json""}]"
skill,SkillDescriptions.json,190122,Halberd's Edge,skill:190122:1,cooldownTextUnclassified,evidence,textOnly,medium,false,unknown,,[],false,"[""localizedDescription"",""skillCooldownTable"",""skillDefinition"",""skillTags""]","[""skillCastOrDamageEvent""]","[""runtimeIdBridge""]",true,"[{""value"":2,""unit"":"""",""raw"":""2 ""},{""value"":0.5,""unit"":""seconds"",""raw"":""0.5s""}]","Restores 2 Rage upon taking DMG, subject to a maximum 0.5s CD.","[{""sourceFile"":""skillnames.json""}]"
skill,SkillDescriptions.json,190123,Halberd's Edge,skill:190123:1,cooldownTextUnclassified,evidence,textOnly,medium,false,unknown,,[],false,"[""localizedDescription"",""skillCooldownTable"",""skillDefinition"",""skillTags""]","[""skillCastOrDamageEvent""]","[""runtimeIdBridge""]",true,"[{""value"":2,""unit"":"""",""raw"":""2 ""},{""value"":0.5,""unit"":""seconds"",""raw"":""0.5s""}]","Restores 2 Rage upon taking DMG, subject to a maximum 0.5s CD.","[{""sourceFile"":""skillnames.json""}]"
skill,SkillDescriptions.json,190124,Halberd's Edge,skill:190124:1,cooldownTextUnclassified,evidence,textOnly,medium,false,unknown,,[],false,"[""localizedDescription"",""skillCooldownTable"",""skillDefinition"",""skillTags""]","[""skillCastOrDamageEvent""]","[""runtimeIdBridge""]",true,"[{""value"":2,""unit"":"""",""raw"":""2 ""},{""value"":0.5,""unit"":""seconds"",""raw"":""0.5s""}]","Restores 2 Rage upon taking DMG, subject to a maximum 0.5s CD.","[{""sourceFile"":""skillnames.json""}]"
skill,SkillDescriptions.json,190125,Halberd's Edge,skill:190125:1,cooldownTextUnclassified,evidence,textOnly,medium,false,unknown,,[],false,"[""localizedDescription"",""skillCooldownTable"",""skillDefinition"",""skillTags""]","[""skillCastOrDamageEvent""]","[""runtimeIdBridge""]",true,"[{""value"":2,""unit"":"""",""raw"":""2 ""},{""value"":0.5,""unit"":""seconds"",""raw"":""0.5s""}]","Restores 2 Rage upon taking DMG, subject to a maximum 0.5s CD.","[{""sourceFile"":""skillnames.json""}]"
skill,SkillDescriptions.json,190126,Halberd's Edge,skill:190126:1,cooldownTextUnclassified,evidence,textOnly,medium,false,unknown,,[],false,"[""localizedDescription"",""skillCooldownTable"",""skillDefinition"",""skillTags""]","[""skillCastOrDamageEvent""]","[""runtimeIdBridge""]",true,"[{""value"":2,""unit"":"""",""raw"":""2 ""},{""value"":0.5,""unit"":""seconds"",""raw"":""0.5s""}]","Restores 2 Rage upon taking DMG, subject to a maximum 0.5s CD.","[{""sourceFile"":""skillnames.json""}]"
skill,SkillDescriptions.json,190127,Halberd's Edge,skill:190127:1,cooldownTextUnclassified,evidence,textOnly,medium,false,unknown,,[],false,"[""localizedDescription"",""skillCooldownTable"",""skillDefinition"",""skillTags""]","[""skillCastOrDamageEvent""]","[""runtimeIdBridge""]",true,"[{""value"":2,""unit"":"""",""raw"":""2 ""},{""value"":0.5,""unit"":""seconds"",""raw"":""0.5s""}]","Restores 2 Rage upon taking DMG, subject to a maximum 0.5s CD.","[{""sourceFile"":""skillnames.json""}]"
skill,SkillDescriptions.json,190128,Halberd's Edge,skill:190128:1,cooldownTextUnclassified,evidence,textOnly,medium,false,unknown,,[],false,"[""localizedDescription"",""skillCooldownTable"",""skillDefinition"",""skillTags""]","[""skillCastOrDamageEvent""]","[""runtimeIdBridge""]",true,"[{""value"":2,""unit"":"""",""raw"":""2 ""},{""value"":0.5,""unit"":""seconds"",""raw"":""0.5s""}]","Restores 2 Rage upon taking DMG, subject to a maximum 0.5s CD.","[{""sourceFile"":""skillnames.json""}]"
skill,SkillDescriptions.json,190129,Halberd's Edge,skill:190129:1,cooldownTextUnclassified,evidence,textOnly,medium,false,unknown,,[],false,"[""localizedDescription"",""skillCooldownTable"",""skillDefinition"",""skillTags""]","[""skillCastOrDamageEvent""]","[""runtimeIdBridge""]",true,"[{""value"":2,""unit"":"""",""raw"":""2 ""},{""value"":0.5,""unit"":""seconds"",""raw"":""0.5s""}]","Restores 2 Rage upon taking DMG, subject to a maximum 0.5s CD.","[{""sourceFile"":""skillnames.json""}]"
skill,SkillDescriptions.json,190130,Halberd's Edge,skill:190130:1,cooldownTextUnclassified,evidence,textOnly,medium,false,unknown,,[],false,"[""localizedDescription"",""skillCooldownTable"",""skillDefinition"",""skillTags""]","[""skillCastOrDamageEvent""]","[""runtimeIdBridge""]",true,"[{""value"":2,""unit"":"""",""raw"":""2 ""},{""value"":0.5,""unit"":""seconds"",""raw"":""0.5s""}]","Restores 2 Rage upon taking DMG, subject to a maximum 0.5s CD.","[{""sourceFile"":""skillnames.json""}]"
skill,SkillDescriptions.json,223001,Torrent Volley,skill:223001:1,cooldownTextUnclassified,evidence,textOnly,medium,false,unknown,,[],false,"[""localizedDescription"",""skillCooldownTable"",""skillDefinition"",""skillTags""]","[""skillCastEvent"",""skillCastOrDamageEvent""]","[""runtimeIdBridge""]",true,[],Recast to end early.,"[{""sourceFile"":""skillnames.json""}]"
skill,SkillDescriptions.json,223002,Torrent Volley,skill:223002:1,cooldownTextUnclassified,evidence,textOnly,medium,false,unknown,,[],false,"[""localizedDescription"",""skillCooldownTable"",""skillDefinition"",""skillTags""]","[""skillCastEvent"",""skillCastOrDamageEvent""]","[""runtimeIdBridge""]",true,[],Recast to end early.,"[{""sourceFile"":""skillnames.json""}]"
skill,SkillDescriptions.json,223003,Torrent Volley,skill:223003:1,cooldownTextUnclassified,evidence,textOnly,medium,false,unknown,,[],false,"[""localizedDescription"",""skillCooldownTable"",""skillDefinition"",""skillTags""]","[""skillCastEvent"",""skillCastOrDamageEvent""]","[""runtimeIdBridge""]",true,[],Recast to end early.,"[{""sourceFile"":""skillnames.json""}]"
skill,SkillDescriptions.json,223004,Torrent Volley,skill:223004:1,cooldownTextUnclassified,evidence,textOnly,medium,false,unknown,,[],false,"[""localizedDescription"",""skillCooldownTable"",""skillDefinition"",""skillTags""]","[""skillCastEvent"",""skillCastOrDamageEvent""]","[""runtimeIdBridge""]",true,[],Recast to end early.,"[{""sourceFile"":""skillnames.json""}]"
skill,SkillDescriptions.json,223005,Torrent Volley,skill:223005:1,cooldownTextUnclassified,evidence,textOnly,medium,false,unknown,,[],false,"[""localizedDescription"",""skillCooldownTable"",""skillDefinition"",""skillTags""]","[""skillCastEvent"",""skillCastOrDamageEvent""]","[""runtimeIdBridge""]",true,[],Recast to end early.,"[{""sourceFile"":""skillnames.json""}]"
skill,SkillDescriptions.json,223006,Torrent Volley,skill:223006:1,cooldownTextUnclassified,evidence,textOnly,medium,false,unknown,,[],false,"[""localizedDescription"",""skillCooldownTable"",""skillDefinition"",""skillTags""]","[""skillCastEvent"",""skillCastOrDamageEvent""]","[""runtimeIdBridge""]",true,[],Recast to end early.,"[{""sourceFile"":""skillnames.json""}]"
skill,SkillDescriptions.json,223007,Torrent Volley,skill:223007:1,cooldownTextUnclassified,evidence,textOnly,medium,false,unknown,,[],false,"[""localizedDescription"",""skillCooldownTable"",""skillDefinition"",""skillTags""]","[""skillCastEvent"",""skillCastOrDamageEvent""]","[""runtimeIdBridge""]",true,[],Recast to end early.,"[{""sourceFile"":""skillnames.json""}]"
skill,SkillDescriptions.json,223008,Torrent Volley,skill:223008:1,cooldownTextUnclassified,evidence,textOnly,medium,false,unknown,,[],false,"[""localizedDescription"",""skillCooldownTable"",""skillDefinition"",""skillTags""]","[""skillCastEvent"",""skillCastOrDamageEvent""]","[""runtimeIdBridge""]",true,[],Recast to end early.,"[{""sourceFile"":""skillnames.json""}]"
skill,SkillDescriptions.json,223009,Torrent Volley,skill:223009:1,cooldownTextUnclassified,evidence,textOnly,medium,false,unknown,,[],false,"[""localizedDescription"",""skillCooldownTable"",""skillDefinition"",""skillTags""]","[""skillCastEvent"",""skillCastOrDamageEvent""]","[""runtimeIdBridge""]",true,[],Recast to end early.,"[{""sourceFile"":""skillnames.json""}]"
skill,SkillDescriptions.json,223010,Torrent Volley,skill:223010:1,cooldownTextUnclassified,evidence,textOnly,medium,false,unknown,,[],false,"[""localizedDescription"",""skillCooldownTable"",""skillDefinition"",""skillTags""]","[""skillCastEvent"",""skillCastOrDamageEvent""]","[""runtimeIdBridge""]",true,[],Recast to end early.,"[{""sourceFile"":""skillnames.json""}]"
skill,SkillDescriptions.json,223011,Torrent Volley,skill:223011:1,cooldownTextUnclassified,evidence,textOnly,medium,false,unknown,,[],false,"[""localizedDescription"",""skillCooldownTable"",""skillDefinition"",""skillTags""]","[""skillCastEvent"",""skillCastOrDamageEvent""]","[""runtimeIdBridge""]",true,[],Recast to end early.,"[{""sourceFile"":""skillnames.json""}]"
skill,SkillDescriptions.json,223012,Torrent Volley,skill:223012:1,cooldownTextUnclassified,evidence,textOnly,medium,false,unknown,,[],false,"[""localizedDescription"",""skillCooldownTable"",""skillDefinition"",""skillTags""]","[""skillCastEvent"",""skillCastOrDamageEvent""]","[""runtimeIdBridge""]",true,[],Recast to end early.,"[{""sourceFile"":""skillnames.json""}]"
skill,SkillDescriptions.json,223013,Torrent Volley,skill:223013:1,cooldownTextUnclassified,evidence,textOnly,medium,false,unknown,,[],false,"[""localizedDescription"",""skillCooldownTable"",""skillDefinition"",""skillTags""]","[""skillCastEvent"",""skillCastOrDamageEvent""]","[""runtimeIdBridge""]",true,[],Recast to end early.,"[{""sourceFile"":""skillnames.json""}]"
skill,SkillDescriptions.json,223014,Torrent Volley,skill:223014:1,cooldownTextUnclassified,evidence,textOnly,medium,false,unknown,,[],false,"[""localizedDescription"",""skillCooldownTable"",""skillDefinition"",""skillTags""]","[""skillCastEvent"",""skillCastOrDamageEvent""]","[""runtimeIdBridge""]",true,[],Recast to end early.,"[{""sourceFile"":""skillnames.json""}]"
skill,SkillDescriptions.json,223015,Torrent Volley,skill:223015:1,cooldownTextUnclassified,evidence,textOnly,medium,false,unknown,,[],false,"[""localizedDescription"",""skillCooldownTable"",""skillDefinition"",""skillTags""]","[""skillCastEvent"",""skillCastOrDamageEvent""]","[""runtimeIdBridge""]",true,[],Recast to end early.,"[{""sourceFile"":""skillnames.json""}]"
skill,SkillDescriptions.json,223016,Torrent Volley,skill:223016:1,cooldownTextUnclassified,evidence,textOnly,medium,false,unknown,,[],false,"[""localizedDescription"",""skillCooldownTable"",""skillDefinition"",""skillTags""]","[""skillCastEvent"",""skillCastOrDamageEvent""]","[""runtimeIdBridge""]",true,[],Recast to end early.,"[{""sourceFile"":""skillnames.json""}]"
skill,SkillDescriptions.json,223017,Torrent Volley,skill:223017:1,cooldownTextUnclassified,evidence,textOnly,medium,false,unknown,,[],false,"[""localizedDescription"",""skillCooldownTable"",""skillDefinition"",""skillTags""]","[""skillCastEvent"",""skillCastOrDamageEvent""]","[""runtimeIdBridge""]",true,[],Recast to end early.,"[{""sourceFile"":""skillnames.json""}]"
skill,SkillDescriptions.json,223018,Torrent Volley,skill:223018:1,cooldownTextUnclassified,evidence,textOnly,medium,false,unknown,,[],false,"[""localizedDescription"",""skillCooldownTable"",""skillDefinition"",""skillTags""]","[""skillCastEvent"",""skillCastOrDamageEvent""]","[""runtimeIdBridge""]",true,[],Recast to end early.,"[{""sourceFile"":""skillnames.json""}]"
skill,SkillDescriptions.json,223019,Torrent Volley,skill:223019:1,cooldownTextUnclassified,evidence,textOnly,medium,false,unknown,,[],false,"[""localizedDescription"",""skillCooldownTable"",""skillDefinition"",""skillTags""]","[""skillCastEvent"",""skillCastOrDamageEvent""]","[""runtimeIdBridge""]",true,[],Recast to end early.,"[{""sourceFile"":""skillnames.json""}]"
skill,SkillDescriptions.json,223020,Torrent Volley,skill:223020:1,cooldownTextUnclassified,evidence,textOnly,medium,false,unknown,,[],false,"[""localizedDescription"",""skillCooldownTable"",""skillDefinition"",""skillTags""]","[""skillCastEvent"",""skillCastOrDamageEvent""]","[""runtimeIdBridge""]",true,[],Recast to end early.,"[{""sourceFile"":""skillnames.json""}]"
skill,SkillDescriptions.json,223021,Torrent Volley,skill:223021:1,cooldownTextUnclassified,evidence,textOnly,medium,false,unknown,,[],false,"[""localizedDescription"",""skillCooldownTable"",""skillDefinition"",""skillTags""]","[""skillCastEvent"",""skillCastOrDamageEvent""]","[""runtimeIdBridge""]",true,[],Recast to end early.,"[{""sourceFile"":""skillnames.json""}]"
skill,SkillDescriptions.json,223022,Torrent Volley,skill:223022:1,cooldownTextUnclassified,evidence,textOnly,medium,false,unknown,,[],false,"[""localizedDescription"",""skillCooldownTable"",""skillDefinition"",""skillTags""]","[""skillCastEvent"",""skillCastOrDamageEvent""]","[""runtimeIdBridge""]",true,[],Recast to end early.,"[{""sourceFile"":""skillnames.json""}]"
skill,SkillDescriptions.json,223023,Torrent Volley,skill:223023:1,cooldownTextUnclassified,evidence,textOnly,medium,false,unknown,,[],false,"[""localizedDescription"",""skillCooldownTable"",""skillDefinition"",""skillTags""]","[""skillCastEvent"",""skillCastOrDamageEvent""]","[""runtimeIdBridge""]",true,[],Recast to end early.,"[{""sourceFile"":""skillnames.json""}]"
skill,SkillDescriptions.json,223024,Torrent Volley,skill:223024:1,cooldownTextUnclassified,evidence,textOnly,medium,false,unknown,,[],false,"[""localizedDescription"",""skillCooldownTable"",""skillDefinition"",""skillTags""]","[""skillCastEvent"",""skillCastOrDamageEvent""]","[""runtimeIdBridge""]",true,[],Recast to end early.,"[{""sourceFile"":""skillnames.json""}]"
skill,SkillDescriptions.json,223025,Torrent Volley,skill:223025:1,cooldownTextUnclassified,evidence,textOnly,medium,false,unknown,,[],false,"[""localizedDescription"",""skillCooldownTable"",""skillDefinition"",""skillTags""]","[""skillCastEvent"",""skillCastOrDamageEvent""]","[""runtimeIdBridge""]",true,[],Recast to end early.,"[{""sourceFile"":""skillnames.json""}]"
skill,SkillDescriptions.json,223026,Torrent Volley,skill:223026:1,cooldownTextUnclassified,evidence,textOnly,medium,false,unknown,,[],false,"[""localizedDescription"",""skillCooldownTable"",""skillDefinition"",""skillTags""]","[""skillCastEvent"",""skillCastOrDamageEvent""]","[""runtimeIdBridge""]",true,[],Recast to end early.,"[{""sourceFile"":""skillnames.json""}]"
skill,SkillDescriptions.json,223027,Torrent Volley,skill:223027:1,cooldownTextUnclassified,evidence,textOnly,medium,false,unknown,,[],false,"[""localizedDescription"",""skillCooldownTable"",""skillDefinition"",""skillTags""]","[""skillCastEvent"",""skillCastOrDamageEvent""]","[""runtimeIdBridge""]",true,[],Recast to end early.,"[{""sourceFile"":""skillnames.json""}]"
skill,SkillDescriptions.json,223028,Torrent Volley,skill:223028:1,cooldownTextUnclassified,evidence,textOnly,medium,false,unknown,,[],false,"[""localizedDescription"",""skillCooldownTable"",""skillDefinition"",""skillTags""]","[""skillCastEvent"",""skillCastOrDamageEvent""]","[""runtimeIdBridge""]",true,[],Recast to end early.,"[{""sourceFile"":""skillnames.json""}]"
skill,SkillDescriptions.json,223029,Torrent Volley,skill:223029:1,cooldownTextUnclassified,evidence,textOnly,medium,false,unknown,,[],false,"[""localizedDescription"",""skillCooldownTable"",""skillDefinition"",""skillTags""]","[""skillCastEvent"",""skillCastOrDamageEvent""]","[""runtimeIdBridge""]",true,[],Recast to end early.,"[{""sourceFile"":""skillnames.json""}]"
skill,SkillDescriptions.json,223030,Torrent Volley,skill:223030:1,cooldownTextUnclassified,evidence,textOnly,medium,false,unknown,,[],false,"[""localizedDescription"",""skillCooldownTable"",""skillDefinition"",""skillTags""]","[""skillCastEvent"",""skillCastOrDamageEvent""]","[""runtimeIdBridge""]",true,[],Recast to end early.,"[{""sourceFile"":""skillnames.json""}]"
skill,SkillDescriptions.json,223101,Focus,skill:223101:1,hasteStat,hasteEvidence,attrOrBuffEvidence,medium,false,specialAttack,Special Attacks,"[""haste""]",true,"[""localizedDescription"",""skillCooldownTable"",""skillDefinition"",""skillTags""]","[""finalCharacterStats"",""skillCastEvent"",""skillCastOrDamageEvent""]",[],true,"[{""value"":50,""unit"":""percent"",""raw"":""50%""}]","Enters Focus state, greatly increasing Haste and reducing the CD of Special Attacks by 50%.","[{""sourceFile"":""skillnames.json""}]"
skill,SkillDescriptions.json,223102,Focus,skill:223102:1,hasteStat,hasteEvidence,attrOrBuffEvidence,medium,false,specialAttack,Special Attacks,"[""haste""]",true,"[""localizedDescription"",""skillCooldownTable"",""skillDefinition"",""skillTags""]","[""finalCharacterStats"",""skillCastEvent"",""skillCastOrDamageEvent""]",[],true,"[{""value"":50,""unit"":""percent"",""raw"":""50%""}]","Enters Focus state, greatly increasing Haste and reducing the CD of Special Attacks by 50%.","[{""sourceFile"":""skillnames.json""}]"
skill,SkillDescriptions.json,223103,Focus,skill:223103:1,hasteStat,hasteEvidence,attrOrBuffEvidence,medium,false,specialAttack,Special Attacks,"[""haste""]",true,"[""localizedDescription"",""skillCooldownTable"",""skillDefinition"",""skillTags""]","[""finalCharacterStats"",""skillCastEvent"",""skillCastOrDamageEvent""]",[],true,"[{""value"":50,""unit"":""percent"",""raw"":""50%""}]","Enters Focus state, greatly increasing Haste and reducing the CD of Special Attacks by 50%.","[{""sourceFile"":""skillnames.json""}]"
skill,SkillDescriptions.json,223104,Focus,skill:223104:1,hasteStat,hasteEvidence,attrOrBuffEvidence,medium,false,specialAttack,Special Attacks,"[""haste""]",true,"[""localizedDescription"",""skillCooldownTable"",""skillDefinition"",""skillTags""]","[""finalCharacterStats"",""skillCastEvent"",""skillCastOrDamageEvent""]",[],true,"[{""value"":50,""unit"":""percent"",""raw"":""50%""}]","Enters Focus state, greatly increasing Haste and reducing the CD of Special Attacks by 50%.","[{""sourceFile"":""skillnames.json""}]"
skill,SkillDescriptions.json,223105,Focus,skill:223105:1,hasteStat,hasteEvidence,attrOrBuffEvidence,medium,false,specialAttack,Special Attacks,"[""haste""]",true,"[""localizedDescription"",""skillCooldownTable"",""skillDefinition"",""skillTags""]","[""finalCharacterStats"",""skillCastEvent"",""skillCastOrDamageEvent""]",[],true,"[{""value"":50,""unit"":""percent"",""raw"":""50%""}]","Enters Focus state, greatly increasing Haste and reducing the CD of Special Attacks by 50%.","[{""sourceFile"":""skillnames.json""}]"
skill,SkillDescriptions.json,223106,Focus,skill:223106:1,hasteStat,hasteEvidence,attrOrBuffEvidence,medium,false,specialAttack,Special Attacks,"[""haste""]",true,"[""localizedDescription"",""skillCooldownTable"",""skillDefinition"",""skillTags""]","[""finalCharacterStats"",""skillCastEvent"",""skillCastOrDamageEvent""]",[],true,"[{""value"":50,""unit"":""percent"",""raw"":""50%""}]","Enters Focus state, greatly increasing Haste and reducing the CD of Special Attacks by 50%.","[{""sourceFile"":""skillnames.json""}]"
skill,SkillDescriptions.json,223107,Focus,skill:223107:1,hasteStat,hasteEvidence,attrOrBuffEvidence,medium,false,specialAttack,Special Attacks,"[""haste""]",true,"[""localizedDescription"",""skillCooldownTable"",""skillDefinition"",""skillTags""]","[""finalCharacterStats"",""skillCastEvent"",""skillCastOrDamageEvent""]",[],true,"[{""value"":50,""unit"":""percent"",""raw"":""50%""}]","Enters Focus state, greatly increasing Haste and reducing the CD of Special Attacks by 50%.","[{""sourceFile"":""skillnames.json""}]"
skill,SkillDescriptions.json,223108,Focus,skill:223108:1,hasteStat,hasteEvidence,attrOrBuffEvidence,medium,false,specialAttack,Special Attacks,"[""haste""]",true,"[""localizedDescription"",""skillCooldownTable"",""skillDefinition"",""skillTags""]","[""finalCharacterStats"",""skillCastEvent"",""skillCastOrDamageEvent""]",[],true,"[{""value"":50,""unit"":""percent"",""raw"":""50%""}]","Enters Focus state, greatly increasing Haste and reducing the CD of Special Attacks by 50%.","[{""sourceFile"":""skillnames.json""}]"
skill,SkillDescriptions.json,223109,Focus,skill:223109:1,hasteStat,hasteEvidence,attrOrBuffEvidence,medium,false,specialAttack,Special Attacks,"[""haste""]",true,"[""localizedDescription"",""skillCooldownTable"",""skillDefinition"",""skillTags""]","[""finalCharacterStats"",""skillCastEvent"",""skillCastOrDamageEvent""]",[],true,"[{""value"":50,""unit"":""percent"",""raw"":""50%""}]","Enters Focus state, greatly increasing Haste and reducing the CD of Special Attacks by 50%.","[{""sourceFile"":""skillnames.json""}]"
skill,SkillDescriptions.json,223110,Focus,skill:223110:1,hasteStat,hasteEvidence,attrOrBuffEvidence,medium,false,specialAttack,Special Attacks,"[""haste""]",true,"[""localizedDescription"",""skillCooldownTable"",""skillDefinition"",""skillTags""]","[""finalCharacterStats"",""skillCastEvent"",""skillCastOrDamageEvent""]",[],true,"[{""value"":50,""unit"":""percent"",""raw"":""50%""}]","Enters Focus state, greatly increasing Haste and reducing the CD of Special Attacks by 50%.","[{""sourceFile"":""skillnames.json""}]"
skill,SkillDescriptions.json,223111,Focus,skill:223111:1,hasteStat,hasteEvidence,attrOrBuffEvidence,medium,false,specialAttack,Special Attacks,"[""haste""]",true,"[""localizedDescription"",""skillCooldownTable"",""skillDefinition"",""skillTags""]","[""finalCharacterStats"",""skillCastEvent"",""skillCastOrDamageEvent""]",[],true,"[{""value"":50,""unit"":""percent"",""raw"":""50%""}]","Enters Focus state, greatly increasing Haste and reducing the CD of Special Attacks by 50%.","[{""sourceFile"":""skillnames.json""}]"
skill,SkillDescriptions.json,223112,Focus,skill:223112:1,hasteStat,hasteEvidence,attrOrBuffEvidence,medium,false,specialAttack,Special Attacks,"[""haste""]",true,"[""localizedDescription"",""skillCooldownTable"",""skillDefinition"",""skillTags""]","[""finalCharacterStats"",""skillCastEvent"",""skillCastOrDamageEvent""]",[],true,"[{""value"":50,""unit"":""percent"",""raw"":""50%""}]","Enters Focus state, greatly increasing Haste and reducing the CD of Special Attacks by 50%.","[{""sourceFile"":""skillnames.json""}]"
skill,SkillDescriptions.json,223113,Focus,skill:223113:1,hasteStat,hasteEvidence,attrOrBuffEvidence,medium,false,specialAttack,Special Attacks,"[""haste""]",true,"[""localizedDescription"",""skillCooldownTable"",""skillDefinition"",""skillTags""]","[""finalCharacterStats"",""skillCastEvent"",""skillCastOrDamageEvent""]",[],true,"[{""value"":50,""unit"":""percent"",""raw"":""50%""}]","Enters Focus state, greatly increasing Haste and reducing the CD of Special Attacks by 50%.","[{""sourceFile"":""skillnames.json""}]"
skill,SkillDescriptions.json,223114,Focus,skill:223114:1,hasteStat,hasteEvidence,attrOrBuffEvidence,medium,false,specialAttack,Special Attacks,"[""haste""]",true,"[""localizedDescription"",""skillCooldownTable"",""skillDefinition"",""skillTags""]","[""finalCharacterStats"",""skillCastEvent"",""skillCastOrDamageEvent""]",[],true,"[{""value"":50,""unit"":""percent"",""raw"":""50%""}]","Enters Focus state, greatly increasing Haste and reducing the CD of Special Attacks by 50%.","[{""sourceFile"":""skillnames.json""}]"
skill,SkillDescriptions.json,223115,Focus,skill:223115:1,hasteStat,hasteEvidence,attrOrBuffEvidence,medium,false,specialAttack,Special Attacks,"[""haste""]",true,"[""localizedDescription"",""skillCooldownTable"",""skillDefinition"",""skillTags""]","[""finalCharacterStats"",""skillCastEvent"",""skillCastOrDamageEvent""]",[],true,"[{""value"":50,""unit"":""percent"",""raw"":""50%""}]","Enters Focus state, greatly increasing Haste and reducing the CD of Special Attacks by 50%.","[{""sourceFile"":""skillnames.json""}]"
skill,SkillDescriptions.json,223116,Focus,skill:223116:1,hasteStat,hasteEvidence,attrOrBuffEvidence,medium,false,specialAttack,Special Attacks,"[""haste""]",true,"[""localizedDescription"",""skillCooldownTable"",""skillDefinition"",""skillTags""]","[""finalCharacterStats"",""skillCastEvent"",""skillCastOrDamageEvent""]",[],true,"[{""value"":50,""unit"":""percent"",""raw"":""50%""}]","Enters Focus state, greatly increasing Haste and reducing the CD of Special Attacks by 50%.","[{""sourceFile"":""skillnames.json""}]"
skill,SkillDescriptions.json,223117,Focus,skill:223117:1,hasteStat,hasteEvidence,attrOrBuffEvidence,medium,false,specialAttack,Special Attacks,"[""haste""]",true,"[""localizedDescription"",""skillCooldownTable"",""skillDefinition"",""skillTags""]","[""finalCharacterStats"",""skillCastEvent"",""skillCastOrDamageEvent""]",[],true,"[{""value"":50,""unit"":""percent"",""raw"":""50%""}]","Enters Focus state, greatly increasing Haste and reducing the CD of Special Attacks by 50%.","[{""sourceFile"":""skillnames.json""}]"
skill,SkillDescriptions.json,223118,Focus,skill:223118:1,hasteStat,hasteEvidence,attrOrBuffEvidence,medium,false,specialAttack,Special Attacks,"[""haste""]",true,"[""localizedDescription"",""skillCooldownTable"",""skillDefinition"",""skillTags""]","[""finalCharacterStats"",""skillCastEvent"",""skillCastOrDamageEvent""]",[],true,"[{""value"":50,""unit"":""percent"",""raw"":""50%""}]","Enters Focus state, greatly increasing Haste and reducing the CD of Special Attacks by 50%.","[{""sourceFile"":""skillnames.json""}]"
skill,SkillDescriptions.json,223119,Focus,skill:223119:1,hasteStat,hasteEvidence,attrOrBuffEvidence,medium,false,specialAttack,Special Attacks,"[""haste""]",true,"[""localizedDescription"",""skillCooldownTable"",""skillDefinition"",""skillTags""]","[""finalCharacterStats"",""skillCastEvent"",""skillCastOrDamageEvent""]",[],true,"[{""value"":50,""unit"":""percent"",""raw"":""50%""}]","Enters Focus state, greatly increasing Haste and reducing the CD of Special Attacks by 50%.","[{""sourceFile"":""skillnames.json""}]"
skill,SkillDescriptions.json,223120,Focus,skill:223120:1,hasteStat,hasteEvidence,attrOrBuffEvidence,medium,false,specialAttack,Special Attacks,"[""haste""]",true,"[""localizedDescription"",""skillCooldownTable"",""skillDefinition"",""skillTags""]","[""finalCharacterStats"",""skillCastEvent"",""skillCastOrDamageEvent""]",[],true,"[{""value"":50,""unit"":""percent"",""raw"":""50%""}]","Enters Focus state, greatly increasing Haste and reducing the CD of Special Attacks by 50%.","[{""sourceFile"":""skillnames.json""}]"
skill,SkillDescriptions.json,223121,Focus,skill:223121:1,hasteStat,hasteEvidence,attrOrBuffEvidence,medium,false,specialAttack,Special Attacks,"[""haste""]",true,"[""localizedDescription"",""skillCooldownTable"",""skillDefinition"",""skillTags""]","[""finalCharacterStats"",""skillCastEvent"",""skillCastOrDamageEvent""]",[],true,"[{""value"":50,""unit"":""percent"",""raw"":""50%""}]","Enters Focus state, greatly increasing Haste and reducing the CD of Special Attacks by 50%.","[{""sourceFile"":""skillnames.json""}]"
skill,SkillDescriptions.json,223122,Focus,skill:223122:1,hasteStat,hasteEvidence,attrOrBuffEvidence,medium,false,specialAttack,Special Attacks,"[""haste""]",true,"[""localizedDescription"",""skillCooldownTable"",""skillDefinition"",""skillTags""]","[""finalCharacterStats"",""skillCastEvent"",""skillCastOrDamageEvent""]",[],true,"[{""value"":50,""unit"":""percent"",""raw"":""50%""}]","Enters Focus state, greatly increasing Haste and reducing the CD of Special Attacks by 50%.","[{""sourceFile"":""skillnames.json""}]"
skill,SkillDescriptions.json,223123,Focus,skill:223123:1,hasteStat,hasteEvidence,attrOrBuffEvidence,medium,false,specialAttack,Special Attacks,"[""haste""]",true,"[""localizedDescription"",""skillCooldownTable"",""skillDefinition"",""skillTags""]","[""finalCharacterStats"",""skillCastEvent"",""skillCastOrDamageEvent""]",[],true,"[{""value"":50,""unit"":""percent"",""raw"":""50%""}]","Enters Focus state, greatly increasing Haste and reducing the CD of Special Attacks by 50%.","[{""sourceFile"":""skillnames.json""}]"
skill,SkillDescriptions.json,223124,Focus,skill:223124:1,hasteStat,hasteEvidence,attrOrBuffEvidence,medium,false,specialAttack,Special Attacks,"[""haste""]",true,"[""localizedDescription"",""skillCooldownTable"",""skillDefinition"",""skillTags""]","[""finalCharacterStats"",""skillCastEvent"",""skillCastOrDamageEvent""]",[],true,"[{""value"":50,""unit"":""percent"",""raw"":""50%""}]","Enters Focus state, greatly increasing Haste and reducing the CD of Special Attacks by 50%.","[{""sourceFile"":""skillnames.json""}]"
skill,SkillDescriptions.json,223125,Focus,skill:223125:1,hasteStat,hasteEvidence,attrOrBuffEvidence,medium,false,specialAttack,Special Attacks,"[""haste""]",true,"[""localizedDescription"",""skillCooldownTable"",""skillDefinition"",""skillTags""]","[""finalCharacterStats"",""skillCastEvent"",""skillCastOrDamageEvent""]",[],true,"[{""value"":50,""unit"":""percent"",""raw"":""50%""}]","Enters Focus state, greatly increasing Haste and reducing the CD of Special Attacks by 50%.","[{""sourceFile"":""skillnames.json""}]"
skill,SkillDescriptions.json,223126,Focus,skill:223126:1,hasteStat,hasteEvidence,attrOrBuffEvidence,medium,false,specialAttack,Special Attacks,"[""haste""]",true,"[""localizedDescription"",""skillCooldownTable"",""skillDefinition"",""skillTags""]","[""finalCharacterStats"",""skillCastEvent"",""skillCastOrDamageEvent""]",[],true,"[{""value"":50,""unit"":""percent"",""raw"":""50%""}]","Enters Focus state, greatly increasing Haste and reducing the CD of Special Attacks by 50%.","[{""sourceFile"":""skillnames.json""}]"
skill,SkillDescriptions.json,223127,Focus,skill:223127:1,hasteStat,hasteEvidence,attrOrBuffEvidence,medium,false,specialAttack,Special Attacks,"[""haste""]",true,"[""localizedDescription"",""skillCooldownTable"",""skillDefinition"",""skillTags""]","[""finalCharacterStats"",""skillCastEvent"",""skillCastOrDamageEvent""]",[],true,"[{""value"":50,""unit"":""percent"",""raw"":""50%""}]","Enters Focus state, greatly increasing Haste and reducing the CD of Special Attacks by 50%.","[{""sourceFile"":""skillnames.json""}]"
skill,SkillDescriptions.json,223128,Focus,skill:223128:1,hasteStat,hasteEvidence,attrOrBuffEvidence,medium,false,specialAttack,Special Attacks,"[""haste""]",true,"[""localizedDescription"",""skillCooldownTable"",""skillDefinition"",""skillTags""]","[""finalCharacterStats"",""skillCastEvent"",""skillCastOrDamageEvent""]",[],true,"[{""value"":50,""unit"":""percent"",""raw"":""50%""}]","Enters Focus state, greatly increasing Haste and reducing the CD of Special Attacks by 50%.","[{""sourceFile"":""skillnames.json""}]"
skill,SkillDescriptions.json,223129,Focus,skill:223129:1,hasteStat,hasteEvidence,attrOrBuffEvidence,medium,false,specialAttack,Special Attacks,"[""haste""]",true,"[""localizedDescription"",""skillCooldownTable"",""skillDefinition"",""skillTags""]","[""finalCharacterStats"",""skillCastEvent"",""skillCastOrDamageEvent""]",[],true,"[{""value"":50,""unit"":""percent"",""raw"":""50%""}]","Enters Focus state, greatly increasing Haste and reducing the CD of Special Attacks by 50%.","[{""sourceFile"":""skillnames.json""}]"
skill,SkillDescriptions.json,223130,Focus,skill:223130:1,hasteStat,hasteEvidence,attrOrBuffEvidence,medium,false,specialAttack,Special Attacks,"[""haste""]",true,"[""localizedDescription"",""skillCooldownTable"",""skillDefinition"",""skillTags""]","[""finalCharacterStats"",""skillCastEvent"",""skillCastOrDamageEvent""]",[],true,"[{""value"":50,""unit"":""percent"",""raw"":""50%""}]","Enters Focus state, greatly increasing Haste and reducing the CD of Special Attacks by 50%.","[{""sourceFile"":""skillnames.json""}]"
skill,SkillDescriptions.json,230901,Rhapsody of Flame,skill:230901:1,cooldownTextUnclassified,evidence,textOnly,medium,false,unknown,,[],false,"[""localizedDescription"",""skillCooldownTable"",""skillDefinition"",""skillTags""]","[""skillCastEvent"",""skillCastOrDamageEvent""]","[""runtimeIdBridge""]",true,[],Cast it once the CD ends for max effectiveness.,"[{""sourceFile"":""skillnames.json""}]"
skill,SkillDescriptions.json,230902,Rhapsody of Flame,skill:230902:1,cooldownTextUnclassified,evidence,textOnly,medium,false,unknown,,[],false,"[""localizedDescription"",""skillCooldownTable"",""skillDefinition"",""skillTags""]","[""skillCastEvent"",""skillCastOrDamageEvent""]","[""runtimeIdBridge""]",true,[],Cast it once the CD ends for max effectiveness.,"[{""sourceFile"":""skillnames.json""}]"
skill,SkillDescriptions.json,230903,Rhapsody of Flame,skill:230903:1,cooldownTextUnclassified,evidence,textOnly,medium,false,unknown,,[],false,"[""localizedDescription"",""skillCooldownTable"",""skillDefinition"",""skillTags""]","[""skillCastEvent"",""skillCastOrDamageEvent""]","[""runtimeIdBridge""]",true,[],Cast it once the CD ends for max effectiveness.,"[{""sourceFile"":""skillnames.json""}]"
skill,SkillDescriptions.json,230904,Rhapsody of Flame,skill:230904:1,cooldownTextUnclassified,evidence,textOnly,medium,false,unknown,,[],false,"[""localizedDescription"",""skillCooldownTable"",""skillDefinition"",""skillTags""]","[""skillCastEvent"",""skillCastOrDamageEvent""]","[""runtimeIdBridge""]",true,[],Cast it once the CD ends for max effectiveness.,"[{""sourceFile"":""skillnames.json""}]"
skill,SkillDescriptions.json,230905,Rhapsody of Flame,skill:230905:1,cooldownTextUnclassified,evidence,textOnly,medium,false,unknown,,[],false,"[""localizedDescription"",""skillCooldownTable"",""skillDefinition"",""skillTags""]","[""skillCastEvent"",""skillCastOrDamageEvent""]","[""runtimeIdBridge""]",true,[],Cast it once the CD ends for max effectiveness.,"[{""sourceFile"":""skillnames.json""}]"
skill,SkillDescriptions.json,230906,Rhapsody of Flame,skill:230906:1,cooldownTextUnclassified,evidence,textOnly,medium,false,unknown,,[],false,"[""localizedDescription"",""skillCooldownTable"",""skillDefinition"",""skillTags""]","[""skillCastEvent"",""skillCastOrDamageEvent""]","[""runtimeIdBridge""]",true,[],Cast it once the CD ends for max effectiveness.,"[{""sourceFile"":""skillnames.json""}]"
skill,SkillDescriptions.json,230907,Rhapsody of Flame,skill:230907:1,cooldownTextUnclassified,evidence,textOnly,medium,false,unknown,,[],false,"[""localizedDescription"",""skillCooldownTable"",""skillDefinition"",""skillTags""]","[""skillCastEvent"",""skillCastOrDamageEvent""]","[""runtimeIdBridge""]",true,[],Cast it once the CD ends for max effectiveness.,"[{""sourceFile"":""skillnames.json""}]"
skill,SkillDescriptions.json,230908,Rhapsody of Flame,skill:230908:1,cooldownTextUnclassified,evidence,textOnly,medium,false,unknown,,[],false,"[""localizedDescription"",""skillCooldownTable"",""skillDefinition"",""skillTags""]","[""skillCastEvent"",""skillCastOrDamageEvent""]","[""runtimeIdBridge""]",true,[],Cast it once the CD ends for max effectiveness.,"[{""sourceFile"":""skillnames.json""}]"
skill,SkillDescriptions.json,230909,Rhapsody of Flame,skill:230909:1,cooldownTextUnclassified,evidence,textOnly,medium,false,unknown,,[],false,"[""localizedDescription"",""skillCooldownTable"",""skillDefinition"",""skillTags""]","[""skillCastEvent"",""skillCastOrDamageEvent""]","[""runtimeIdBridge""]",true,[],Cast it once the CD ends for max effectiveness.,"[{""sourceFile"":""skillnames.json""}]"
skill,SkillDescriptions.json,230910,Rhapsody of Flame,skill:230910:1,cooldownTextUnclassified,evidence,textOnly,medium,false,unknown,,[],false,"[""localizedDescription"",""skillCooldownTable"",""skillDefinition"",""skillTags""]","[""skillCastEvent"",""skillCastOrDamageEvent""]","[""runtimeIdBridge""]",true,[],Cast it once the CD ends for max effectiveness.,"[{""sourceFile"":""skillnames.json""}]"
skill,SkillDescriptions.json,230911,Rhapsody of Flame,skill:230911:1,cooldownTextUnclassified,evidence,textOnly,medium,false,unknown,,[],false,"[""localizedDescription"",""skillCooldownTable"",""skillDefinition"",""skillTags""]","[""skillCastEvent"",""skillCastOrDamageEvent""]","[""runtimeIdBridge""]",true,[],Cast it once the CD ends for max effectiveness.,"[{""sourceFile"":""skillnames.json""}]"
skill,SkillDescriptions.json,230912,Rhapsody of Flame,skill:230912:1,cooldownTextUnclassified,evidence,textOnly,medium,false,unknown,,[],false,"[""localizedDescription"",""skillCooldownTable"",""skillDefinition"",""skillTags""]","[""skillCastEvent"",""skillCastOrDamageEvent""]","[""runtimeIdBridge""]",true,[],Cast it once the CD ends for max effectiveness.,"[{""sourceFile"":""skillnames.json""}]"
skill,SkillDescriptions.json,230913,Rhapsody of Flame,skill:230913:1,cooldownTextUnclassified,evidence,textOnly,medium,false,unknown,,[],false,"[""localizedDescription"",""skillCooldownTable"",""skillDefinition"",""skillTags""]","[""skillCastEvent"",""skillCastOrDamageEvent""]","[""runtimeIdBridge""]",true,[],Cast it once the CD ends for max effectiveness.,"[{""sourceFile"":""skillnames.json""}]"
skill,SkillDescriptions.json,230914,Rhapsody of Flame,skill:230914:1,cooldownTextUnclassified,evidence,textOnly,medium,false,unknown,,[],false,"[""localizedDescription"",""skillCooldownTable"",""skillDefinition"",""skillTags""]","[""skillCastEvent"",""skillCastOrDamageEvent""]","[""runtimeIdBridge""]",true,[],Cast it once the CD ends for max effectiveness.,"[{""sourceFile"":""skillnames.json""}]"
skill,SkillDescriptions.json,230915,Rhapsody of Flame,skill:230915:1,cooldownTextUnclassified,evidence,textOnly,medium,false,unknown,,[],false,"[""localizedDescription"",""skillCooldownTable"",""skillDefinition"",""skillTags""]","[""skillCastEvent"",""skillCastOrDamageEvent""]","[""runtimeIdBridge""]",true,[],Cast it once the CD ends for max effectiveness.,"[{""sourceFile"":""skillnames.json""}]"
skill,SkillDescriptions.json,230916,Rhapsody of Flame,skill:230916:1,cooldownTextUnclassified,evidence,textOnly,medium,false,unknown,,[],false,"[""localizedDescription"",""skillCooldownTable"",""skillDefinition"",""skillTags""]","[""skillCastEvent"",""skillCastOrDamageEvent""]","[""runtimeIdBridge""]",true,[],Cast it once the CD ends for max effectiveness.,"[{""sourceFile"":""skillnames.json""}]"
skill,SkillDescriptions.json,230917,Rhapsody of Flame,skill:230917:1,cooldownTextUnclassified,evidence,textOnly,medium,false,unknown,,[],false,"[""localizedDescription"",""skillCooldownTable"",""skillDefinition"",""skillTags""]","[""skillCastEvent"",""skillCastOrDamageEvent""]","[""runtimeIdBridge""]",true,[],Cast it once the CD ends for max effectiveness.,"[{""sourceFile"":""skillnames.json""}]"
skill,SkillDescriptions.json,230918,Rhapsody of Flame,skill:230918:1,cooldownTextUnclassified,evidence,textOnly,medium,false,unknown,,[],false,"[""localizedDescription"",""skillCooldownTable"",""skillDefinition"",""skillTags""]","[""skillCastEvent"",""skillCastOrDamageEvent""]","[""runtimeIdBridge""]",true,[],Cast it once the CD ends for max effectiveness.,"[{""sourceFile"":""skillnames.json""}]"
skill,SkillDescriptions.json,230919,Rhapsody of Flame,skill:230919:1,cooldownTextUnclassified,evidence,textOnly,medium,false,unknown,,[],false,"[""localizedDescription"",""skillCooldownTable"",""skillDefinition"",""skillTags""]","[""skillCastEvent"",""skillCastOrDamageEvent""]","[""runtimeIdBridge""]",true,[],Cast it once the CD ends for max effectiveness.,"[{""sourceFile"":""skillnames.json""}]"
skill,SkillDescriptions.json,230920,Rhapsody of Flame,skill:230920:1,cooldownTextUnclassified,evidence,textOnly,medium,false,unknown,,[],false,"[""localizedDescription"",""skillCooldownTable"",""skillDefinition"",""skillTags""]","[""skillCastEvent"",""skillCastOrDamageEvent""]","[""runtimeIdBridge""]",true,[],Cast it once the CD ends for max effectiveness.,"[{""sourceFile"":""skillnames.json""}]"
skill,SkillDescriptions.json,230921,Rhapsody of Flame,skill:230921:1,cooldownTextUnclassified,evidence,textOnly,medium,false,unknown,,[],false,"[""localizedDescription"",""skillCooldownTable"",""skillDefinition"",""skillTags""]","[""skillCastEvent"",""skillCastOrDamageEvent""]","[""runtimeIdBridge""]",true,[],Cast it once the CD ends for max effectiveness.,"[{""sourceFile"":""skillnames.json""}]"
skill,SkillDescriptions.json,230922,Rhapsody of Flame,skill:230922:1,cooldownTextUnclassified,evidence,textOnly,medium,false,unknown,,[],false,"[""localizedDescription"",""skillCooldownTable"",""skillDefinition"",""skillTags""]","[""skillCastEvent"",""skillCastOrDamageEvent""]","[""runtimeIdBridge""]",true,[],Cast it once the CD ends for max effectiveness.,"[{""sourceFile"":""skillnames.json""}]"
skill,SkillDescriptions.json,230923,Rhapsody of Flame,skill:230923:1,cooldownTextUnclassified,evidence,textOnly,medium,false,unknown,,[],false,"[""localizedDescription"",""skillCooldownTable"",""skillDefinition"",""skillTags""]","[""skillCastEvent"",""skillCastOrDamageEvent""]","[""runtimeIdBridge""]",true,[],Cast it once the CD ends for max effectiveness.,"[{""sourceFile"":""skillnames.json""}]"
skill,SkillDescriptions.json,230924,Rhapsody of Flame,skill:230924:1,cooldownTextUnclassified,evidence,textOnly,medium,false,unknown,,[],false,"[""localizedDescription"",""skillCooldownTable"",""skillDefinition"",""skillTags""]","[""skillCastEvent"",""skillCastOrDamageEvent""]","[""runtimeIdBridge""]",true,[],Cast it once the CD ends for max effectiveness.,"[{""sourceFile"":""skillnames.json""}]"
skill,SkillDescriptions.json,230925,Rhapsody of Flame,skill:230925:1,cooldownTextUnclassified,evidence,textOnly,medium,false,unknown,,[],false,"[""localizedDescription"",""skillCooldownTable"",""skillDefinition"",""skillTags""]","[""skillCastEvent"",""skillCastOrDamageEvent""]","[""runtimeIdBridge""]",true,[],Cast it once the CD ends for max effectiveness.,"[{""sourceFile"":""skillnames.json""}]"
skill,SkillDescriptions.json,230926,Rhapsody of Flame,skill:230926:1,cooldownTextUnclassified,evidence,textOnly,medium,false,unknown,,[],false,"[""localizedDescription"",""skillCooldownTable"",""skillDefinition"",""skillTags""]","[""skillCastEvent"",""skillCastOrDamageEvent""]","[""runtimeIdBridge""]",true,[],Cast it once the CD ends for max effectiveness.,"[{""sourceFile"":""skillnames.json""}]"
skill,SkillDescriptions.json,230927,Rhapsody of Flame,skill:230927:1,cooldownTextUnclassified,evidence,textOnly,medium,false,unknown,,[],false,"[""localizedDescription"",""skillCooldownTable"",""skillDefinition"",""skillTags""]","[""skillCastEvent"",""skillCastOrDamageEvent""]","[""runtimeIdBridge""]",true,[],Cast it once the CD ends for max effectiveness.,"[{""sourceFile"":""skillnames.json""}]"
skill,SkillDescriptions.json,230928,Rhapsody of Flame,skill:230928:1,cooldownTextUnclassified,evidence,textOnly,medium,false,unknown,,[],false,"[""localizedDescription"",""skillCooldownTable"",""skillDefinition"",""skillTags""]","[""skillCastEvent"",""skillCastOrDamageEvent""]","[""runtimeIdBridge""]",true,[],Cast it once the CD ends for max effectiveness.,"[{""sourceFile"":""skillnames.json""}]"
skill,SkillDescriptions.json,230929,Rhapsody of Flame,skill:230929:1,cooldownTextUnclassified,evidence,textOnly,medium,false,unknown,,[],false,"[""localizedDescription"",""skillCooldownTable"",""skillDefinition"",""skillTags""]","[""skillCastEvent"",""skillCastOrDamageEvent""]","[""runtimeIdBridge""]",true,[],Cast it once the CD ends for max effectiveness.,"[{""sourceFile"":""skillnames.json""}]"
skill,SkillDescriptions.json,230930,Rhapsody of Flame,skill:230930:1,cooldownTextUnclassified,evidence,textOnly,medium,false,unknown,,[],false,"[""localizedDescription"",""skillCooldownTable"",""skillDefinition"",""skillTags""]","[""skillCastEvent"",""skillCastOrDamageEvent""]","[""runtimeIdBridge""]",true,[],Cast it once the CD ends for max effectiveness.,"[{""sourceFile"":""skillnames.json""}]"
skill,SkillDescriptions.json,231001,Heroic Melody,skill:231001:1,cooldownTextUnclassified,evidence,textOnly,medium,false,unknown,,[],false,"[""localizedDescription"",""skillCooldownTable"",""skillDefinition"",""skillTags""]","[""skillCastOrDamageEvent""]","[""runtimeIdBridge""]",true,"[{""value"":5,""unit"":""seconds"",""raw"":""5s""}]",CD: 5s.,"[{""sourceFile"":""skillnames.json""}]"
skill,SkillDescriptions.json,231001,Heroic Melody,skill:231001:2,hasteStat,hasteEvidence,attrOrBuffEvidence,medium,false,unknown,,"[""haste""]",true,"[""localizedDescription"",""skillCooldownTable"",""skillDefinition"",""skillTags""]","[""finalCharacterStats"",""healEvent"",""skillCastOrDamageEvent""]","[""targetSkillScopeMapping""]",true,"[{""value"":6,""unit"":"""",""raw"":""6 ""},{""value"":3,""unit"":""seconds"",""raw"":""3s""},{""value"":10,""unit"":"""",""raw"":""10 ""}]","While performing Heroic Melody, you consume 6 Performance Energy per second, and every 3s, 10 allies restore HP (Interval affected by Haste).","[{""sourceFile"":""skillnames.json""}]"
skill,SkillDescriptions.json,231002,Heroic Melody,skill:231002:1,cooldownTextUnclassified,evidence,textOnly,medium,false,unknown,,[],false,"[""localizedDescription"",""skillCooldownTable"",""skillDefinition"",""skillTags""]","[""skillCastOrDamageEvent""]","[""runtimeIdBridge""]",true,"[{""value"":5,""unit"":""seconds"",""raw"":""5s""}]",CD: 5s.,"[{""sourceFile"":""skillnames.json""}]"
skill,SkillDescriptions.json,231002,Heroic Melody,skill:231002:2,hasteStat,hasteEvidence,attrOrBuffEvidence,medium,false,unknown,,"[""haste""]",true,"[""localizedDescription"",""skillCooldownTable"",""skillDefinition"",""skillTags""]","[""finalCharacterStats"",""healEvent"",""skillCastOrDamageEvent""]","[""targetSkillScopeMapping""]",true,"[{""value"":6,""unit"":"""",""raw"":""6 ""},{""value"":3,""unit"":""seconds"",""raw"":""3s""},{""value"":10,""unit"":"""",""raw"":""10 ""}]","While performing Heroic Melody, you consume 6 Performance Energy per second, and every 3s, 10 allies restore HP (Interval affected by Haste).","[{""sourceFile"":""skillnames.json""}]"
skill,SkillDescriptions.json,231003,Heroic Melody,skill:231003:1,cooldownTextUnclassified,evidence,textOnly,medium,false,unknown,,[],false,"[""localizedDescription"",""skillCooldownTable"",""skillDefinition"",""skillTags""]","[""skillCastOrDamageEvent""]","[""runtimeIdBridge""]",true,"[{""value"":5,""unit"":""seconds"",""raw"":""5s""}]",CD: 5s.,"[{""sourceFile"":""skillnames.json""}]"
skill,SkillDescriptions.json,231003,Heroic Melody,skill:231003:2,hasteStat,hasteEvidence,attrOrBuffEvidence,medium,false,unknown,,"[""haste""]",true,"[""localizedDescription"",""skillCooldownTable"",""skillDefinition"",""skillTags""]","[""finalCharacterStats"",""healEvent"",""skillCastOrDamageEvent""]","[""targetSkillScopeMapping""]",true,"[{""value"":6,""unit"":"""",""raw"":""6 ""},{""value"":3,""unit"":""seconds"",""raw"":""3s""},{""value"":10,""unit"":"""",""raw"":""10 ""}]","While performing Heroic Melody, you consume 6 Performance Energy per second, and every 3s, 10 allies restore HP (Interval affected by Haste).","[{""sourceFile"":""skillnames.json""}]"
skill,SkillDescriptions.json,231004,Heroic Melody,skill:231004:1,cooldownTextUnclassified,evidence,textOnly,medium,false,unknown,,[],false,"[""localizedDescription"",""skillCooldownTable"",""skillDefinition"",""skillTags""]","[""skillCastOrDamageEvent""]","[""runtimeIdBridge""]",true,"[{""value"":5,""unit"":""seconds"",""raw"":""5s""}]",CD: 5s.,"[{""sourceFile"":""skillnames.json""}]"
skill,SkillDescriptions.json,231004,Heroic Melody,skill:231004:2,hasteStat,hasteEvidence,attrOrBuffEvidence,medium,false,unknown,,"[""haste""]",true,"[""localizedDescription"",""skillCooldownTable"",""skillDefinition"",""skillTags""]","[""finalCharacterStats"",""healEvent"",""skillCastOrDamageEvent""]","[""targetSkillScopeMapping""]",true,"[{""value"":6,""unit"":"""",""raw"":""6 ""},{""value"":3,""unit"":""seconds"",""raw"":""3s""},{""value"":10,""unit"":"""",""raw"":""10 ""}]","While performing Heroic Melody, you consume 6 Performance Energy per second, and every 3s, 10 allies restore HP (Interval affected by Haste).","[{""sourceFile"":""skillnames.json""}]"
skill,SkillDescriptions.json,231005,Heroic Melody,skill:231005:1,cooldownTextUnclassified,evidence,textOnly,medium,false,unknown,,[],false,"[""localizedDescription"",""skillCooldownTable"",""skillDefinition"",""skillTags""]","[""skillCastOrDamageEvent""]","[""runtimeIdBridge""]",true,"[{""value"":5,""unit"":""seconds"",""raw"":""5s""}]",CD: 5s.,"[{""sourceFile"":""skillnames.json""}]"
skill,SkillDescriptions.json,231005,Heroic Melody,skill:231005:2,hasteStat,hasteEvidence,attrOrBuffEvidence,medium,false,unknown,,"[""haste""]",true,"[""localizedDescription"",""skillCooldownTable"",""skillDefinition"",""skillTags""]","[""finalCharacterStats"",""healEvent"",""skillCastOrDamageEvent""]","[""targetSkillScopeMapping""]",true,"[{""value"":6,""unit"":"""",""raw"":""6 ""},{""value"":3,""unit"":""seconds"",""raw"":""3s""},{""value"":10,""unit"":"""",""raw"":""10 ""}]","While performing Heroic Melody, you consume 6 Performance Energy per second, and every 3s, 10 allies restore HP (Interval affected by Haste).","[{""sourceFile"":""skillnames.json""}]"
skill,SkillDescriptions.json,231006,Heroic Melody,skill:231006:1,cooldownTextUnclassified,evidence,textOnly,medium,false,unknown,,[],false,"[""localizedDescription"",""skillCooldownTable"",""skillDefinition"",""skillTags""]","[""skillCastOrDamageEvent""]","[""runtimeIdBridge""]",true,"[{""value"":5,""unit"":""seconds"",""raw"":""5s""}]",CD: 5s.,"[{""sourceFile"":""skillnames.json""}]"
skill,SkillDescriptions.json,231006,Heroic Melody,skill:231006:2,hasteStat,hasteEvidence,attrOrBuffEvidence,medium,false,unknown,,"[""haste""]",true,"[""localizedDescription"",""skillCooldownTable"",""skillDefinition"",""skillTags""]","[""finalCharacterStats"",""healEvent"",""skillCastOrDamageEvent""]","[""targetSkillScopeMapping""]",true,"[{""value"":6,""unit"":"""",""raw"":""6 ""},{""value"":3,""unit"":""seconds"",""raw"":""3s""},{""value"":10,""unit"":"""",""raw"":""10 ""}]","While performing Heroic Melody, you consume 6 Performance Energy per second, and every 3s, 10 allies restore HP (Interval affected by Haste).","[{""sourceFile"":""skillnames.json""}]"
skill,SkillDescriptions.json,231007,Heroic Melody,skill:231007:1,cooldownTextUnclassified,evidence,textOnly,medium,false,unknown,,[],false,"[""localizedDescription"",""skillCooldownTable"",""skillDefinition"",""skillTags""]","[""skillCastOrDamageEvent""]","[""runtimeIdBridge""]",true,"[{""value"":5,""unit"":""seconds"",""raw"":""5s""}]",CD: 5s.,"[{""sourceFile"":""skillnames.json""}]"
skill,SkillDescriptions.json,231007,Heroic Melody,skill:231007:2,hasteStat,hasteEvidence,attrOrBuffEvidence,medium,false,unknown,,"[""haste""]",true,"[""localizedDescription"",""skillCooldownTable"",""skillDefinition"",""skillTags""]","[""finalCharacterStats"",""healEvent"",""skillCastOrDamageEvent""]","[""targetSkillScopeMapping""]",true,"[{""value"":6,""unit"":"""",""raw"":""6 ""},{""value"":3,""unit"":""seconds"",""raw"":""3s""},{""value"":10,""unit"":"""",""raw"":""10 ""}]","While performing Heroic Melody, you consume 6 Performance Energy per second, and every 3s, 10 allies restore HP (Interval affected by Haste).","[{""sourceFile"":""skillnames.json""}]"
skill,SkillDescriptions.json,231008,Heroic Melody,skill:231008:1,cooldownTextUnclassified,evidence,textOnly,medium,false,unknown,,[],false,"[""localizedDescription"",""skillCooldownTable"",""skillDefinition"",""skillTags""]","[""skillCastOrDamageEvent""]","[""runtimeIdBridge""]",true,"[{""value"":5,""unit"":""seconds"",""raw"":""5s""}]",CD: 5s.,"[{""sourceFile"":""skillnames.json""}]"
skill,SkillDescriptions.json,231008,Heroic Melody,skill:231008:2,hasteStat,hasteEvidence,attrOrBuffEvidence,medium,false,unknown,,"[""haste""]",true,"[""localizedDescription"",""skillCooldownTable"",""skillDefinition"",""skillTags""]","[""finalCharacterStats"",""healEvent"",""skillCastOrDamageEvent""]","[""targetSkillScopeMapping""]",true,"[{""value"":6,""unit"":"""",""raw"":""6 ""},{""value"":3,""unit"":""seconds"",""raw"":""3s""},{""value"":10,""unit"":"""",""raw"":""10 ""}]","While performing Heroic Melody, you consume 6 Performance Energy per second, and every 3s, 10 allies restore HP (Interval affected by Haste).","[{""sourceFile"":""skillnames.json""}]"
skill,SkillDescriptions.json,231009,Heroic Melody,skill:231009:1,cooldownTextUnclassified,evidence,textOnly,medium,false,unknown,,[],false,"[""localizedDescription"",""skillCooldownTable"",""skillDefinition"",""skillTags""]","[""skillCastOrDamageEvent""]","[""runtimeIdBridge""]",true,"[{""value"":5,""unit"":""seconds"",""raw"":""5s""}]",CD: 5s.,"[{""sourceFile"":""skillnames.json""}]"
skill,SkillDescriptions.json,231009,Heroic Melody,skill:231009:2,hasteStat,hasteEvidence,attrOrBuffEvidence,medium,false,unknown,,"[""haste""]",true,"[""localizedDescription"",""skillCooldownTable"",""skillDefinition"",""skillTags""]","[""finalCharacterStats"",""healEvent"",""skillCastOrDamageEvent""]","[""targetSkillScopeMapping""]",true,"[{""value"":6,""unit"":"""",""raw"":""6 ""},{""value"":3,""unit"":""seconds"",""raw"":""3s""},{""value"":10,""unit"":"""",""raw"":""10 ""}]","While performing Heroic Melody, you consume 6 Performance Energy per second, and every 3s, 10 allies restore HP (Interval affected by Haste).","[{""sourceFile"":""skillnames.json""}]"
skill,SkillDescriptions.json,231010,Heroic Melody,skill:231010:1,cooldownTextUnclassified,evidence,textOnly,medium,false,unknown,,[],false,"[""localizedDescription"",""skillCooldownTable"",""skillDefinition"",""skillTags""]","[""skillCastOrDamageEvent""]","[""runtimeIdBridge""]",true,"[{""value"":5,""unit"":""seconds"",""raw"":""5s""}]",CD: 5s.,"[{""sourceFile"":""skillnames.json""}]"
skill,SkillDescriptions.json,231010,Heroic Melody,skill:231010:2,hasteStat,hasteEvidence,attrOrBuffEvidence,medium,false,unknown,,"[""haste""]",true,"[""localizedDescription"",""skillCooldownTable"",""skillDefinition"",""skillTags""]","[""finalCharacterStats"",""healEvent"",""skillCastOrDamageEvent""]","[""targetSkillScopeMapping""]",true,"[{""value"":6,""unit"":"""",""raw"":""6 ""},{""value"":3,""unit"":""seconds"",""raw"":""3s""},{""value"":10,""unit"":"""",""raw"":""10 ""}]","While performing Heroic Melody, you consume 6 Performance Energy per second, and every 3s, 10 allies restore HP (Interval affected by Haste).","[{""sourceFile"":""skillnames.json""}]"
skill,SkillDescriptions.json,231011,Heroic Melody,skill:231011:1,cooldownTextUnclassified,evidence,textOnly,medium,false,unknown,,[],false,"[""localizedDescription"",""skillCooldownTable"",""skillDefinition"",""skillTags""]","[""skillCastOrDamageEvent""]","[""runtimeIdBridge""]",true,"[{""value"":5,""unit"":""seconds"",""raw"":""5s""}]",CD: 5s.,"[{""sourceFile"":""skillnames.json""}]"
skill,SkillDescriptions.json,231011,Heroic Melody,skill:231011:2,hasteStat,hasteEvidence,attrOrBuffEvidence,medium,false,unknown,,"[""haste""]",true,"[""localizedDescription"",""skillCooldownTable"",""skillDefinition"",""skillTags""]","[""finalCharacterStats"",""healEvent"",""skillCastOrDamageEvent""]","[""targetSkillScopeMapping""]",true,"[{""value"":6,""unit"":"""",""raw"":""6 ""},{""value"":3,""unit"":""seconds"",""raw"":""3s""},{""value"":10,""unit"":"""",""raw"":""10 ""}]","While performing Heroic Melody, you consume 6 Performance Energy per second, and every 3s, 10 allies restore HP (Interval affected by Haste).","[{""sourceFile"":""skillnames.json""}]"
skill,SkillDescriptions.json,231012,Heroic Melody,skill:231012:1,cooldownTextUnclassified,evidence,textOnly,medium,false,unknown,,[],false,"[""localizedDescription"",""skillCooldownTable"",""skillDefinition"",""skillTags""]","[""skillCastOrDamageEvent""]","[""runtimeIdBridge""]",true,"[{""value"":5,""unit"":""seconds"",""raw"":""5s""}]",CD: 5s.,"[{""sourceFile"":""skillnames.json""}]"
skill,SkillDescriptions.json,231012,Heroic Melody,skill:231012:2,hasteStat,hasteEvidence,attrOrBuffEvidence,medium,false,unknown,,"[""haste""]",true,"[""localizedDescription"",""skillCooldownTable"",""skillDefinition"",""skillTags""]","[""finalCharacterStats"",""healEvent"",""skillCastOrDamageEvent""]","[""targetSkillScopeMapping""]",true,"[{""value"":6,""unit"":"""",""raw"":""6 ""},{""value"":3,""unit"":""seconds"",""raw"":""3s""},{""value"":10,""unit"":"""",""raw"":""10 ""}]","While performing Heroic Melody, you consume 6 Performance Energy per second, and every 3s, 10 allies restore HP (Interval affected by Haste).","[{""sourceFile"":""skillnames.json""}]"
skill,SkillDescriptions.json,231013,Heroic Melody,skill:231013:1,cooldownTextUnclassified,evidence,textOnly,medium,false,unknown,,[],false,"[""localizedDescription"",""skillCooldownTable"",""skillDefinition"",""skillTags""]","[""skillCastOrDamageEvent""]","[""runtimeIdBridge""]",true,"[{""value"":5,""unit"":""seconds"",""raw"":""5s""}]",CD: 5s.,"[{""sourceFile"":""skillnames.json""}]"
skill,SkillDescriptions.json,231013,Heroic Melody,skill:231013:2,hasteStat,hasteEvidence,attrOrBuffEvidence,medium,false,unknown,,"[""haste""]",true,"[""localizedDescription"",""skillCooldownTable"",""skillDefinition"",""skillTags""]","[""finalCharacterStats"",""healEvent"",""skillCastOrDamageEvent""]","[""targetSkillScopeMapping""]",true,"[{""value"":6,""unit"":"""",""raw"":""6 ""},{""value"":3,""unit"":""seconds"",""raw"":""3s""},{""value"":10,""unit"":"""",""raw"":""10 ""}]","While performing Heroic Melody, you consume 6 Performance Energy per second, and every 3s, 10 allies restore HP (Interval affected by Haste).","[{""sourceFile"":""skillnames.json""}]"
skill,SkillDescriptions.json,231014,Heroic Melody,skill:231014:1,cooldownTextUnclassified,evidence,textOnly,medium,false,unknown,,[],false,"[""localizedDescription"",""skillCooldownTable"",""skillDefinition"",""skillTags""]","[""skillCastOrDamageEvent""]","[""runtimeIdBridge""]",true,"[{""value"":5,""unit"":""seconds"",""raw"":""5s""}]",CD: 5s.,"[{""sourceFile"":""skillnames.json""}]"
skill,SkillDescriptions.json,231014,Heroic Melody,skill:231014:2,hasteStat,hasteEvidence,attrOrBuffEvidence,medium,false,unknown,,"[""haste""]",true,"[""localizedDescription"",""skillCooldownTable"",""skillDefinition"",""skillTags""]","[""finalCharacterStats"",""healEvent"",""skillCastOrDamageEvent""]","[""targetSkillScopeMapping""]",true,"[{""value"":6,""unit"":"""",""raw"":""6 ""},{""value"":3,""unit"":""seconds"",""raw"":""3s""},{""value"":10,""unit"":"""",""raw"":""10 ""}]","While performing Heroic Melody, you consume 6 Performance Energy per second, and every 3s, 10 allies restore HP (Interval affected by Haste).","[{""sourceFile"":""skillnames.json""}]"
skill,SkillDescriptions.json,231015,Heroic Melody,skill:231015:1,cooldownTextUnclassified,evidence,textOnly,medium,false,unknown,,[],false,"[""localizedDescription"",""skillCooldownTable"",""skillDefinition"",""skillTags""]","[""skillCastOrDamageEvent""]","[""runtimeIdBridge""]",true,"[{""value"":5,""unit"":""seconds"",""raw"":""5s""}]",CD: 5s.,"[{""sourceFile"":""skillnames.json""}]"
skill,SkillDescriptions.json,231015,Heroic Melody,skill:231015:2,hasteStat,hasteEvidence,attrOrBuffEvidence,medium,false,unknown,,"[""haste""]",true,"[""localizedDescription"",""skillCooldownTable"",""skillDefinition"",""skillTags""]","[""finalCharacterStats"",""healEvent"",""skillCastOrDamageEvent""]","[""targetSkillScopeMapping""]",true,"[{""value"":6,""unit"":"""",""raw"":""6 ""},{""value"":3,""unit"":""seconds"",""raw"":""3s""},{""value"":10,""unit"":"""",""raw"":""10 ""}]","While performing Heroic Melody, you consume 6 Performance Energy per second, and every 3s, 10 allies restore HP (Interval affected by Haste).","[{""sourceFile"":""skillnames.json""}]"
skill,SkillDescriptions.json,231016,Heroic Melody,skill:231016:1,cooldownTextUnclassified,evidence,textOnly,medium,false,unknown,,[],false,"[""localizedDescription"",""skillCooldownTable"",""skillDefinition"",""skillTags""]","[""skillCastOrDamageEvent""]","[""runtimeIdBridge""]",true,"[{""value"":5,""unit"":""seconds"",""raw"":""5s""}]",CD: 5s.,"[{""sourceFile"":""skillnames.json""}]"
skill,SkillDescriptions.json,231016,Heroic Melody,skill:231016:2,hasteStat,hasteEvidence,attrOrBuffEvidence,medium,false,unknown,,"[""haste""]",true,"[""localizedDescription"",""skillCooldownTable"",""skillDefinition"",""skillTags""]","[""finalCharacterStats"",""healEvent"",""skillCastOrDamageEvent""]","[""targetSkillScopeMapping""]",true,"[{""value"":6,""unit"":"""",""raw"":""6 ""},{""value"":3,""unit"":""seconds"",""raw"":""3s""},{""value"":10,""unit"":"""",""raw"":""10 ""}]","While performing Heroic Melody, you consume 6 Performance Energy per second, and every 3s, 10 allies restore HP (Interval affected by Haste).","[{""sourceFile"":""skillnames.json""}]"
skill,SkillDescriptions.json,231017,Heroic Melody,skill:231017:1,cooldownTextUnclassified,evidence,textOnly,medium,false,unknown,,[],false,"[""localizedDescription"",""skillCooldownTable"",""skillDefinition"",""skillTags""]","[""skillCastOrDamageEvent""]","[""runtimeIdBridge""]",true,"[{""value"":5,""unit"":""seconds"",""raw"":""5s""}]",CD: 5s.,"[{""sourceFile"":""skillnames.json""}]"
skill,SkillDescriptions.json,231017,Heroic Melody,skill:231017:2,hasteStat,hasteEvidence,attrOrBuffEvidence,medium,false,unknown,,"[""haste""]",true,"[""localizedDescription"",""skillCooldownTable"",""skillDefinition"",""skillTags""]","[""finalCharacterStats"",""healEvent"",""skillCastOrDamageEvent""]","[""targetSkillScopeMapping""]",true,"[{""value"":6,""unit"":"""",""raw"":""6 ""},{""value"":3,""unit"":""seconds"",""raw"":""3s""},{""value"":10,""unit"":"""",""raw"":""10 ""}]","While performing Heroic Melody, you consume 6 Performance Energy per second, and every 3s, 10 allies restore HP (Interval affected by Haste).","[{""sourceFile"":""skillnames.json""}]"
skill,SkillDescriptions.json,231018,Heroic Melody,skill:231018:1,cooldownTextUnclassified,evidence,textOnly,medium,false,unknown,,[],false,"[""localizedDescription"",""skillCooldownTable"",""skillDefinition"",""skillTags""]","[""skillCastOrDamageEvent""]","[""runtimeIdBridge""]",true,"[{""value"":5,""unit"":""seconds"",""raw"":""5s""}]",CD: 5s.,"[{""sourceFile"":""skillnames.json""}]"
skill,SkillDescriptions.json,231018,Heroic Melody,skill:231018:2,hasteStat,hasteEvidence,attrOrBuffEvidence,medium,false,unknown,,"[""haste""]",true,"[""localizedDescription"",""skillCooldownTable"",""skillDefinition"",""skillTags""]","[""finalCharacterStats"",""healEvent"",""skillCastOrDamageEvent""]","[""targetSkillScopeMapping""]",true,"[{""value"":6,""unit"":"""",""raw"":""6 ""},{""value"":3,""unit"":""seconds"",""raw"":""3s""},{""value"":10,""unit"":"""",""raw"":""10 ""}]","While performing Heroic Melody, you consume 6 Performance Energy per second, and every 3s, 10 allies restore HP (Interval affected by Haste).","[{""sourceFile"":""skillnames.json""}]"
skill,SkillDescriptions.json,231019,Heroic Melody,skill:231019:1,cooldownTextUnclassified,evidence,textOnly,medium,false,unknown,,[],false,"[""localizedDescription"",""skillCooldownTable"",""skillDefinition"",""skillTags""]","[""skillCastOrDamageEvent""]","[""runtimeIdBridge""]",true,"[{""value"":5,""unit"":""seconds"",""raw"":""5s""}]",CD: 5s.,"[{""sourceFile"":""skillnames.json""}]"
skill,SkillDescriptions.json,231019,Heroic Melody,skill:231019:2,hasteStat,hasteEvidence,attrOrBuffEvidence,medium,false,unknown,,"[""haste""]",true,"[""localizedDescription"",""skillCooldownTable"",""skillDefinition"",""skillTags""]","[""finalCharacterStats"",""healEvent"",""skillCastOrDamageEvent""]","[""targetSkillScopeMapping""]",true,"[{""value"":6,""unit"":"""",""raw"":""6 ""},{""value"":3,""unit"":""seconds"",""raw"":""3s""},{""value"":10,""unit"":"""",""raw"":""10 ""}]","While performing Heroic Melody, you consume 6 Performance Energy per second, and every 3s, 10 allies restore HP (Interval affected by Haste).","[{""sourceFile"":""skillnames.json""}]"
skill,SkillDescriptions.json,231020,Heroic Melody,skill:231020:1,cooldownTextUnclassified,evidence,textOnly,medium,false,unknown,,[],false,"[""localizedDescription"",""skillCooldownTable"",""skillDefinition"",""skillTags""]","[""skillCastOrDamageEvent""]","[""runtimeIdBridge""]",true,"[{""value"":5,""unit"":""seconds"",""raw"":""5s""}]",CD: 5s.,"[{""sourceFile"":""skillnames.json""}]"
skill,SkillDescriptions.json,231020,Heroic Melody,skill:231020:2,hasteStat,hasteEvidence,attrOrBuffEvidence,medium,false,unknown,,"[""haste""]",true,"[""localizedDescription"",""skillCooldownTable"",""skillDefinition"",""skillTags""]","[""finalCharacterStats"",""healEvent"",""skillCastOrDamageEvent""]","[""targetSkillScopeMapping""]",true,"[{""value"":6,""unit"":"""",""raw"":""6 ""},{""value"":3,""unit"":""seconds"",""raw"":""3s""},{""value"":10,""unit"":"""",""raw"":""10 ""}]","While performing Heroic Melody, you consume 6 Performance Energy per second, and every 3s, 10 allies restore HP (Interval affected by Haste).","[{""sourceFile"":""skillnames.json""}]"
skill,SkillDescriptions.json,231021,Heroic Melody,skill:231021:1,cooldownTextUnclassified,evidence,textOnly,medium,false,unknown,,[],false,"[""localizedDescription"",""skillCooldownTable"",""skillDefinition"",""skillTags""]","[""skillCastOrDamageEvent""]","[""runtimeIdBridge""]",true,"[{""value"":5,""unit"":""seconds"",""raw"":""5s""}]",CD: 5s.,"[{""sourceFile"":""skillnames.json""}]"
skill,SkillDescriptions.json,231021,Heroic Melody,skill:231021:2,hasteStat,hasteEvidence,attrOrBuffEvidence,medium,false,unknown,,"[""haste""]",true,"[""localizedDescription"",""skillCooldownTable"",""skillDefinition"",""skillTags""]","[""finalCharacterStats"",""healEvent"",""skillCastOrDamageEvent""]","[""targetSkillScopeMapping""]",true,"[{""value"":6,""unit"":"""",""raw"":""6 ""},{""value"":3,""unit"":""seconds"",""raw"":""3s""},{""value"":10,""unit"":"""",""raw"":""10 ""}]","While performing Heroic Melody, you consume 6 Performance Energy per second, and every 3s, 10 allies restore HP (Interval affected by Haste).","[{""sourceFile"":""skillnames.json""}]"
skill,SkillDescriptions.json,231022,Heroic Melody,skill:231022:1,cooldownTextUnclassified,evidence,textOnly,medium,false,unknown,,[],false,"[""localizedDescription"",""skillCooldownTable"",""skillDefinition"",""skillTags""]","[""skillCastOrDamageEvent""]","[""runtimeIdBridge""]",true,"[{""value"":5,""unit"":""seconds"",""raw"":""5s""}]",CD: 5s.,"[{""sourceFile"":""skillnames.json""}]"
skill,SkillDescriptions.json,231022,Heroic Melody,skill:231022:2,hasteStat,hasteEvidence,attrOrBuffEvidence,medium,false,unknown,,"[""haste""]",true,"[""localizedDescription"",""skillCooldownTable"",""skillDefinition"",""skillTags""]","[""finalCharacterStats"",""healEvent"",""skillCastOrDamageEvent""]","[""targetSkillScopeMapping""]",true,"[{""value"":6,""unit"":"""",""raw"":""6 ""},{""value"":3,""unit"":""seconds"",""raw"":""3s""},{""value"":10,""unit"":"""",""raw"":""10 ""}]","While performing Heroic Melody, you consume 6 Performance Energy per second, and every 3s, 10 allies restore HP (Interval affected by Haste).","[{""sourceFile"":""skillnames.json""}]"
skill,SkillDescriptions.json,231023,Heroic Melody,skill:231023:1,cooldownTextUnclassified,evidence,textOnly,medium,false,unknown,,[],false,"[""localizedDescription"",""skillCooldownTable"",""skillDefinition"",""skillTags""]","[""skillCastOrDamageEvent""]","[""runtimeIdBridge""]",true,"[{""value"":5,""unit"":""seconds"",""raw"":""5s""}]",CD: 5s.,"[{""sourceFile"":""skillnames.json""}]"
skill,SkillDescriptions.json,231023,Heroic Melody,skill:231023:2,hasteStat,hasteEvidence,attrOrBuffEvidence,medium,false,unknown,,"[""haste""]",true,"[""localizedDescription"",""skillCooldownTable"",""skillDefinition"",""skillTags""]","[""finalCharacterStats"",""healEvent"",""skillCastOrDamageEvent""]","[""targetSkillScopeMapping""]",true,"[{""value"":6,""unit"":"""",""raw"":""6 ""},{""value"":3,""unit"":""seconds"",""raw"":""3s""},{""value"":10,""unit"":"""",""raw"":""10 ""}]","While performing Heroic Melody, you consume 6 Performance Energy per second, and every 3s, 10 allies restore HP (Interval affected by Haste).","[{""sourceFile"":""skillnames.json""}]"
skill,SkillDescriptions.json,231024,Heroic Melody,skill:231024:1,cooldownTextUnclassified,evidence,textOnly,medium,false,unknown,,[],false,"[""localizedDescription"",""skillCooldownTable"",""skillDefinition"",""skillTags""]","[""skillCastOrDamageEvent""]","[""runtimeIdBridge""]",true,"[{""value"":5,""unit"":""seconds"",""raw"":""5s""}]",CD: 5s.,"[{""sourceFile"":""skillnames.json""}]"
skill,SkillDescriptions.json,231024,Heroic Melody,skill:231024:2,hasteStat,hasteEvidence,attrOrBuffEvidence,medium,false,unknown,,"[""haste""]",true,"[""localizedDescription"",""skillCooldownTable"",""skillDefinition"",""skillTags""]","[""finalCharacterStats"",""healEvent"",""skillCastOrDamageEvent""]","[""targetSkillScopeMapping""]",true,"[{""value"":6,""unit"":"""",""raw"":""6 ""},{""value"":3,""unit"":""seconds"",""raw"":""3s""},{""value"":10,""unit"":"""",""raw"":""10 ""}]","While performing Heroic Melody, you consume 6 Performance Energy per second, and every 3s, 10 allies restore HP (Interval affected by Haste).","[{""sourceFile"":""skillnames.json""}]"
skill,SkillDescriptions.json,231025,Heroic Melody,skill:231025:1,cooldownTextUnclassified,evidence,textOnly,medium,false,unknown,,[],false,"[""localizedDescription"",""skillCooldownTable"",""skillDefinition"",""skillTags""]","[""skillCastOrDamageEvent""]","[""runtimeIdBridge""]",true,"[{""value"":5,""unit"":""seconds"",""raw"":""5s""}]",CD: 5s.,"[{""sourceFile"":""skillnames.json""}]"
skill,SkillDescriptions.json,231025,Heroic Melody,skill:231025:2,hasteStat,hasteEvidence,attrOrBuffEvidence,medium,false,unknown,,"[""haste""]",true,"[""localizedDescription"",""skillCooldownTable"",""skillDefinition"",""skillTags""]","[""finalCharacterStats"",""healEvent"",""skillCastOrDamageEvent""]","[""targetSkillScopeMapping""]",true,"[{""value"":6,""unit"":"""",""raw"":""6 ""},{""value"":3,""unit"":""seconds"",""raw"":""3s""},{""value"":10,""unit"":"""",""raw"":""10 ""}]","While performing Heroic Melody, you consume 6 Performance Energy per second, and every 3s, 10 allies restore HP (Interval affected by Haste).","[{""sourceFile"":""skillnames.json""}]"
skill,SkillDescriptions.json,231026,Heroic Melody,skill:231026:1,cooldownTextUnclassified,evidence,textOnly,medium,false,unknown,,[],false,"[""localizedDescription"",""skillCooldownTable"",""skillDefinition"",""skillTags""]","[""skillCastOrDamageEvent""]","[""runtimeIdBridge""]",true,"[{""value"":5,""unit"":""seconds"",""raw"":""5s""}]",CD: 5s.,"[{""sourceFile"":""skillnames.json""}]"
skill,SkillDescriptions.json,231026,Heroic Melody,skill:231026:2,hasteStat,hasteEvidence,attrOrBuffEvidence,medium,false,unknown,,"[""haste""]",true,"[""localizedDescription"",""skillCooldownTable"",""skillDefinition"",""skillTags""]","[""finalCharacterStats"",""healEvent"",""skillCastOrDamageEvent""]","[""targetSkillScopeMapping""]",true,"[{""value"":6,""unit"":"""",""raw"":""6 ""},{""value"":3,""unit"":""seconds"",""raw"":""3s""},{""value"":10,""unit"":"""",""raw"":""10 ""}]","While performing Heroic Melody, you consume 6 Performance Energy per second, and every 3s, 10 allies restore HP (Interval affected by Haste).","[{""sourceFile"":""skillnames.json""}]"
skill,SkillDescriptions.json,231027,Heroic Melody,skill:231027:1,cooldownTextUnclassified,evidence,textOnly,medium,false,unknown,,[],false,"[""localizedDescription"",""skillCooldownTable"",""skillDefinition"",""skillTags""]","[""skillCastOrDamageEvent""]","[""runtimeIdBridge""]",true,"[{""value"":5,""unit"":""seconds"",""raw"":""5s""}]",CD: 5s.,"[{""sourceFile"":""skillnames.json""}]"
skill,SkillDescriptions.json,231027,Heroic Melody,skill:231027:2,hasteStat,hasteEvidence,attrOrBuffEvidence,medium,false,unknown,,"[""haste""]",true,"[""localizedDescription"",""skillCooldownTable"",""skillDefinition"",""skillTags""]","[""finalCharacterStats"",""healEvent"",""skillCastOrDamageEvent""]","[""targetSkillScopeMapping""]",true,"[{""value"":6,""unit"":"""",""raw"":""6 ""},{""value"":3,""unit"":""seconds"",""raw"":""3s""},{""value"":10,""unit"":"""",""raw"":""10 ""}]","While performing Heroic Melody, you consume 6 Performance Energy per second, and every 3s, 10 allies restore HP (Interval affected by Haste).","[{""sourceFile"":""skillnames.json""}]"
skill,SkillDescriptions.json,231028,Heroic Melody,skill:231028:1,cooldownTextUnclassified,evidence,textOnly,medium,false,unknown,,[],false,"[""localizedDescription"",""skillCooldownTable"",""skillDefinition"",""skillTags""]","[""skillCastOrDamageEvent""]","[""runtimeIdBridge""]",true,"[{""value"":5,""unit"":""seconds"",""raw"":""5s""}]",CD: 5s.,"[{""sourceFile"":""skillnames.json""}]"
skill,SkillDescriptions.json,231028,Heroic Melody,skill:231028:2,hasteStat,hasteEvidence,attrOrBuffEvidence,medium,false,unknown,,"[""haste""]",true,"[""localizedDescription"",""skillCooldownTable"",""skillDefinition"",""skillTags""]","[""finalCharacterStats"",""healEvent"",""skillCastOrDamageEvent""]","[""targetSkillScopeMapping""]",true,"[{""value"":6,""unit"":"""",""raw"":""6 ""},{""value"":3,""unit"":""seconds"",""raw"":""3s""},{""value"":10,""unit"":"""",""raw"":""10 ""}]","While performing Heroic Melody, you consume 6 Performance Energy per second, and every 3s, 10 allies restore HP (Interval affected by Haste).","[{""sourceFile"":""skillnames.json""}]"
skill,SkillDescriptions.json,231029,Heroic Melody,skill:231029:1,cooldownTextUnclassified,evidence,textOnly,medium,false,unknown,,[],false,"[""localizedDescription"",""skillCooldownTable"",""skillDefinition"",""skillTags""]","[""skillCastOrDamageEvent""]","[""runtimeIdBridge""]",true,"[{""value"":5,""unit"":""seconds"",""raw"":""5s""}]",CD: 5s.,"[{""sourceFile"":""skillnames.json""}]"
skill,SkillDescriptions.json,231029,Heroic Melody,skill:231029:2,hasteStat,hasteEvidence,attrOrBuffEvidence,medium,false,unknown,,"[""haste""]",true,"[""localizedDescription"",""skillCooldownTable"",""skillDefinition"",""skillTags""]","[""finalCharacterStats"",""healEvent"",""skillCastOrDamageEvent""]","[""targetSkillScopeMapping""]",true,"[{""value"":6,""unit"":"""",""raw"":""6 ""},{""value"":3,""unit"":""seconds"",""raw"":""3s""},{""value"":10,""unit"":"""",""raw"":""10 ""}]","While performing Heroic Melody, you consume 6 Performance Energy per second, and every 3s, 10 allies restore HP (Interval affected by Haste).","[{""sourceFile"":""skillnames.json""}]"
skill,SkillDescriptions.json,231030,Heroic Melody,skill:231030:1,cooldownTextUnclassified,evidence,textOnly,medium,false,unknown,,[],false,"[""localizedDescription"",""skillCooldownTable"",""skillDefinition"",""skillTags""]","[""skillCastOrDamageEvent""]","[""runtimeIdBridge""]",true,"[{""value"":5,""unit"":""seconds"",""raw"":""5s""}]",CD: 5s.,"[{""sourceFile"":""skillnames.json""}]"
skill,SkillDescriptions.json,231030,Heroic Melody,skill:231030:2,hasteStat,hasteEvidence,attrOrBuffEvidence,medium,false,unknown,,"[""haste""]",true,"[""localizedDescription"",""skillCooldownTable"",""skillDefinition"",""skillTags""]","[""finalCharacterStats"",""healEvent"",""skillCastOrDamageEvent""]","[""targetSkillScopeMapping""]",true,"[{""value"":6,""unit"":"""",""raw"":""6 ""},{""value"":3,""unit"":""seconds"",""raw"":""3s""},{""value"":10,""unit"":"""",""raw"":""10 ""}]","While performing Heroic Melody, you consume 6 Performance Energy per second, and every 3s, 10 allies restore HP (Interval affected by Haste).","[{""sourceFile"":""skillnames.json""}]"
skill,SkillDescriptions.json,231101,Healing Melody,skill:231101:1,cooldownTextUnclassified,evidence,textOnly,medium,false,unknown,,[],false,"[""localizedDescription"",""skillCooldownTable"",""skillDefinition"",""skillTags""]","[""healEvent"",""skillCastOrDamageEvent""]","[""runtimeIdBridge""]",true,"[{""value"":5,""unit"":""seconds"",""raw"":""5s""}]",(Speaker disappears when Healing Melody ends.) CD: 5s.,"[{""sourceFile"":""skillnames.json""}]"
skill,SkillDescriptions.json,231101,Healing Melody,skill:231101:2,hasteStat,hasteEvidence,attrOrBuffEvidence,medium,false,unknown,,"[""haste""]",true,"[""localizedDescription"",""skillCooldownTable"",""skillDefinition"",""skillTags""]","[""finalCharacterStats"",""healEvent"",""skillCastOrDamageEvent""]","[""targetSkillScopeMapping""]",true,"[{""value"":3,""unit"":"""",""raw"":""3 ""},{""value"":10,""unit"":"""",""raw"":""10 ""},{""value"":1,""unit"":""seconds"",""raw"":""1 s""}]","While performing Healing Melody, consumes 3 Performance Energy per second, and heals 10 allies every 1 second (Interval affected by Haste).","[{""sourceFile"":""skillnames.json""}]"
skill,SkillDescriptions.json,231102,Healing Melody,skill:231102:1,cooldownTextUnclassified,evidence,textOnly,medium,false,unknown,,[],false,"[""localizedDescription"",""skillCooldownTable"",""skillDefinition"",""skillTags""]","[""healEvent"",""skillCastOrDamageEvent""]","[""runtimeIdBridge""]",true,"[{""value"":5,""unit"":""seconds"",""raw"":""5s""}]",(Speaker disappears when Healing Melody ends.) CD: 5s.,"[{""sourceFile"":""skillnames.json""}]"
skill,SkillDescriptions.json,231102,Healing Melody,skill:231102:2,hasteStat,hasteEvidence,attrOrBuffEvidence,medium,false,unknown,,"[""haste""]",true,"[""localizedDescription"",""skillCooldownTable"",""skillDefinition"",""skillTags""]","[""finalCharacterStats"",""healEvent"",""skillCastOrDamageEvent""]","[""targetSkillScopeMapping""]",true,"[{""value"":3,""unit"":"""",""raw"":""3 ""},{""value"":10,""unit"":"""",""raw"":""10 ""},{""value"":1,""unit"":""seconds"",""raw"":""1 s""}]","While performing Healing Melody, consumes 3 Performance Energy per second, and heals 10 allies every 1 second (Interval affected by Haste).","[{""sourceFile"":""skillnames.json""}]"
skill,SkillDescriptions.json,231103,Healing Melody,skill:231103:1,cooldownTextUnclassified,evidence,textOnly,medium,false,unknown,,[],false,"[""localizedDescription"",""skillCooldownTable"",""skillDefinition"",""skillTags""]","[""healEvent"",""skillCastOrDamageEvent""]","[""runtimeIdBridge""]",true,"[{""value"":5,""unit"":""seconds"",""raw"":""5s""}]",(Speaker disappears when Healing Melody ends.) CD: 5s.,"[{""sourceFile"":""skillnames.json""}]"
skill,SkillDescriptions.json,231103,Healing Melody,skill:231103:2,hasteStat,hasteEvidence,attrOrBuffEvidence,medium,false,unknown,,"[""haste""]",true,"[""localizedDescription"",""skillCooldownTable"",""skillDefinition"",""skillTags""]","[""finalCharacterStats"",""healEvent"",""skillCastOrDamageEvent""]","[""targetSkillScopeMapping""]",true,"[{""value"":3,""unit"":"""",""raw"":""3 ""},{""value"":10,""unit"":"""",""raw"":""10 ""},{""value"":1,""unit"":""seconds"",""raw"":""1 s""}]","While performing Healing Melody, consumes 3 Performance Energy per second, and heals 10 allies every 1 second (Interval affected by Haste).","[{""sourceFile"":""skillnames.json""}]"
skill,SkillDescriptions.json,231104,Healing Melody,skill:231104:1,cooldownTextUnclassified,evidence,textOnly,medium,false,unknown,,[],false,"[""localizedDescription"",""skillCooldownTable"",""skillDefinition"",""skillTags""]","[""healEvent"",""skillCastOrDamageEvent""]","[""runtimeIdBridge""]",true,"[{""value"":5,""unit"":""seconds"",""raw"":""5s""}]",(Speaker disappears when Healing Melody ends.) CD: 5s.,"[{""sourceFile"":""skillnames.json""}]"
skill,SkillDescriptions.json,231104,Healing Melody,skill:231104:2,hasteStat,hasteEvidence,attrOrBuffEvidence,medium,false,unknown,,"[""haste""]",true,"[""localizedDescription"",""skillCooldownTable"",""skillDefinition"",""skillTags""]","[""finalCharacterStats"",""healEvent"",""skillCastOrDamageEvent""]","[""targetSkillScopeMapping""]",true,"[{""value"":3,""unit"":"""",""raw"":""3 ""},{""value"":10,""unit"":"""",""raw"":""10 ""},{""value"":1,""unit"":""seconds"",""raw"":""1 s""}]","While performing Healing Melody, consumes 3 Performance Energy per second, and heals 10 allies every 1 second (Interval affected by Haste).","[{""sourceFile"":""skillnames.json""}]"
skill,SkillDescriptions.json,231105,Healing Melody,skill:231105:1,cooldownTextUnclassified,evidence,textOnly,medium,false,unknown,,[],false,"[""localizedDescription"",""skillCooldownTable"",""skillDefinition"",""skillTags""]","[""healEvent"",""skillCastOrDamageEvent""]","[""runtimeIdBridge""]",true,"[{""value"":5,""unit"":""seconds"",""raw"":""5s""}]",(Speaker disappears when Healing Melody ends.) CD: 5s.,"[{""sourceFile"":""skillnames.json""}]"
skill,SkillDescriptions.json,231105,Healing Melody,skill:231105:2,hasteStat,hasteEvidence,attrOrBuffEvidence,medium,false,unknown,,"[""haste""]",true,"[""localizedDescription"",""skillCooldownTable"",""skillDefinition"",""skillTags""]","[""finalCharacterStats"",""healEvent"",""skillCastOrDamageEvent""]","[""targetSkillScopeMapping""]",true,"[{""value"":3,""unit"":"""",""raw"":""3 ""},{""value"":10,""unit"":"""",""raw"":""10 ""},{""value"":1,""unit"":""seconds"",""raw"":""1 s""}]","While performing Healing Melody, consumes 3 Performance Energy per second, and heals 10 allies every 1 second (Interval affected by Haste).","[{""sourceFile"":""skillnames.json""}]"
skill,SkillDescriptions.json,231106,Healing Melody,skill:231106:1,cooldownTextUnclassified,evidence,textOnly,medium,false,unknown,,[],false,"[""localizedDescription"",""skillCooldownTable"",""skillDefinition"",""skillTags""]","[""healEvent"",""skillCastOrDamageEvent""]","[""runtimeIdBridge""]",true,"[{""value"":5,""unit"":""seconds"",""raw"":""5s""}]",(Speaker disappears when Healing Melody ends.) CD: 5s.,"[{""sourceFile"":""skillnames.json""}]"
skill,SkillDescriptions.json,231106,Healing Melody,skill:231106:2,hasteStat,hasteEvidence,attrOrBuffEvidence,medium,false,unknown,,"[""haste""]",true,"[""localizedDescription"",""skillCooldownTable"",""skillDefinition"",""skillTags""]","[""finalCharacterStats"",""healEvent"",""skillCastOrDamageEvent""]","[""targetSkillScopeMapping""]",true,"[{""value"":3,""unit"":"""",""raw"":""3 ""},{""value"":10,""unit"":"""",""raw"":""10 ""},{""value"":1,""unit"":""seconds"",""raw"":""1 s""}]","While performing Healing Melody, consumes 3 Performance Energy per second, and heals 10 allies every 1 second (Interval affected by Haste).","[{""sourceFile"":""skillnames.json""}]"
skill,SkillDescriptions.json,231107,Healing Melody,skill:231107:1,cooldownTextUnclassified,evidence,textOnly,medium,false,unknown,,[],false,"[""localizedDescription"",""skillCooldownTable"",""skillDefinition"",""skillTags""]","[""healEvent"",""skillCastOrDamageEvent""]","[""runtimeIdBridge""]",true,"[{""value"":5,""unit"":""seconds"",""raw"":""5s""}]",(Speaker disappears when Healing Melody ends.) CD: 5s.,"[{""sourceFile"":""skillnames.json""}]"
skill,SkillDescriptions.json,231107,Healing Melody,skill:231107:2,hasteStat,hasteEvidence,attrOrBuffEvidence,medium,false,unknown,,"[""haste""]",true,"[""localizedDescription"",""skillCooldownTable"",""skillDefinition"",""skillTags""]","[""finalCharacterStats"",""healEvent"",""skillCastOrDamageEvent""]","[""targetSkillScopeMapping""]",true,"[{""value"":3,""unit"":"""",""raw"":""3 ""},{""value"":10,""unit"":"""",""raw"":""10 ""},{""value"":1,""unit"":""seconds"",""raw"":""1 s""}]","While performing Healing Melody, consumes 3 Performance Energy per second, and heals 10 allies every 1 second (Interval affected by Haste).","[{""sourceFile"":""skillnames.json""}]"
skill,SkillDescriptions.json,231108,Healing Melody,skill:231108:1,cooldownTextUnclassified,evidence,textOnly,medium,false,unknown,,[],false,"[""localizedDescription"",""skillCooldownTable"",""skillDefinition"",""skillTags""]","[""healEvent"",""skillCastOrDamageEvent""]","[""runtimeIdBridge""]",true,"[{""value"":5,""unit"":""seconds"",""raw"":""5s""}]",(Speaker disappears when Healing Melody ends.) CD: 5s.,"[{""sourceFile"":""skillnames.json""}]"
skill,SkillDescriptions.json,231108,Healing Melody,skill:231108:2,hasteStat,hasteEvidence,attrOrBuffEvidence,medium,false,unknown,,"[""haste""]",true,"[""localizedDescription"",""skillCooldownTable"",""skillDefinition"",""skillTags""]","[""finalCharacterStats"",""healEvent"",""skillCastOrDamageEvent""]","[""targetSkillScopeMapping""]",true,"[{""value"":3,""unit"":"""",""raw"":""3 ""},{""value"":10,""unit"":"""",""raw"":""10 ""},{""value"":1,""unit"":""seconds"",""raw"":""1 s""}]","While performing Healing Melody, consumes 3 Performance Energy per second, and heals 10 allies every 1 second (Interval affected by Haste).","[{""sourceFile"":""skillnames.json""}]"
skill,SkillDescriptions.json,231109,Healing Melody,skill:231109:1,cooldownTextUnclassified,evidence,textOnly,medium,false,unknown,,[],false,"[""localizedDescription"",""skillCooldownTable"",""skillDefinition"",""skillTags""]","[""healEvent"",""skillCastOrDamageEvent""]","[""runtimeIdBridge""]",true,"[{""value"":5,""unit"":""seconds"",""raw"":""5s""}]",(Speaker disappears when Healing Melody ends.) CD: 5s.,"[{""sourceFile"":""skillnames.json""}]"
skill,SkillDescriptions.json,231109,Healing Melody,skill:231109:2,hasteStat,hasteEvidence,attrOrBuffEvidence,medium,false,unknown,,"[""haste""]",true,"[""localizedDescription"",""skillCooldownTable"",""skillDefinition"",""skillTags""]","[""finalCharacterStats"",""healEvent"",""skillCastOrDamageEvent""]","[""targetSkillScopeMapping""]",true,"[{""value"":3,""unit"":"""",""raw"":""3 ""},{""value"":10,""unit"":"""",""raw"":""10 ""},{""value"":1,""unit"":""seconds"",""raw"":""1 s""}]","While performing Healing Melody, consumes 3 Performance Energy per second, and heals 10 allies every 1 second (Interval affected by Haste).","[{""sourceFile"":""skillnames.json""}]"
skill,SkillDescriptions.json,231110,Healing Melody,skill:231110:1,cooldownTextUnclassified,evidence,textOnly,medium,false,unknown,,[],false,"[""localizedDescription"",""skillCooldownTable"",""skillDefinition"",""skillTags""]","[""healEvent"",""skillCastOrDamageEvent""]","[""runtimeIdBridge""]",true,"[{""value"":5,""unit"":""seconds"",""raw"":""5s""}]",(Speaker disappears when Healing Melody ends.) CD: 5s.,"[{""sourceFile"":""skillnames.json""}]"
skill,SkillDescriptions.json,231110,Healing Melody,skill:231110:2,hasteStat,hasteEvidence,attrOrBuffEvidence,medium,false,unknown,,"[""haste""]",true,"[""localizedDescription"",""skillCooldownTable"",""skillDefinition"",""skillTags""]","[""finalCharacterStats"",""healEvent"",""skillCastOrDamageEvent""]","[""targetSkillScopeMapping""]",true,"[{""value"":3,""unit"":"""",""raw"":""3 ""},{""value"":10,""unit"":"""",""raw"":""10 ""},{""value"":1,""unit"":""seconds"",""raw"":""1 s""}]","While performing Healing Melody, consumes 3 Performance Energy per second, and heals 10 allies every 1 second (Interval affected by Haste).","[{""sourceFile"":""skillnames.json""}]"
skill,SkillDescriptions.json,231111,Healing Melody,skill:231111:1,cooldownTextUnclassified,evidence,textOnly,medium,false,unknown,,[],false,"[""localizedDescription"",""skillCooldownTable"",""skillDefinition"",""skillTags""]","[""healEvent"",""skillCastOrDamageEvent""]","[""runtimeIdBridge""]",true,"[{""value"":5,""unit"":""seconds"",""raw"":""5s""}]",(Speaker disappears when Healing Melody ends.) CD: 5s.,"[{""sourceFile"":""skillnames.json""}]"
skill,SkillDescriptions.json,231111,Healing Melody,skill:231111:2,hasteStat,hasteEvidence,attrOrBuffEvidence,medium,false,unknown,,"[""haste""]",true,"[""localizedDescription"",""skillCooldownTable"",""skillDefinition"",""skillTags""]","[""finalCharacterStats"",""healEvent"",""skillCastOrDamageEvent""]","[""targetSkillScopeMapping""]",true,"[{""value"":3,""unit"":"""",""raw"":""3 ""},{""value"":10,""unit"":"""",""raw"":""10 ""},{""value"":1,""unit"":""seconds"",""raw"":""1 s""}]","While performing Healing Melody, consumes 3 Performance Energy per second, and heals 10 allies every 1 second (Interval affected by Haste).","[{""sourceFile"":""skillnames.json""}]"
skill,SkillDescriptions.json,231112,Healing Melody,skill:231112:1,cooldownTextUnclassified,evidence,textOnly,medium,false,unknown,,[],false,"[""localizedDescription"",""skillCooldownTable"",""skillDefinition"",""skillTags""]","[""healEvent"",""skillCastOrDamageEvent""]","[""runtimeIdBridge""]",true,"[{""value"":5,""unit"":""seconds"",""raw"":""5s""}]",(Speaker disappears when Healing Melody ends.) CD: 5s.,"[{""sourceFile"":""skillnames.json""}]"
skill,SkillDescriptions.json,231112,Healing Melody,skill:231112:2,hasteStat,hasteEvidence,attrOrBuffEvidence,medium,false,unknown,,"[""haste""]",true,"[""localizedDescription"",""skillCooldownTable"",""skillDefinition"",""skillTags""]","[""finalCharacterStats"",""healEvent"",""skillCastOrDamageEvent""]","[""targetSkillScopeMapping""]",true,"[{""value"":3,""unit"":"""",""raw"":""3 ""},{""value"":10,""unit"":"""",""raw"":""10 ""},{""value"":1,""unit"":""seconds"",""raw"":""1 s""}]","While performing Healing Melody, consumes 3 Performance Energy per second, and heals 10 allies every 1 second (Interval affected by Haste).","[{""sourceFile"":""skillnames.json""}]"
skill,SkillDescriptions.json,231113,Healing Melody,skill:231113:1,cooldownTextUnclassified,evidence,textOnly,medium,false,unknown,,[],false,"[""localizedDescription"",""skillCooldownTable"",""skillDefinition"",""skillTags""]","[""healEvent"",""skillCastOrDamageEvent""]","[""runtimeIdBridge""]",true,"[{""value"":5,""unit"":""seconds"",""raw"":""5s""}]",(Speaker disappears when Healing Melody ends.) CD: 5s.,"[{""sourceFile"":""skillnames.json""}]"
skill,SkillDescriptions.json,231113,Healing Melody,skill:231113:2,hasteStat,hasteEvidence,attrOrBuffEvidence,medium,false,unknown,,"[""haste""]",true,"[""localizedDescription"",""skillCooldownTable"",""skillDefinition"",""skillTags""]","[""finalCharacterStats"",""healEvent"",""skillCastOrDamageEvent""]","[""targetSkillScopeMapping""]",true,"[{""value"":3,""unit"":"""",""raw"":""3 ""},{""value"":10,""unit"":"""",""raw"":""10 ""},{""value"":1,""unit"":""seconds"",""raw"":""1 s""}]","While performing Healing Melody, consumes 3 Performance Energy per second, and heals 10 allies every 1 second (Interval affected by Haste).","[{""sourceFile"":""skillnames.json""}]"
skill,SkillDescriptions.json,231114,Healing Melody,skill:231114:1,cooldownTextUnclassified,evidence,textOnly,medium,false,unknown,,[],false,"[""localizedDescription"",""skillCooldownTable"",""skillDefinition"",""skillTags""]","[""healEvent"",""skillCastOrDamageEvent""]","[""runtimeIdBridge""]",true,"[{""value"":5,""unit"":""seconds"",""raw"":""5s""}]",(Speaker disappears when Healing Melody ends.) CD: 5s.,"[{""sourceFile"":""skillnames.json""}]"
skill,SkillDescriptions.json,231114,Healing Melody,skill:231114:2,hasteStat,hasteEvidence,attrOrBuffEvidence,medium,false,unknown,,"[""haste""]",true,"[""localizedDescription"",""skillCooldownTable"",""skillDefinition"",""skillTags""]","[""finalCharacterStats"",""healEvent"",""skillCastOrDamageEvent""]","[""targetSkillScopeMapping""]",true,"[{""value"":3,""unit"":"""",""raw"":""3 ""},{""value"":10,""unit"":"""",""raw"":""10 ""},{""value"":1,""unit"":""seconds"",""raw"":""1 s""}]","While performing Healing Melody, consumes 3 Performance Energy per second, and heals 10 allies every 1 second (Interval affected by Haste).","[{""sourceFile"":""skillnames.json""}]"
skill,SkillDescriptions.json,231115,Healing Melody,skill:231115:1,cooldownTextUnclassified,evidence,textOnly,medium,false,unknown,,[],false,"[""localizedDescription"",""skillCooldownTable"",""skillDefinition"",""skillTags""]","[""healEvent"",""skillCastOrDamageEvent""]","[""runtimeIdBridge""]",true,"[{""value"":5,""unit"":""seconds"",""raw"":""5s""}]",(Speaker disappears when Healing Melody ends.) CD: 5s.,"[{""sourceFile"":""skillnames.json""}]"
skill,SkillDescriptions.json,231115,Healing Melody,skill:231115:2,hasteStat,hasteEvidence,attrOrBuffEvidence,medium,false,unknown,,"[""haste""]",true,"[""localizedDescription"",""skillCooldownTable"",""skillDefinition"",""skillTags""]","[""finalCharacterStats"",""healEvent"",""skillCastOrDamageEvent""]","[""targetSkillScopeMapping""]",true,"[{""value"":3,""unit"":"""",""raw"":""3 ""},{""value"":10,""unit"":"""",""raw"":""10 ""},{""value"":1,""unit"":""seconds"",""raw"":""1 s""}]","While performing Healing Melody, consumes 3 Performance Energy per second, and heals 10 allies every 1 second (Interval affected by Haste).","[{""sourceFile"":""skillnames.json""}]"
skill,SkillDescriptions.json,231116,Healing Melody,skill:231116:1,cooldownTextUnclassified,evidence,textOnly,medium,false,unknown,,[],false,"[""localizedDescription"",""skillCooldownTable"",""skillDefinition"",""skillTags""]","[""healEvent"",""skillCastOrDamageEvent""]","[""runtimeIdBridge""]",true,"[{""value"":5,""unit"":""seconds"",""raw"":""5s""}]",(Speaker disappears when Healing Melody ends.) CD: 5s.,"[{""sourceFile"":""skillnames.json""}]"
skill,SkillDescriptions.json,231116,Healing Melody,skill:231116:2,hasteStat,hasteEvidence,attrOrBuffEvidence,medium,false,unknown,,"[""haste""]",true,"[""localizedDescription"",""skillCooldownTable"",""skillDefinition"",""skillTags""]","[""finalCharacterStats"",""healEvent"",""skillCastOrDamageEvent""]","[""targetSkillScopeMapping""]",true,"[{""value"":3,""unit"":"""",""raw"":""3 ""},{""value"":10,""unit"":"""",""raw"":""10 ""},{""value"":1,""unit"":""seconds"",""raw"":""1 s""}]","While performing Healing Melody, consumes 3 Performance Energy per second, and heals 10 allies every 1 second (Interval affected by Haste).","[{""sourceFile"":""skillnames.json""}]"
skill,SkillDescriptions.json,231117,Healing Melody,skill:231117:1,cooldownTextUnclassified,evidence,textOnly,medium,false,unknown,,[],false,"[""localizedDescription"",""skillCooldownTable"",""skillDefinition"",""skillTags""]","[""healEvent"",""skillCastOrDamageEvent""]","[""runtimeIdBridge""]",true,"[{""value"":5,""unit"":""seconds"",""raw"":""5s""}]",(Speaker disappears when Healing Melody ends.) CD: 5s.,"[{""sourceFile"":""skillnames.json""}]"
skill,SkillDescriptions.json,231117,Healing Melody,skill:231117:2,hasteStat,hasteEvidence,attrOrBuffEvidence,medium,false,unknown,,"[""haste""]",true,"[""localizedDescription"",""skillCooldownTable"",""skillDefinition"",""skillTags""]","[""finalCharacterStats"",""healEvent"",""skillCastOrDamageEvent""]","[""targetSkillScopeMapping""]",true,"[{""value"":3,""unit"":"""",""raw"":""3 ""},{""value"":10,""unit"":"""",""raw"":""10 ""},{""value"":1,""unit"":""seconds"",""raw"":""1 s""}]","While performing Healing Melody, consumes 3 Performance Energy per second, and heals 10 allies every 1 second (Interval affected by Haste).","[{""sourceFile"":""skillnames.json""}]"
skill,SkillDescriptions.json,231118,Healing Melody,skill:231118:1,cooldownTextUnclassified,evidence,textOnly,medium,false,unknown,,[],false,"[""localizedDescription"",""skillCooldownTable"",""skillDefinition"",""skillTags""]","[""healEvent"",""skillCastOrDamageEvent""]","[""runtimeIdBridge""]",true,"[{""value"":5,""unit"":""seconds"",""raw"":""5s""}]",(Speaker disappears when Healing Melody ends.) CD: 5s.,"[{""sourceFile"":""skillnames.json""}]"
skill,SkillDescriptions.json,231118,Healing Melody,skill:231118:2,hasteStat,hasteEvidence,attrOrBuffEvidence,medium,false,unknown,,"[""haste""]",true,"[""localizedDescription"",""skillCooldownTable"",""skillDefinition"",""skillTags""]","[""finalCharacterStats"",""healEvent"",""skillCastOrDamageEvent""]","[""targetSkillScopeMapping""]",true,"[{""value"":3,""unit"":"""",""raw"":""3 ""},{""value"":10,""unit"":"""",""raw"":""10 ""},{""value"":1,""unit"":""seconds"",""raw"":""1 s""}]","While performing Healing Melody, consumes 3 Performance Energy per second, and heals 10 allies every 1 second (Interval affected by Haste).","[{""sourceFile"":""skillnames.json""}]"
skill,SkillDescriptions.json,231119,Healing Melody,skill:231119:1,cooldownTextUnclassified,evidence,textOnly,medium,false,unknown,,[],false,"[""localizedDescription"",""skillCooldownTable"",""skillDefinition"",""skillTags""]","[""healEvent"",""skillCastOrDamageEvent""]","[""runtimeIdBridge""]",true,"[{""value"":5,""unit"":""seconds"",""raw"":""5s""}]",(Speaker disappears when Healing Melody ends.) CD: 5s.,"[{""sourceFile"":""skillnames.json""}]"
skill,SkillDescriptions.json,231119,Healing Melody,skill:231119:2,hasteStat,hasteEvidence,attrOrBuffEvidence,medium,false,unknown,,"[""haste""]",true,"[""localizedDescription"",""skillCooldownTable"",""skillDefinition"",""skillTags""]","[""finalCharacterStats"",""healEvent"",""skillCastOrDamageEvent""]","[""targetSkillScopeMapping""]",true,"[{""value"":3,""unit"":"""",""raw"":""3 ""},{""value"":10,""unit"":"""",""raw"":""10 ""},{""value"":1,""unit"":""seconds"",""raw"":""1 s""}]","While performing Healing Melody, consumes 3 Performance Energy per second, and heals 10 allies every 1 second (Interval affected by Haste).","[{""sourceFile"":""skillnames.json""}]"
skill,SkillDescriptions.json,231120,Healing Melody,skill:231120:1,cooldownTextUnclassified,evidence,textOnly,medium,false,unknown,,[],false,"[""localizedDescription"",""skillCooldownTable"",""skillDefinition"",""skillTags""]","[""healEvent"",""skillCastOrDamageEvent""]","[""runtimeIdBridge""]",true,"[{""value"":5,""unit"":""seconds"",""raw"":""5s""}]",(Speaker disappears when Healing Melody ends.) CD: 5s.,"[{""sourceFile"":""skillnames.json""}]"
skill,SkillDescriptions.json,231120,Healing Melody,skill:231120:2,hasteStat,hasteEvidence,attrOrBuffEvidence,medium,false,unknown,,"[""haste""]",true,"[""localizedDescription"",""skillCooldownTable"",""skillDefinition"",""skillTags""]","[""finalCharacterStats"",""healEvent"",""skillCastOrDamageEvent""]","[""targetSkillScopeMapping""]",true,"[{""value"":3,""unit"":"""",""raw"":""3 ""},{""value"":10,""unit"":"""",""raw"":""10 ""},{""value"":1,""unit"":""seconds"",""raw"":""1 s""}]","While performing Healing Melody, consumes 3 Performance Energy per second, and heals 10 allies every 1 second (Interval affected by Haste).","[{""sourceFile"":""skillnames.json""}]"
skill,SkillDescriptions.json,231121,Healing Melody,skill:231121:1,cooldownTextUnclassified,evidence,textOnly,medium,false,unknown,,[],false,"[""localizedDescription"",""skillCooldownTable"",""skillDefinition"",""skillTags""]","[""healEvent"",""skillCastOrDamageEvent""]","[""runtimeIdBridge""]",true,"[{""value"":5,""unit"":""seconds"",""raw"":""5s""}]",(Speaker disappears when Healing Melody ends.) CD: 5s.,"[{""sourceFile"":""skillnames.json""}]"
skill,SkillDescriptions.json,231121,Healing Melody,skill:231121:2,hasteStat,hasteEvidence,attrOrBuffEvidence,medium,false,unknown,,"[""haste""]",true,"[""localizedDescription"",""skillCooldownTable"",""skillDefinition"",""skillTags""]","[""finalCharacterStats"",""healEvent"",""skillCastOrDamageEvent""]","[""targetSkillScopeMapping""]",true,"[{""value"":3,""unit"":"""",""raw"":""3 ""},{""value"":10,""unit"":"""",""raw"":""10 ""},{""value"":1,""unit"":""seconds"",""raw"":""1 s""}]","While performing Healing Melody, consumes 3 Performance Energy per second, and heals 10 allies every 1 second (Interval affected by Haste).","[{""sourceFile"":""skillnames.json""}]"
skill,SkillDescriptions.json,231122,Healing Melody,skill:231122:1,cooldownTextUnclassified,evidence,textOnly,medium,false,unknown,,[],false,"[""localizedDescription"",""skillCooldownTable"",""skillDefinition"",""skillTags""]","[""healEvent"",""skillCastOrDamageEvent""]","[""runtimeIdBridge""]",true,"[{""value"":5,""unit"":""seconds"",""raw"":""5s""}]",(Speaker disappears when Healing Melody ends.) CD: 5s.,"[{""sourceFile"":""skillnames.json""}]"
skill,SkillDescriptions.json,231122,Healing Melody,skill:231122:2,hasteStat,hasteEvidence,attrOrBuffEvidence,medium,false,unknown,,"[""haste""]",true,"[""localizedDescription"",""skillCooldownTable"",""skillDefinition"",""skillTags""]","[""finalCharacterStats"",""healEvent"",""skillCastOrDamageEvent""]","[""targetSkillScopeMapping""]",true,"[{""value"":3,""unit"":"""",""raw"":""3 ""},{""value"":10,""unit"":"""",""raw"":""10 ""},{""value"":1,""unit"":""seconds"",""raw"":""1 s""}]","While performing Healing Melody, consumes 3 Performance Energy per second, and heals 10 allies every 1 second (Interval affected by Haste).","[{""sourceFile"":""skillnames.json""}]"
skill,SkillDescriptions.json,231123,Healing Melody,skill:231123:1,cooldownTextUnclassified,evidence,textOnly,medium,false,unknown,,[],false,"[""localizedDescription"",""skillCooldownTable"",""skillDefinition"",""skillTags""]","[""healEvent"",""skillCastOrDamageEvent""]","[""runtimeIdBridge""]",true,"[{""value"":5,""unit"":""seconds"",""raw"":""5s""}]",(Speaker disappears when Healing Melody ends.) CD: 5s.,"[{""sourceFile"":""skillnames.json""}]"
skill,SkillDescriptions.json,231123,Healing Melody,skill:231123:2,hasteStat,hasteEvidence,attrOrBuffEvidence,medium,false,unknown,,"[""haste""]",true,"[""localizedDescription"",""skillCooldownTable"",""skillDefinition"",""skillTags""]","[""finalCharacterStats"",""healEvent"",""skillCastOrDamageEvent""]","[""targetSkillScopeMapping""]",true,"[{""value"":3,""unit"":"""",""raw"":""3 ""},{""value"":10,""unit"":"""",""raw"":""10 ""},{""value"":1,""unit"":""seconds"",""raw"":""1 s""}]","While performing Healing Melody, consumes 3 Performance Energy per second, and heals 10 allies every 1 second (Interval affected by Haste).","[{""sourceFile"":""skillnames.json""}]"
skill,SkillDescriptions.json,231124,Healing Melody,skill:231124:1,cooldownTextUnclassified,evidence,textOnly,medium,false,unknown,,[],false,"[""localizedDescription"",""skillCooldownTable"",""skillDefinition"",""skillTags""]","[""healEvent"",""skillCastOrDamageEvent""]","[""runtimeIdBridge""]",true,"[{""value"":5,""unit"":""seconds"",""raw"":""5s""}]",(Speaker disappears when Healing Melody ends.) CD: 5s.,"[{""sourceFile"":""skillnames.json""}]"
skill,SkillDescriptions.json,231124,Healing Melody,skill:231124:2,hasteStat,hasteEvidence,attrOrBuffEvidence,medium,false,unknown,,"[""haste""]",true,"[""localizedDescription"",""skillCooldownTable"",""skillDefinition"",""skillTags""]","[""finalCharacterStats"",""healEvent"",""skillCastOrDamageEvent""]","[""targetSkillScopeMapping""]",true,"[{""value"":3,""unit"":"""",""raw"":""3 ""},{""value"":10,""unit"":"""",""raw"":""10 ""},{""value"":1,""unit"":""seconds"",""raw"":""1 s""}]","While performing Healing Melody, consumes 3 Performance Energy per second, and heals 10 allies every 1 second (Interval affected by Haste).","[{""sourceFile"":""skillnames.json""}]"
skill,SkillDescriptions.json,231125,Healing Melody,skill:231125:1,cooldownTextUnclassified,evidence,textOnly,medium,false,unknown,,[],false,"[""localizedDescription"",""skillCooldownTable"",""skillDefinition"",""skillTags""]","[""healEvent"",""skillCastOrDamageEvent""]","[""runtimeIdBridge""]",true,"[{""value"":5,""unit"":""seconds"",""raw"":""5s""}]",(Speaker disappears when Healing Melody ends.) CD: 5s.,"[{""sourceFile"":""skillnames.json""}]"
skill,SkillDescriptions.json,231125,Healing Melody,skill:231125:2,hasteStat,hasteEvidence,attrOrBuffEvidence,medium,false,unknown,,"[""haste""]",true,"[""localizedDescription"",""skillCooldownTable"",""skillDefinition"",""skillTags""]","[""finalCharacterStats"",""healEvent"",""skillCastOrDamageEvent""]","[""targetSkillScopeMapping""]",true,"[{""value"":3,""unit"":"""",""raw"":""3 ""},{""value"":10,""unit"":"""",""raw"":""10 ""},{""value"":1,""unit"":""seconds"",""raw"":""1 s""}]","While performing Healing Melody, consumes 3 Performance Energy per second, and heals 10 allies every 1 second (Interval affected by Haste).","[{""sourceFile"":""skillnames.json""}]"
skill,SkillDescriptions.json,231126,Healing Melody,skill:231126:1,cooldownTextUnclassified,evidence,textOnly,medium,false,unknown,,[],false,"[""localizedDescription"",""skillCooldownTable"",""skillDefinition"",""skillTags""]","[""healEvent"",""skillCastOrDamageEvent""]","[""runtimeIdBridge""]",true,"[{""value"":5,""unit"":""seconds"",""raw"":""5s""}]",(Speaker disappears when Healing Melody ends.) CD: 5s.,"[{""sourceFile"":""skillnames.json""}]"
skill,SkillDescriptions.json,231126,Healing Melody,skill:231126:2,hasteStat,hasteEvidence,attrOrBuffEvidence,medium,false,unknown,,"[""haste""]",true,"[""localizedDescription"",""skillCooldownTable"",""skillDefinition"",""skillTags""]","[""finalCharacterStats"",""healEvent"",""skillCastOrDamageEvent""]","[""targetSkillScopeMapping""]",true,"[{""value"":3,""unit"":"""",""raw"":""3 ""},{""value"":10,""unit"":"""",""raw"":""10 ""},{""value"":1,""unit"":""seconds"",""raw"":""1 s""}]","While performing Healing Melody, consumes 3 Performance Energy per second, and heals 10 allies every 1 second (Interval affected by Haste).","[{""sourceFile"":""skillnames.json""}]"
skill,SkillDescriptions.json,231127,Healing Melody,skill:231127:1,cooldownTextUnclassified,evidence,textOnly,medium,false,unknown,,[],false,"[""localizedDescription"",""skillCooldownTable"",""skillDefinition"",""skillTags""]","[""healEvent"",""skillCastOrDamageEvent""]","[""runtimeIdBridge""]",true,"[{""value"":5,""unit"":""seconds"",""raw"":""5s""}]",(Speaker disappears when Healing Melody ends.) CD: 5s.,"[{""sourceFile"":""skillnames.json""}]"
skill,SkillDescriptions.json,231127,Healing Melody,skill:231127:2,hasteStat,hasteEvidence,attrOrBuffEvidence,medium,false,unknown,,"[""haste""]",true,"[""localizedDescription"",""skillCooldownTable"",""skillDefinition"",""skillTags""]","[""finalCharacterStats"",""healEvent"",""skillCastOrDamageEvent""]","[""targetSkillScopeMapping""]",true,"[{""value"":3,""unit"":"""",""raw"":""3 ""},{""value"":10,""unit"":"""",""raw"":""10 ""},{""value"":1,""unit"":""seconds"",""raw"":""1 s""}]","While performing Healing Melody, consumes 3 Performance Energy per second, and heals 10 allies every 1 second (Interval affected by Haste).","[{""sourceFile"":""skillnames.json""}]"
skill,SkillDescriptions.json,231128,Healing Melody,skill:231128:1,cooldownTextUnclassified,evidence,textOnly,medium,false,unknown,,[],false,"[""localizedDescription"",""skillCooldownTable"",""skillDefinition"",""skillTags""]","[""healEvent"",""skillCastOrDamageEvent""]","[""runtimeIdBridge""]",true,"[{""value"":5,""unit"":""seconds"",""raw"":""5s""}]",(Speaker disappears when Healing Melody ends.) CD: 5s.,"[{""sourceFile"":""skillnames.json""}]"
skill,SkillDescriptions.json,231128,Healing Melody,skill:231128:2,hasteStat,hasteEvidence,attrOrBuffEvidence,medium,false,unknown,,"[""haste""]",true,"[""localizedDescription"",""skillCooldownTable"",""skillDefinition"",""skillTags""]","[""finalCharacterStats"",""healEvent"",""skillCastOrDamageEvent""]","[""targetSkillScopeMapping""]",true,"[{""value"":3,""unit"":"""",""raw"":""3 ""},{""value"":10,""unit"":"""",""raw"":""10 ""},{""value"":1,""unit"":""seconds"",""raw"":""1 s""}]","While performing Healing Melody, consumes 3 Performance Energy per second, and heals 10 allies every 1 second (Interval affected by Haste).","[{""sourceFile"":""skillnames.json""}]"
skill,SkillDescriptions.json,231129,Healing Melody,skill:231129:1,cooldownTextUnclassified,evidence,textOnly,medium,false,unknown,,[],false,"[""localizedDescription"",""skillCooldownTable"",""skillDefinition"",""skillTags""]","[""healEvent"",""skillCastOrDamageEvent""]","[""runtimeIdBridge""]",true,"[{""value"":5,""unit"":""seconds"",""raw"":""5s""}]",(Speaker disappears when Healing Melody ends.) CD: 5s.,"[{""sourceFile"":""skillnames.json""}]"
skill,SkillDescriptions.json,231129,Healing Melody,skill:231129:2,hasteStat,hasteEvidence,attrOrBuffEvidence,medium,false,unknown,,"[""haste""]",true,"[""localizedDescription"",""skillCooldownTable"",""skillDefinition"",""skillTags""]","[""finalCharacterStats"",""healEvent"",""skillCastOrDamageEvent""]","[""targetSkillScopeMapping""]",true,"[{""value"":3,""unit"":"""",""raw"":""3 ""},{""value"":10,""unit"":"""",""raw"":""10 ""},{""value"":1,""unit"":""seconds"",""raw"":""1 s""}]","While performing Healing Melody, consumes 3 Performance Energy per second, and heals 10 allies every 1 second (Interval affected by Haste).","[{""sourceFile"":""skillnames.json""}]"
skill,SkillDescriptions.json,231130,Healing Melody,skill:231130:1,cooldownTextUnclassified,evidence,textOnly,medium,false,unknown,,[],false,"[""localizedDescription"",""skillCooldownTable"",""skillDefinition"",""skillTags""]","[""healEvent"",""skillCastOrDamageEvent""]","[""runtimeIdBridge""]",true,"[{""value"":5,""unit"":""seconds"",""raw"":""5s""}]",(Speaker disappears when Healing Melody ends.) CD: 5s.,"[{""sourceFile"":""skillnames.json""}]"
skill,SkillDescriptions.json,231130,Healing Melody,skill:231130:2,hasteStat,hasteEvidence,attrOrBuffEvidence,medium,false,unknown,,"[""haste""]",true,"[""localizedDescription"",""skillCooldownTable"",""skillDefinition"",""skillTags""]","[""finalCharacterStats"",""healEvent"",""skillCastOrDamageEvent""]","[""targetSkillScopeMapping""]",true,"[{""value"":3,""unit"":"""",""raw"":""3 ""},{""value"":10,""unit"":"""",""raw"":""10 ""},{""value"":1,""unit"":""seconds"",""raw"":""1 s""}]","While performing Healing Melody, consumes 3 Performance Energy per second, and heals 10 allies every 1 second (Interval affected by Haste).","[{""sourceFile"":""skillnames.json""}]"
skill,SkillDescriptions.json,231701,Fierce Strike,skill:231701:1,cooldownTextUnclassified,evidence,textOnly,medium,false,selfSkill,,[],false,"[""localizedDescription"",""skillCooldownTable"",""skillDefinition"",""skillTags""]","[""killEvent"",""skillCastEvent"",""skillCastOrDamageEvent""]","[""runtimeIdBridge""]",true,[],Tips: Cast this skill when Harmonic Anthem is on CD.,"[{""sourceFile"":""skillnames.json""}]"
skill,SkillDescriptions.json,240101,Blade of Justice,skill:240101:1,cooldownTextUnclassified,evidence,textOnly,medium,false,unknown,,[],false,"[""localizedDescription"",""skillCooldownTable"",""skillDefinition"",""skillTags""]","[""skillCastOrDamageEvent""]","[""runtimeIdBridge""]",true,"[{""value"":10,""unit"":""seconds"",""raw"":""10s""},{""value"":10,""unit"":"""",""raw"":""10 ""}]","Each Holy Sigil enters a 10s CD after being consumed, and generates 10 Photon Energy.","[{""sourceFile"":""skillnames.json""}]"
skill,SkillDescriptions.json,240102,Blade of Justice,skill:240102:1,cooldownTextUnclassified,evidence,textOnly,medium,false,unknown,,[],false,"[""localizedDescription"",""skillCooldownTable"",""skillDefinition"",""skillTags""]","[""skillCastOrDamageEvent""]","[""runtimeIdBridge""]",true,"[{""value"":10,""unit"":""seconds"",""raw"":""10s""},{""value"":10,""unit"":"""",""raw"":""10 ""}]","Each Holy Sigil enters a 10s CD after being consumed, and generates 10 Photon Energy.","[{""sourceFile"":""skillnames.json""}]"
skill,SkillDescriptions.json,240103,Blade of Justice,skill:240103:1,cooldownTextUnclassified,evidence,textOnly,medium,false,unknown,,[],false,"[""localizedDescription"",""skillCooldownTable"",""skillDefinition"",""skillTags""]","[""skillCastOrDamageEvent""]","[""runtimeIdBridge""]",true,"[{""value"":10,""unit"":""seconds"",""raw"":""10s""},{""value"":10,""unit"":"""",""raw"":""10 ""}]","Each Holy Sigil enters a 10s CD after being consumed, and generates 10 Photon Energy.","[{""sourceFile"":""skillnames.json""}]"
skill,SkillDescriptions.json,240104,Blade of Justice,skill:240104:1,cooldownTextUnclassified,evidence,textOnly,medium,false,unknown,,[],false,"[""localizedDescription"",""skillCooldownTable"",""skillDefinition"",""skillTags""]","[""skillCastOrDamageEvent""]","[""runtimeIdBridge""]",true,"[{""value"":10,""unit"":""seconds"",""raw"":""10s""},{""value"":10,""unit"":"""",""raw"":""10 ""}]","Each Holy Sigil enters a 10s CD after being consumed, and generates 10 Photon Energy.","[{""sourceFile"":""skillnames.json""}]"
skill,SkillDescriptions.json,240105,Blade of Justice,skill:240105:1,cooldownTextUnclassified,evidence,textOnly,medium,false,unknown,,[],false,"[""localizedDescription"",""skillCooldownTable"",""skillDefinition"",""skillTags""]","[""skillCastOrDamageEvent""]","[""runtimeIdBridge""]",true,"[{""value"":10,""unit"":""seconds"",""raw"":""10s""},{""value"":10,""unit"":"""",""raw"":""10 ""}]","Each Holy Sigil enters a 10s CD after being consumed, and generates 10 Photon Energy.","[{""sourceFile"":""skillnames.json""}]"
skill,SkillDescriptions.json,240106,Blade of Justice,skill:240106:1,cooldownTextUnclassified,evidence,textOnly,medium,false,unknown,,[],false,"[""localizedDescription"",""skillCooldownTable"",""skillDefinition"",""skillTags""]","[""skillCastOrDamageEvent""]","[""runtimeIdBridge""]",true,"[{""value"":10,""unit"":""seconds"",""raw"":""10s""},{""value"":10,""unit"":"""",""raw"":""10 ""}]","Each Holy Sigil enters a 10s CD after being consumed, and generates 10 Photon Energy.","[{""sourceFile"":""skillnames.json""}]"
skill,SkillDescriptions.json,240107,Blade of Justice,skill:240107:1,cooldownTextUnclassified,evidence,textOnly,medium,false,unknown,,[],false,"[""localizedDescription"",""skillCooldownTable"",""skillDefinition"",""skillTags""]","[""skillCastOrDamageEvent""]","[""runtimeIdBridge""]",true,"[{""value"":10,""unit"":""seconds"",""raw"":""10s""},{""value"":10,""unit"":"""",""raw"":""10 ""}]","Each Holy Sigil enters a 10s CD after being consumed, and generates 10 Photon Energy.","[{""sourceFile"":""skillnames.json""}]"
skill,SkillDescriptions.json,240108,Blade of Justice,skill:240108:1,cooldownTextUnclassified,evidence,textOnly,medium,false,unknown,,[],false,"[""localizedDescription"",""skillCooldownTable"",""skillDefinition"",""skillTags""]","[""skillCastOrDamageEvent""]","[""runtimeIdBridge""]",true,"[{""value"":10,""unit"":""seconds"",""raw"":""10s""},{""value"":10,""unit"":"""",""raw"":""10 ""}]","Each Holy Sigil enters a 10s CD after being consumed, and generates 10 Photon Energy.","[{""sourceFile"":""skillnames.json""}]"
skill,SkillDescriptions.json,240109,Blade of Justice,skill:240109:1,cooldownTextUnclassified,evidence,textOnly,medium,false,unknown,,[],false,"[""localizedDescription"",""skillCooldownTable"",""skillDefinition"",""skillTags""]","[""skillCastOrDamageEvent""]","[""runtimeIdBridge""]",true,"[{""value"":10,""unit"":""seconds"",""raw"":""10s""},{""value"":10,""unit"":"""",""raw"":""10 ""}]","Each Holy Sigil enters a 10s CD after being consumed, and generates 10 Photon Energy.","[{""sourceFile"":""skillnames.json""}]"
skill,SkillDescriptions.json,240110,Blade of Justice,skill:240110:1,cooldownTextUnclassified,evidence,textOnly,medium,false,unknown,,[],false,"[""localizedDescription"",""skillCooldownTable"",""skillDefinition"",""skillTags""]","[""skillCastOrDamageEvent""]","[""runtimeIdBridge""]",true,"[{""value"":10,""unit"":""seconds"",""raw"":""10s""},{""value"":10,""unit"":"""",""raw"":""10 ""}]","Each Holy Sigil enters a 10s CD after being consumed, and generates 10 Photon Energy.","[{""sourceFile"":""skillnames.json""}]"
skill,SkillDescriptions.json,240111,Blade of Justice,skill:240111:1,cooldownTextUnclassified,evidence,textOnly,medium,false,unknown,,[],false,"[""localizedDescription"",""skillCooldownTable"",""skillDefinition"",""skillTags""]","[""skillCastOrDamageEvent""]","[""runtimeIdBridge""]",true,"[{""value"":10,""unit"":""seconds"",""raw"":""10s""},{""value"":10,""unit"":"""",""raw"":""10 ""}]","Each Holy Sigil enters a 10s CD after being consumed, and generates 10 Photon Energy.","[{""sourceFile"":""skillnames.json""}]"
skill,SkillDescriptions.json,240112,Blade of Justice,skill:240112:1,cooldownTextUnclassified,evidence,textOnly,medium,false,unknown,,[],false,"[""localizedDescription"",""skillCooldownTable"",""skillDefinition"",""skillTags""]","[""skillCastOrDamageEvent""]","[""runtimeIdBridge""]",true,"[{""value"":10,""unit"":""seconds"",""raw"":""10s""},{""value"":10,""unit"":"""",""raw"":""10 ""}]","Each Holy Sigil enters a 10s CD after being consumed, and generates 10 Photon Energy.","[{""sourceFile"":""skillnames.json""}]"
skill,SkillDescriptions.json,240113,Blade of Justice,skill:240113:1,cooldownTextUnclassified,evidence,textOnly,medium,false,unknown,,[],false,"[""localizedDescription"",""skillCooldownTable"",""skillDefinition"",""skillTags""]","[""skillCastOrDamageEvent""]","[""runtimeIdBridge""]",true,"[{""value"":10,""unit"":""seconds"",""raw"":""10s""},{""value"":10,""unit"":"""",""raw"":""10 ""}]","Each Holy Sigil enters a 10s CD after being consumed, and generates 10 Photon Energy.","[{""sourceFile"":""skillnames.json""}]"
skill,SkillDescriptions.json,240114,Blade of Justice,skill:240114:1,cooldownTextUnclassified,evidence,textOnly,medium,false,unknown,,[],false,"[""localizedDescription"",""skillCooldownTable"",""skillDefinition"",""skillTags""]","[""skillCastOrDamageEvent""]","[""runtimeIdBridge""]",true,"[{""value"":10,""unit"":""seconds"",""raw"":""10s""},{""value"":10,""unit"":"""",""raw"":""10 ""}]","Each Holy Sigil enters a 10s CD after being consumed, and generates 10 Photon Energy.","[{""sourceFile"":""skillnames.json""}]"
skill,SkillDescriptions.json,240115,Blade of Justice,skill:240115:1,cooldownTextUnclassified,evidence,textOnly,medium,false,unknown,,[],false,"[""localizedDescription"",""skillCooldownTable"",""skillDefinition"",""skillTags""]","[""skillCastOrDamageEvent""]","[""runtimeIdBridge""]",true,"[{""value"":10,""unit"":""seconds"",""raw"":""10s""},{""value"":10,""unit"":"""",""raw"":""10 ""}]","Each Holy Sigil enters a 10s CD after being consumed, and generates 10 Photon Energy.","[{""sourceFile"":""skillnames.json""}]"
skill,SkillDescriptions.json,240116,Blade of Justice,skill:240116:1,cooldownTextUnclassified,evidence,textOnly,medium,false,unknown,,[],false,"[""localizedDescription"",""skillCooldownTable"",""skillDefinition"",""skillTags""]","[""skillCastOrDamageEvent""]","[""runtimeIdBridge""]",true,"[{""value"":10,""unit"":""seconds"",""raw"":""10s""},{""value"":10,""unit"":"""",""raw"":""10 ""}]","Each Holy Sigil enters a 10s CD after being consumed, and generates 10 Photon Energy.","[{""sourceFile"":""skillnames.json""}]"
skill,SkillDescriptions.json,240117,Blade of Justice,skill:240117:1,cooldownTextUnclassified,evidence,textOnly,medium,false,unknown,,[],false,"[""localizedDescription"",""skillCooldownTable"",""skillDefinition"",""skillTags""]","[""skillCastOrDamageEvent""]","[""runtimeIdBridge""]",true,"[{""value"":10,""unit"":""seconds"",""raw"":""10s""},{""value"":10,""unit"":"""",""raw"":""10 ""}]","Each Holy Sigil enters a 10s CD after being consumed, and generates 10 Photon Energy.","[{""sourceFile"":""skillnames.json""}]"
skill,SkillDescriptions.json,240118,Blade of Justice,skill:240118:1,cooldownTextUnclassified,evidence,textOnly,medium,false,unknown,,[],false,"[""localizedDescription"",""skillCooldownTable"",""skillDefinition"",""skillTags""]","[""skillCastOrDamageEvent""]","[""runtimeIdBridge""]",true,"[{""value"":10,""unit"":""seconds"",""raw"":""10s""},{""value"":10,""unit"":"""",""raw"":""10 ""}]","Each Holy Sigil enters a 10s CD after being consumed, and generates 10 Photon Energy.","[{""sourceFile"":""skillnames.json""}]"
skill,SkillDescriptions.json,240119,Blade of Justice,skill:240119:1,cooldownTextUnclassified,evidence,textOnly,medium,false,unknown,,[],false,"[""localizedDescription"",""skillCooldownTable"",""skillDefinition"",""skillTags""]","[""skillCastOrDamageEvent""]","[""runtimeIdBridge""]",true,"[{""value"":10,""unit"":""seconds"",""raw"":""10s""},{""value"":10,""unit"":"""",""raw"":""10 ""}]","Each Holy Sigil enters a 10s CD after being consumed, and generates 10 Photon Energy.","[{""sourceFile"":""skillnames.json""}]"
skill,SkillDescriptions.json,240120,Blade of Justice,skill:240120:1,cooldownTextUnclassified,evidence,textOnly,medium,false,unknown,,[],false,"[""localizedDescription"",""skillCooldownTable"",""skillDefinition"",""skillTags""]","[""skillCastOrDamageEvent""]","[""runtimeIdBridge""]",true,"[{""value"":10,""unit"":""seconds"",""raw"":""10s""},{""value"":10,""unit"":"""",""raw"":""10 ""}]","Each Holy Sigil enters a 10s CD after being consumed, and generates 10 Photon Energy.","[{""sourceFile"":""skillnames.json""}]"
skill,SkillDescriptions.json,240121,Blade of Justice,skill:240121:1,cooldownTextUnclassified,evidence,textOnly,medium,false,unknown,,[],false,"[""localizedDescription"",""skillCooldownTable"",""skillDefinition"",""skillTags""]","[""skillCastOrDamageEvent""]","[""runtimeIdBridge""]",true,"[{""value"":10,""unit"":""seconds"",""raw"":""10s""},{""value"":10,""unit"":"""",""raw"":""10 ""}]","Each Holy Sigil enters a 10s CD after being consumed, and generates 10 Photon Energy.","[{""sourceFile"":""skillnames.json""}]"
skill,SkillDescriptions.json,240122,Blade of Justice,skill:240122:1,cooldownTextUnclassified,evidence,textOnly,medium,false,unknown,,[],false,"[""localizedDescription"",""skillCooldownTable"",""skillDefinition"",""skillTags""]","[""skillCastOrDamageEvent""]","[""runtimeIdBridge""]",true,"[{""value"":10,""unit"":""seconds"",""raw"":""10s""},{""value"":10,""unit"":"""",""raw"":""10 ""}]","Each Holy Sigil enters a 10s CD after being consumed, and generates 10 Photon Energy.","[{""sourceFile"":""skillnames.json""}]"
skill,SkillDescriptions.json,240123,Blade of Justice,skill:240123:1,cooldownTextUnclassified,evidence,textOnly,medium,false,unknown,,[],false,"[""localizedDescription"",""skillCooldownTable"",""skillDefinition"",""skillTags""]","[""skillCastOrDamageEvent""]","[""runtimeIdBridge""]",true,"[{""value"":10,""unit"":""seconds"",""raw"":""10s""},{""value"":10,""unit"":"""",""raw"":""10 ""}]","Each Holy Sigil enters a 10s CD after being consumed, and generates 10 Photon Energy.","[{""sourceFile"":""skillnames.json""}]"
skill,SkillDescriptions.json,240124,Blade of Justice,skill:240124:1,cooldownTextUnclassified,evidence,textOnly,medium,false,unknown,,[],false,"[""localizedDescription"",""skillCooldownTable"",""skillDefinition"",""skillTags""]","[""skillCastOrDamageEvent""]","[""runtimeIdBridge""]",true,"[{""value"":10,""unit"":""seconds"",""raw"":""10s""},{""value"":10,""unit"":"""",""raw"":""10 ""}]","Each Holy Sigil enters a 10s CD after being consumed, and generates 10 Photon Energy.","[{""sourceFile"":""skillnames.json""}]"
skill,SkillDescriptions.json,240125,Blade of Justice,skill:240125:1,cooldownTextUnclassified,evidence,textOnly,medium,false,unknown,,[],false,"[""localizedDescription"",""skillCooldownTable"",""skillDefinition"",""skillTags""]","[""skillCastOrDamageEvent""]","[""runtimeIdBridge""]",true,"[{""value"":10,""unit"":""seconds"",""raw"":""10s""},{""value"":10,""unit"":"""",""raw"":""10 ""}]","Each Holy Sigil enters a 10s CD after being consumed, and generates 10 Photon Energy.","[{""sourceFile"":""skillnames.json""}]"
skill,SkillDescriptions.json,240126,Blade of Justice,skill:240126:1,cooldownTextUnclassified,evidence,textOnly,medium,false,unknown,,[],false,"[""localizedDescription"",""skillCooldownTable"",""skillDefinition"",""skillTags""]","[""skillCastOrDamageEvent""]","[""runtimeIdBridge""]",true,"[{""value"":10,""unit"":""seconds"",""raw"":""10s""},{""value"":10,""unit"":"""",""raw"":""10 ""}]","Each Holy Sigil enters a 10s CD after being consumed, and generates 10 Photon Energy.","[{""sourceFile"":""skillnames.json""}]"
skill,SkillDescriptions.json,240127,Blade of Justice,skill:240127:1,cooldownTextUnclassified,evidence,textOnly,medium,false,unknown,,[],false,"[""localizedDescription"",""skillCooldownTable"",""skillDefinition"",""skillTags""]","[""skillCastOrDamageEvent""]","[""runtimeIdBridge""]",true,"[{""value"":10,""unit"":""seconds"",""raw"":""10s""},{""value"":10,""unit"":"""",""raw"":""10 ""}]","Each Holy Sigil enters a 10s CD after being consumed, and generates 10 Photon Energy.","[{""sourceFile"":""skillnames.json""}]"
skill,SkillDescriptions.json,240128,Blade of Justice,skill:240128:1,cooldownTextUnclassified,evidence,textOnly,medium,false,unknown,,[],false,"[""localizedDescription"",""skillCooldownTable"",""skillDefinition"",""skillTags""]","[""skillCastOrDamageEvent""]","[""runtimeIdBridge""]",true,"[{""value"":10,""unit"":""seconds"",""raw"":""10s""},{""value"":10,""unit"":"""",""raw"":""10 ""}]","Each Holy Sigil enters a 10s CD after being consumed, and generates 10 Photon Energy.","[{""sourceFile"":""skillnames.json""}]"
skill,SkillDescriptions.json,240129,Blade of Justice,skill:240129:1,cooldownTextUnclassified,evidence,textOnly,medium,false,unknown,,[],false,"[""localizedDescription"",""skillCooldownTable"",""skillDefinition"",""skillTags""]","[""skillCastOrDamageEvent""]","[""runtimeIdBridge""]",true,"[{""value"":10,""unit"":""seconds"",""raw"":""10s""},{""value"":10,""unit"":"""",""raw"":""10 ""}]","Each Holy Sigil enters a 10s CD after being consumed, and generates 10 Photon Energy.","[{""sourceFile"":""skillnames.json""}]"
skill,SkillDescriptions.json,240130,Blade of Justice,skill:240130:1,cooldownTextUnclassified,evidence,textOnly,medium,false,unknown,,[],false,"[""localizedDescription"",""skillCooldownTable"",""skillDefinition"",""skillTags""]","[""skillCastOrDamageEvent""]","[""runtimeIdBridge""]",true,"[{""value"":10,""unit"":""seconds"",""raw"":""10s""},{""value"":10,""unit"":"""",""raw"":""10 ""}]","Each Holy Sigil enters a 10s CD after being consumed, and generates 10 Photon Energy.","[{""sourceFile"":""skillnames.json""}]"
skill,SkillDescriptions.json,240701,Radiant Infusion,skill:240701:1,cooldownTextUnclassified,evidence,textOnly,medium,false,unknown,,[],false,"[""localizedDescription"",""skillCooldownTable"",""skillDefinition"",""skillTags""]","[""skillCastOrDamageEvent""]","[""runtimeIdBridge""]",true,"[{""value"":10,""unit"":""seconds"",""raw"":""10s""},{""value"":1,""unit"":"""",""raw"":""1 ""},{""value"":2,""unit"":""seconds"",""raw"":""2s""},{""value"":10,""unit"":"""",""raw"":""10 ""}]","For the next 10s, instantly refreshes 1 Holy Sigil for every 2s (prioritizing the Holy Sigil with the longest remaining CD), and generates 10 Photon Energy each time.","[{""sourceFile"":""skillnames.json""}]"
skill,SkillDescriptions.json,240702,Radiant Infusion,skill:240702:1,cooldownTextUnclassified,evidence,textOnly,medium,false,unknown,,[],false,"[""localizedDescription"",""skillCooldownTable"",""skillDefinition"",""skillTags""]","[""skillCastOrDamageEvent""]","[""runtimeIdBridge""]",true,"[{""value"":10,""unit"":""seconds"",""raw"":""10s""},{""value"":1,""unit"":"""",""raw"":""1 ""},{""value"":2,""unit"":""seconds"",""raw"":""2s""},{""value"":10,""unit"":"""",""raw"":""10 ""}]","For the next 10s, instantly refreshes 1 Holy Sigil for every 2s (prioritizing the Holy Sigil with the longest remaining CD), and generates 10 Photon Energy each time.","[{""sourceFile"":""skillnames.json""}]"
skill,SkillDescriptions.json,240703,Radiant Infusion,skill:240703:1,cooldownTextUnclassified,evidence,textOnly,medium,false,unknown,,[],false,"[""localizedDescription"",""skillCooldownTable"",""skillDefinition"",""skillTags""]","[""skillCastOrDamageEvent""]","[""runtimeIdBridge""]",true,"[{""value"":10,""unit"":""seconds"",""raw"":""10s""},{""value"":1,""unit"":"""",""raw"":""1 ""},{""value"":2,""unit"":""seconds"",""raw"":""2s""},{""value"":10,""unit"":"""",""raw"":""10 ""}]","For the next 10s, instantly refreshes 1 Holy Sigil for every 2s (prioritizing the Holy Sigil with the longest remaining CD), and generates 10 Photon Energy each time.","[{""sourceFile"":""skillnames.json""}]"
skill,SkillDescriptions.json,240704,Radiant Infusion,skill:240704:1,cooldownTextUnclassified,evidence,textOnly,medium,false,unknown,,[],false,"[""localizedDescription"",""skillCooldownTable"",""skillDefinition"",""skillTags""]","[""skillCastOrDamageEvent""]","[""runtimeIdBridge""]",true,"[{""value"":10,""unit"":""seconds"",""raw"":""10s""},{""value"":1,""unit"":"""",""raw"":""1 ""},{""value"":2,""unit"":""seconds"",""raw"":""2s""},{""value"":10,""unit"":"""",""raw"":""10 ""}]","For the next 10s, instantly refreshes 1 Holy Sigil for every 2s (prioritizing the Holy Sigil with the longest remaining CD), and generates 10 Photon Energy each time.","[{""sourceFile"":""skillnames.json""}]"
skill,SkillDescriptions.json,240705,Radiant Infusion,skill:240705:1,cooldownTextUnclassified,evidence,textOnly,medium,false,unknown,,[],false,"[""localizedDescription"",""skillCooldownTable"",""skillDefinition"",""skillTags""]","[""skillCastOrDamageEvent""]","[""runtimeIdBridge""]",true,"[{""value"":10,""unit"":""seconds"",""raw"":""10s""},{""value"":1,""unit"":"""",""raw"":""1 ""},{""value"":2,""unit"":""seconds"",""raw"":""2s""},{""value"":10,""unit"":"""",""raw"":""10 ""}]","For the next 10s, instantly refreshes 1 Holy Sigil for every 2s (prioritizing the Holy Sigil with the longest remaining CD), and generates 10 Photon Energy each time.","[{""sourceFile"":""skillnames.json""}]"
skill,SkillDescriptions.json,240706,Radiant Infusion,skill:240706:1,cooldownTextUnclassified,evidence,textOnly,medium,false,unknown,,[],false,"[""localizedDescription"",""skillCooldownTable"",""skillDefinition"",""skillTags""]","[""skillCastOrDamageEvent""]","[""runtimeIdBridge""]",true,"[{""value"":10,""unit"":""seconds"",""raw"":""10s""},{""value"":1,""unit"":"""",""raw"":""1 ""},{""value"":2,""unit"":""seconds"",""raw"":""2s""},{""value"":10,""unit"":"""",""raw"":""10 ""}]","For the next 10s, instantly refreshes 1 Holy Sigil for every 2s (prioritizing the Holy Sigil with the longest remaining CD), and generates 10 Photon Energy each time.","[{""sourceFile"":""skillnames.json""}]"
skill,SkillDescriptions.json,240707,Radiant Infusion,skill:240707:1,cooldownTextUnclassified,evidence,textOnly,medium,false,unknown,,[],false,"[""localizedDescription"",""skillCooldownTable"",""skillDefinition"",""skillTags""]","[""skillCastOrDamageEvent""]","[""runtimeIdBridge""]",true,"[{""value"":10,""unit"":""seconds"",""raw"":""10s""},{""value"":1,""unit"":"""",""raw"":""1 ""},{""value"":2,""unit"":""seconds"",""raw"":""2s""},{""value"":10,""unit"":"""",""raw"":""10 ""}]","For the next 10s, instantly refreshes 1 Holy Sigil for every 2s (prioritizing the Holy Sigil with the longest remaining CD), and generates 10 Photon Energy each time.","[{""sourceFile"":""skillnames.json""}]"
skill,SkillDescriptions.json,240708,Radiant Infusion,skill:240708:1,cooldownTextUnclassified,evidence,textOnly,medium,false,unknown,,[],false,"[""localizedDescription"",""skillCooldownTable"",""skillDefinition"",""skillTags""]","[""skillCastOrDamageEvent""]","[""runtimeIdBridge""]",true,"[{""value"":10,""unit"":""seconds"",""raw"":""10s""},{""value"":1,""unit"":"""",""raw"":""1 ""},{""value"":2,""unit"":""seconds"",""raw"":""2s""},{""value"":10,""unit"":"""",""raw"":""10 ""}]","For the next 10s, instantly refreshes 1 Holy Sigil for every 2s (prioritizing the Holy Sigil with the longest remaining CD), and generates 10 Photon Energy each time.","[{""sourceFile"":""skillnames.json""}]"
skill,SkillDescriptions.json,240709,Radiant Infusion,skill:240709:1,cooldownTextUnclassified,evidence,textOnly,medium,false,unknown,,[],false,"[""localizedDescription"",""skillCooldownTable"",""skillDefinition"",""skillTags""]","[""skillCastOrDamageEvent""]","[""runtimeIdBridge""]",true,"[{""value"":10,""unit"":""seconds"",""raw"":""10s""},{""value"":1,""unit"":"""",""raw"":""1 ""},{""value"":2,""unit"":""seconds"",""raw"":""2s""},{""value"":10,""unit"":"""",""raw"":""10 ""}]","For the next 10s, instantly refreshes 1 Holy Sigil for every 2s (prioritizing the Holy Sigil with the longest remaining CD), and generates 10 Photon Energy each time.","[{""sourceFile"":""skillnames.json""}]"
skill,SkillDescriptions.json,240710,Radiant Infusion,skill:240710:1,cooldownTextUnclassified,evidence,textOnly,medium,false,unknown,,[],false,"[""localizedDescription"",""skillCooldownTable"",""skillDefinition"",""skillTags""]","[""skillCastOrDamageEvent""]","[""runtimeIdBridge""]",true,"[{""value"":10,""unit"":""seconds"",""raw"":""10s""},{""value"":1,""unit"":"""",""raw"":""1 ""},{""value"":2,""unit"":""seconds"",""raw"":""2s""},{""value"":10,""unit"":"""",""raw"":""10 ""}]","For the next 10s, instantly refreshes 1 Holy Sigil for every 2s (prioritizing the Holy Sigil with the longest remaining CD), and generates 10 Photon Energy each time.","[{""sourceFile"":""skillnames.json""}]"
skill,SkillDescriptions.json,240711,Radiant Infusion,skill:240711:1,cooldownTextUnclassified,evidence,textOnly,medium,false,unknown,,[],false,"[""localizedDescription"",""skillCooldownTable"",""skillDefinition"",""skillTags""]","[""skillCastOrDamageEvent""]","[""runtimeIdBridge""]",true,"[{""value"":10,""unit"":""seconds"",""raw"":""10s""},{""value"":1,""unit"":"""",""raw"":""1 ""},{""value"":2,""unit"":""seconds"",""raw"":""2s""},{""value"":10,""unit"":"""",""raw"":""10 ""}]","For the next 10s, instantly refreshes 1 Holy Sigil for every 2s (prioritizing the Holy Sigil with the longest remaining CD), and generates 10 Photon Energy each time.","[{""sourceFile"":""skillnames.json""}]"
skill,SkillDescriptions.json,240712,Radiant Infusion,skill:240712:1,cooldownTextUnclassified,evidence,textOnly,medium,false,unknown,,[],false,"[""localizedDescription"",""skillCooldownTable"",""skillDefinition"",""skillTags""]","[""skillCastOrDamageEvent""]","[""runtimeIdBridge""]",true,"[{""value"":10,""unit"":""seconds"",""raw"":""10s""},{""value"":1,""unit"":"""",""raw"":""1 ""},{""value"":2,""unit"":""seconds"",""raw"":""2s""},{""value"":10,""unit"":"""",""raw"":""10 ""}]","For the next 10s, instantly refreshes 1 Holy Sigil for every 2s (prioritizing the Holy Sigil with the longest remaining CD), and generates 10 Photon Energy each time.","[{""sourceFile"":""skillnames.json""}]"
skill,SkillDescriptions.json,240713,Radiant Infusion,skill:240713:1,cooldownTextUnclassified,evidence,textOnly,medium,false,unknown,,[],false,"[""localizedDescription"",""skillCooldownTable"",""skillDefinition"",""skillTags""]","[""skillCastOrDamageEvent""]","[""runtimeIdBridge""]",true,"[{""value"":10,""unit"":""seconds"",""raw"":""10s""},{""value"":1,""unit"":"""",""raw"":""1 ""},{""value"":2,""unit"":""seconds"",""raw"":""2s""},{""value"":10,""unit"":"""",""raw"":""10 ""}]","For the next 10s, instantly refreshes 1 Holy Sigil for every 2s (prioritizing the Holy Sigil with the longest remaining CD), and generates 10 Photon Energy each time.","[{""sourceFile"":""skillnames.json""}]"
skill,SkillDescriptions.json,240714,Radiant Infusion,skill:240714:1,cooldownTextUnclassified,evidence,textOnly,medium,false,unknown,,[],false,"[""localizedDescription"",""skillCooldownTable"",""skillDefinition"",""skillTags""]","[""skillCastOrDamageEvent""]","[""runtimeIdBridge""]",true,"[{""value"":10,""unit"":""seconds"",""raw"":""10s""},{""value"":1,""unit"":"""",""raw"":""1 ""},{""value"":2,""unit"":""seconds"",""raw"":""2s""},{""value"":10,""unit"":"""",""raw"":""10 ""}]","For the next 10s, instantly refreshes 1 Holy Sigil for every 2s (prioritizing the Holy Sigil with the longest remaining CD), and generates 10 Photon Energy each time.","[{""sourceFile"":""skillnames.json""}]"
skill,SkillDescriptions.json,240715,Radiant Infusion,skill:240715:1,cooldownTextUnclassified,evidence,textOnly,medium,false,unknown,,[],false,"[""localizedDescription"",""skillCooldownTable"",""skillDefinition"",""skillTags""]","[""skillCastOrDamageEvent""]","[""runtimeIdBridge""]",true,"[{""value"":10,""unit"":""seconds"",""raw"":""10s""},{""value"":1,""unit"":"""",""raw"":""1 ""},{""value"":2,""unit"":""seconds"",""raw"":""2s""},{""value"":10,""unit"":"""",""raw"":""10 ""}]","For the next 10s, instantly refreshes 1 Holy Sigil for every 2s (prioritizing the Holy Sigil with the longest remaining CD), and generates 10 Photon Energy each time.","[{""sourceFile"":""skillnames.json""}]"
skill,SkillDescriptions.json,240716,Radiant Infusion,skill:240716:1,cooldownTextUnclassified,evidence,textOnly,medium,false,unknown,,[],false,"[""localizedDescription"",""skillCooldownTable"",""skillDefinition"",""skillTags""]","[""skillCastOrDamageEvent""]","[""runtimeIdBridge""]",true,"[{""value"":10,""unit"":""seconds"",""raw"":""10s""},{""value"":1,""unit"":"""",""raw"":""1 ""},{""value"":2,""unit"":""seconds"",""raw"":""2s""},{""value"":10,""unit"":"""",""raw"":""10 ""}]","For the next 10s, instantly refreshes 1 Holy Sigil for every 2s (prioritizing the Holy Sigil with the longest remaining CD), and generates 10 Photon Energy each time.","[{""sourceFile"":""skillnames.json""}]"
skill,SkillDescriptions.json,240717,Radiant Infusion,skill:240717:1,cooldownTextUnclassified,evidence,textOnly,medium,false,unknown,,[],false,"[""localizedDescription"",""skillCooldownTable"",""skillDefinition"",""skillTags""]","[""skillCastOrDamageEvent""]","[""runtimeIdBridge""]",true,"[{""value"":10,""unit"":""seconds"",""raw"":""10s""},{""value"":1,""unit"":"""",""raw"":""1 ""},{""value"":2,""unit"":""seconds"",""raw"":""2s""},{""value"":10,""unit"":"""",""raw"":""10 ""}]","For the next 10s, instantly refreshes 1 Holy Sigil for every 2s (prioritizing the Holy Sigil with the longest remaining CD), and generates 10 Photon Energy each time.","[{""sourceFile"":""skillnames.json""}]"
skill,SkillDescriptions.json,240718,Radiant Infusion,skill:240718:1,cooldownTextUnclassified,evidence,textOnly,medium,false,unknown,,[],false,"[""localizedDescription"",""skillCooldownTable"",""skillDefinition"",""skillTags""]","[""skillCastOrDamageEvent""]","[""runtimeIdBridge""]",true,"[{""value"":10,""unit"":""seconds"",""raw"":""10s""},{""value"":1,""unit"":"""",""raw"":""1 ""},{""value"":2,""unit"":""seconds"",""raw"":""2s""},{""value"":10,""unit"":"""",""raw"":""10 ""}]","For the next 10s, instantly refreshes 1 Holy Sigil for every 2s (prioritizing the Holy Sigil with the longest remaining CD), and generates 10 Photon Energy each time.","[{""sourceFile"":""skillnames.json""}]"
skill,SkillDescriptions.json,240719,Radiant Infusion,skill:240719:1,cooldownTextUnclassified,evidence,textOnly,medium,false,unknown,,[],false,"[""localizedDescription"",""skillCooldownTable"",""skillDefinition"",""skillTags""]","[""skillCastOrDamageEvent""]","[""runtimeIdBridge""]",true,"[{""value"":10,""unit"":""seconds"",""raw"":""10s""},{""value"":1,""unit"":"""",""raw"":""1 ""},{""value"":2,""unit"":""seconds"",""raw"":""2s""},{""value"":10,""unit"":"""",""raw"":""10 ""}]","For the next 10s, instantly refreshes 1 Holy Sigil for every 2s (prioritizing the Holy Sigil with the longest remaining CD), and generates 10 Photon Energy each time.","[{""sourceFile"":""skillnames.json""}]"
skill,SkillDescriptions.json,240720,Radiant Infusion,skill:240720:1,cooldownTextUnclassified,evidence,textOnly,medium,false,unknown,,[],false,"[""localizedDescription"",""skillCooldownTable"",""skillDefinition"",""skillTags""]","[""skillCastOrDamageEvent""]","[""runtimeIdBridge""]",true,"[{""value"":10,""unit"":""seconds"",""raw"":""10s""},{""value"":1,""unit"":"""",""raw"":""1 ""},{""value"":2,""unit"":""seconds"",""raw"":""2s""},{""value"":10,""unit"":"""",""raw"":""10 ""}]","For the next 10s, instantly refreshes 1 Holy Sigil for every 2s (prioritizing the Holy Sigil with the longest remaining CD), and generates 10 Photon Energy each time.","[{""sourceFile"":""skillnames.json""}]"
skill,SkillDescriptions.json,240721,Radiant Infusion,skill:240721:1,cooldownTextUnclassified,evidence,textOnly,medium,false,unknown,,[],false,"[""localizedDescription"",""skillCooldownTable"",""skillDefinition"",""skillTags""]","[""skillCastOrDamageEvent""]","[""runtimeIdBridge""]",true,"[{""value"":10,""unit"":""seconds"",""raw"":""10s""},{""value"":1,""unit"":"""",""raw"":""1 ""},{""value"":2,""unit"":""seconds"",""raw"":""2s""},{""value"":10,""unit"":"""",""raw"":""10 ""}]","For the next 10s, instantly refreshes 1 Holy Sigil for every 2s (prioritizing the Holy Sigil with the longest remaining CD), and generates 10 Photon Energy each time.","[{""sourceFile"":""skillnames.json""}]"
skill,SkillDescriptions.json,240722,Radiant Infusion,skill:240722:1,cooldownTextUnclassified,evidence,textOnly,medium,false,unknown,,[],false,"[""localizedDescription"",""skillCooldownTable"",""skillDefinition"",""skillTags""]","[""skillCastOrDamageEvent""]","[""runtimeIdBridge""]",true,"[{""value"":10,""unit"":""seconds"",""raw"":""10s""},{""value"":1,""unit"":"""",""raw"":""1 ""},{""value"":2,""unit"":""seconds"",""raw"":""2s""},{""value"":10,""unit"":"""",""raw"":""10 ""}]","For the next 10s, instantly refreshes 1 Holy Sigil for every 2s (prioritizing the Holy Sigil with the longest remaining CD), and generates 10 Photon Energy each time.","[{""sourceFile"":""skillnames.json""}]"
skill,SkillDescriptions.json,240723,Radiant Infusion,skill:240723:1,cooldownTextUnclassified,evidence,textOnly,medium,false,unknown,,[],false,"[""localizedDescription"",""skillCooldownTable"",""skillDefinition"",""skillTags""]","[""skillCastOrDamageEvent""]","[""runtimeIdBridge""]",true,"[{""value"":10,""unit"":""seconds"",""raw"":""10s""},{""value"":1,""unit"":"""",""raw"":""1 ""},{""value"":2,""unit"":""seconds"",""raw"":""2s""},{""value"":10,""unit"":"""",""raw"":""10 ""}]","For the next 10s, instantly refreshes 1 Holy Sigil for every 2s (prioritizing the Holy Sigil with the longest remaining CD), and generates 10 Photon Energy each time.","[{""sourceFile"":""skillnames.json""}]"
skill,SkillDescriptions.json,240724,Radiant Infusion,skill:240724:1,cooldownTextUnclassified,evidence,textOnly,medium,false,unknown,,[],false,"[""localizedDescription"",""skillCooldownTable"",""skillDefinition"",""skillTags""]","[""skillCastOrDamageEvent""]","[""runtimeIdBridge""]",true,"[{""value"":10,""unit"":""seconds"",""raw"":""10s""},{""value"":1,""unit"":"""",""raw"":""1 ""},{""value"":2,""unit"":""seconds"",""raw"":""2s""},{""value"":10,""unit"":"""",""raw"":""10 ""}]","For the next 10s, instantly refreshes 1 Holy Sigil for every 2s (prioritizing the Holy Sigil with the longest remaining CD), and generates 10 Photon Energy each time.","[{""sourceFile"":""skillnames.json""}]"
skill,SkillDescriptions.json,240725,Radiant Infusion,skill:240725:1,cooldownTextUnclassified,evidence,textOnly,medium,false,unknown,,[],false,"[""localizedDescription"",""skillCooldownTable"",""skillDefinition"",""skillTags""]","[""skillCastOrDamageEvent""]","[""runtimeIdBridge""]",true,"[{""value"":10,""unit"":""seconds"",""raw"":""10s""},{""value"":1,""unit"":"""",""raw"":""1 ""},{""value"":2,""unit"":""seconds"",""raw"":""2s""},{""value"":10,""unit"":"""",""raw"":""10 ""}]","For the next 10s, instantly refreshes 1 Holy Sigil for every 2s (prioritizing the Holy Sigil with the longest remaining CD), and generates 10 Photon Energy each time.","[{""sourceFile"":""skillnames.json""}]"
skill,SkillDescriptions.json,240726,Radiant Infusion,skill:240726:1,cooldownTextUnclassified,evidence,textOnly,medium,false,unknown,,[],false,"[""localizedDescription"",""skillCooldownTable"",""skillDefinition"",""skillTags""]","[""skillCastOrDamageEvent""]","[""runtimeIdBridge""]",true,"[{""value"":10,""unit"":""seconds"",""raw"":""10s""},{""value"":1,""unit"":"""",""raw"":""1 ""},{""value"":2,""unit"":""seconds"",""raw"":""2s""},{""value"":10,""unit"":"""",""raw"":""10 ""}]","For the next 10s, instantly refreshes 1 Holy Sigil for every 2s (prioritizing the Holy Sigil with the longest remaining CD), and generates 10 Photon Energy each time.","[{""sourceFile"":""skillnames.json""}]"
skill,SkillDescriptions.json,240727,Radiant Infusion,skill:240727:1,cooldownTextUnclassified,evidence,textOnly,medium,false,unknown,,[],false,"[""localizedDescription"",""skillCooldownTable"",""skillDefinition"",""skillTags""]","[""skillCastOrDamageEvent""]","[""runtimeIdBridge""]",true,"[{""value"":10,""unit"":""seconds"",""raw"":""10s""},{""value"":1,""unit"":"""",""raw"":""1 ""},{""value"":2,""unit"":""seconds"",""raw"":""2s""},{""value"":10,""unit"":"""",""raw"":""10 ""}]","For the next 10s, instantly refreshes 1 Holy Sigil for every 2s (prioritizing the Holy Sigil with the longest remaining CD), and generates 10 Photon Energy each time.","[{""sourceFile"":""skillnames.json""}]"
skill,SkillDescriptions.json,240728,Radiant Infusion,skill:240728:1,cooldownTextUnclassified,evidence,textOnly,medium,false,unknown,,[],false,"[""localizedDescription"",""skillCooldownTable"",""skillDefinition"",""skillTags""]","[""skillCastOrDamageEvent""]","[""runtimeIdBridge""]",true,"[{""value"":10,""unit"":""seconds"",""raw"":""10s""},{""value"":1,""unit"":"""",""raw"":""1 ""},{""value"":2,""unit"":""seconds"",""raw"":""2s""},{""value"":10,""unit"":"""",""raw"":""10 ""}]","For the next 10s, instantly refreshes 1 Holy Sigil for every 2s (prioritizing the Holy Sigil with the longest remaining CD), and generates 10 Photon Energy each time.","[{""sourceFile"":""skillnames.json""}]"
skill,SkillDescriptions.json,240729,Radiant Infusion,skill:240729:1,cooldownTextUnclassified,evidence,textOnly,medium,false,unknown,,[],false,"[""localizedDescription"",""skillCooldownTable"",""skillDefinition"",""skillTags""]","[""skillCastOrDamageEvent""]","[""runtimeIdBridge""]",true,"[{""value"":10,""unit"":""seconds"",""raw"":""10s""},{""value"":1,""unit"":"""",""raw"":""1 ""},{""value"":2,""unit"":""seconds"",""raw"":""2s""},{""value"":10,""unit"":"""",""raw"":""10 ""}]","For the next 10s, instantly refreshes 1 Holy Sigil for every 2s (prioritizing the Holy Sigil with the longest remaining CD), and generates 10 Photon Energy each time.","[{""sourceFile"":""skillnames.json""}]"
skill,SkillDescriptions.json,240730,Radiant Infusion,skill:240730:1,cooldownTextUnclassified,evidence,textOnly,medium,false,unknown,,[],false,"[""localizedDescription"",""skillCooldownTable"",""skillDefinition"",""skillTags""]","[""skillCastOrDamageEvent""]","[""runtimeIdBridge""]",true,"[{""value"":10,""unit"":""seconds"",""raw"":""10s""},{""value"":1,""unit"":"""",""raw"":""1 ""},{""value"":2,""unit"":""seconds"",""raw"":""2s""},{""value"":10,""unit"":"""",""raw"":""10 ""}]","For the next 10s, instantly refreshes 1 Holy Sigil for every 2s (prioritizing the Holy Sigil with the longest remaining CD), and generates 10 Photon Energy each time.","[{""sourceFile"":""skillnames.json""}]"
skill,SkillDescriptions.json,301101,Mocking Roar,skill:301101:1,cooldownTextUnclassified,evidence,textOnly,medium,false,selfSkill,,[],false,"[""localizedDescription"",""skillCooldownTable"",""skillDefinition"",""skillTags""]","[""killEvent"",""skillCastOrDamageEvent""]","[""runtimeIdBridge""]",true,[],This skill is unaffected by CD effects.,"[{""sourceFile"":""skillnames.json""}]"
skill,SkillDescriptions.json,301201,Overclock Explosion,skill:301201:1,cooldownTextUnclassified,evidence,textOnly,medium,false,selfSkill,,[],false,"[""localizedDescription"",""skillCooldownTable"",""skillDefinition"",""skillTags""]","[""killEvent"",""skillCastOrDamageEvent""]","[""runtimeIdBridge""]",true,[],This skill is unaffected by CD effects.,"[{""sourceFile"":""skillnames.json""}]"
skill,SkillDescriptions.json,301301,Adamant Will,skill:301301:1,cooldownTextUnclassified,evidence,textOnly,medium,false,selfSkill,,[],false,"[""localizedDescription"",""skillCooldownTable"",""skillDefinition"",""skillTags""]","[""killEvent"",""skillCastOrDamageEvent""]","[""runtimeIdBridge""]",true,[],This skill is unaffected by CD effects.,"[{""sourceFile"":""skillnames.json""}]"
skill,SkillDescriptions.json,301401,Veil of Shadow,skill:301401:1,cooldownTextUnclassified,evidence,textOnly,medium,false,selfSkill,,[],false,"[""localizedDescription"",""skillCooldownTable"",""skillDefinition"",""skillTags""]","[""killEvent"",""skillCastOrDamageEvent""]","[""runtimeIdBridge""]",true,[],This skill is unaffected by CD effects.,"[{""sourceFile"":""skillnames.json""}]"
skill,SkillDescriptions.json,310101,崩裂词缀自爆虚拟体,skill:310101:1,flatCooldownReduce,flatReduceMs,eventEvidenceRequired,high,true,weaponSkill,all your Weapon skills,[],false,"[""localizedDescription"",""skillCooldownTable"",""skillDefinition"",""skillTags""]","[""damageEvent"",""killEvent"",""skillCastOrDamageEvent""]","[""controlledEncounterTriggerProof""]",true,[],Successful Block reduces the CD of all your Weapon skills.,"[{""sourceFile"":""skillnames.json""},{""sourceFile"":""SkillCooldowns.json""}]"
skill,SkillDescriptions.json,310102,格挡护盾,skill:310102:1,flatCooldownReduce,flatReduceMs,eventEvidenceRequired,high,true,weaponSkill,all your Weapon skills,[],false,"[""localizedDescription"",""skillCooldownTable"",""skillDefinition"",""skillTags""]","[""damageEvent"",""killEvent"",""skillCastOrDamageEvent""]","[""controlledEncounterTriggerProof""]",true,[],Successful Block reduces the CD of all your Weapon skills.,"[{""sourceFile"":""skillnames.json""}]"
skill,SkillDescriptions.json,310103,格挡护盾,skill:310103:1,flatCooldownReduce,flatReduceMs,eventEvidenceRequired,high,true,weaponSkill,all your Weapon skills,[],false,"[""localizedDescription"",""skillCooldownTable"",""skillDefinition"",""skillTags""]","[""damageEvent"",""killEvent"",""skillCastOrDamageEvent""]","[""controlledEncounterTriggerProof""]",true,[],Successful Block reduces the CD of all your Weapon skills.,"[{""sourceFile"":""skillnames.json""}]"
skill,SkillDescriptions.json,310104,格挡护盾,skill:310104:1,flatCooldownReduce,flatReduceMs,eventEvidenceRequired,high,true,weaponSkill,all your Weapon skills,[],false,"[""localizedDescription"",""skillCooldownTable"",""skillDefinition"",""skillTags""]","[""damageEvent"",""killEvent"",""skillCastOrDamageEvent""]","[""controlledEncounterTriggerProof""]",true,[],Successful Block reduces the CD of all your Weapon skills.,"[{""sourceFile"":""skillnames.json""}]"
skill,SkillDescriptions.json,310105,格挡护盾,skill:310105:1,flatCooldownReduce,flatReduceMs,eventEvidenceRequired,high,true,weaponSkill,all your Weapon skills,[],false,"[""localizedDescription"",""skillCooldownTable"",""skillDefinition"",""skillTags""]","[""damageEvent"",""killEvent"",""skillCastOrDamageEvent""]","[""controlledEncounterTriggerProof""]",true,[],Successful Block reduces the CD of all your Weapon skills.,"[{""sourceFile"":""skillnames.json""}]"
skill,SkillDescriptions.json,310106,格挡护盾,skill:310106:1,flatCooldownReduce,flatReduceMs,eventEvidenceRequired,high,true,weaponSkill,all your Weapon skills,[],false,"[""localizedDescription"",""skillCooldownTable"",""skillDefinition"",""skillTags""]","[""damageEvent"",""killEvent"",""skillCastOrDamageEvent""]","[""controlledEncounterTriggerProof""]",true,[],Successful Block reduces the CD of all your Weapon skills.,"[{""sourceFile"":""skillnames.json""}]"
skill,SkillDescriptions.json,310107,格挡护盾,skill:310107:1,flatCooldownReduce,flatReduceMs,eventEvidenceRequired,high,true,weaponSkill,all your Weapon skills,[],false,"[""localizedDescription"",""skillCooldownTable"",""skillDefinition"",""skillTags""]","[""damageEvent"",""killEvent"",""skillCastOrDamageEvent""]","[""controlledEncounterTriggerProof""]",true,[],Successful Block reduces the CD of all your Weapon skills.,"[{""sourceFile"":""skillnames.json""}]"
skill,SkillDescriptions.json,310108,格挡护盾,skill:310108:1,flatCooldownReduce,flatReduceMs,eventEvidenceRequired,high,true,weaponSkill,all your Weapon skills,[],false,"[""localizedDescription"",""skillCooldownTable"",""skillDefinition"",""skillTags""]","[""damageEvent"",""killEvent"",""skillCastOrDamageEvent""]","[""controlledEncounterTriggerProof""]",true,[],Successful Block reduces the CD of all your Weapon skills.,"[{""sourceFile"":""skillnames.json""}]"
skill,SkillDescriptions.json,310109,格挡护盾,skill:310109:1,flatCooldownReduce,flatReduceMs,eventEvidenceRequired,high,true,weaponSkill,all your Weapon skills,[],false,"[""localizedDescription"",""skillCooldownTable"",""skillDefinition"",""skillTags""]","[""damageEvent"",""killEvent"",""skillCastOrDamageEvent""]","[""controlledEncounterTriggerProof""]",true,[],Successful Block reduces the CD of all your Weapon skills.,"[{""sourceFile"":""skillnames.json""}]"
skill,SkillDescriptions.json,310110,格挡护盾,skill:310110:1,flatCooldownReduce,flatReduceMs,eventEvidenceRequired,high,true,weaponSkill,all your Weapon skills,[],false,"[""localizedDescription"",""skillCooldownTable"",""skillDefinition"",""skillTags""]","[""damageEvent"",""killEvent"",""skillCastOrDamageEvent""]","[""controlledEncounterTriggerProof""]",true,[],Successful Block reduces the CD of all your Weapon skills.,"[{""sourceFile"":""skillnames.json""}]"
skill,SkillDescriptions.json,310501,天神下凡！,skill:310501:1,resetCooldown,reset,eventEvidenceRequired,high,true,unknown,,[],false,"[""localizedDescription"",""skillCooldownTable"",""skillDefinition"",""skillTags""]","[""damageEvent"",""killEvent"",""skillCastOrDamageEvent""]","[""controlledEncounterTriggerProof"",""targetSkillScopeMapping""]",true,[],"If you successfully evade Lethal Skill, CD will be reset immediately.","[{""sourceFile"":""skillnames.json""}]"
skill,SkillDescriptions.json,310502,控制,skill:310502:1,resetCooldown,reset,eventEvidenceRequired,high,true,unknown,,[],false,"[""localizedDescription"",""skillCooldownTable"",""skillDefinition"",""skillTags""]","[""damageEvent"",""killEvent"",""skillCastOrDamageEvent""]","[""controlledEncounterTriggerProof"",""targetSkillScopeMapping""]",true,[],"If you successfully evade Lethal Skill, CD will be reset immediately.","[{""sourceFile"":""skillnames.json""}]"
skill,SkillDescriptions.json,310503,控制,skill:310503:1,resetCooldown,reset,eventEvidenceRequired,high,true,unknown,,[],false,"[""localizedDescription"",""skillCooldownTable"",""skillDefinition"",""skillTags""]","[""damageEvent"",""killEvent"",""skillCastOrDamageEvent""]","[""controlledEncounterTriggerProof"",""targetSkillScopeMapping""]",true,[],"If you successfully evade Lethal Skill, CD will be reset immediately.","[{""sourceFile"":""skillnames.json""}]"
skill,SkillDescriptions.json,310504,控制,skill:310504:1,resetCooldown,reset,eventEvidenceRequired,high,true,unknown,,[],false,"[""localizedDescription"",""skillCooldownTable"",""skillDefinition"",""skillTags""]","[""damageEvent"",""killEvent"",""skillCastOrDamageEvent""]","[""controlledEncounterTriggerProof"",""targetSkillScopeMapping""]",true,[],"If you successfully evade Lethal Skill, CD will be reset immediately.","[{""sourceFile"":""skillnames.json""}]"
skill,SkillDescriptions.json,310505,控制,skill:310505:1,resetCooldown,reset,eventEvidenceRequired,high,true,unknown,,[],false,"[""localizedDescription"",""skillCooldownTable"",""skillDefinition"",""skillTags""]","[""damageEvent"",""killEvent"",""skillCastOrDamageEvent""]","[""controlledEncounterTriggerProof"",""targetSkillScopeMapping""]",true,[],"If you successfully evade Lethal Skill, CD will be reset immediately.","[{""sourceFile"":""skillnames.json""}]"
skill,SkillDescriptions.json,310506,控制,skill:310506:1,resetCooldown,reset,eventEvidenceRequired,high,true,unknown,,[],false,"[""localizedDescription"",""skillCooldownTable"",""skillDefinition"",""skillTags""]","[""damageEvent"",""killEvent"",""skillCastOrDamageEvent""]","[""controlledEncounterTriggerProof"",""targetSkillScopeMapping""]",true,[],"If you successfully evade Lethal Skill, CD will be reset immediately.","[{""sourceFile"":""skillnames.json""}]"
skill,SkillDescriptions.json,310507,控制,skill:310507:1,resetCooldown,reset,eventEvidenceRequired,high,true,unknown,,[],false,"[""localizedDescription"",""skillCooldownTable"",""skillDefinition"",""skillTags""]","[""damageEvent"",""killEvent"",""skillCastOrDamageEvent""]","[""controlledEncounterTriggerProof"",""targetSkillScopeMapping""]",true,[],"If you successfully evade Lethal Skill, CD will be reset immediately.","[{""sourceFile"":""skillnames.json""}]"
skill,SkillDescriptions.json,310508,控制,skill:310508:1,resetCooldown,reset,eventEvidenceRequired,high,true,unknown,,[],false,"[""localizedDescription"",""skillCooldownTable"",""skillDefinition"",""skillTags""]","[""damageEvent"",""killEvent"",""skillCastOrDamageEvent""]","[""controlledEncounterTriggerProof"",""targetSkillScopeMapping""]",true,[],"If you successfully evade Lethal Skill, CD will be reset immediately.","[{""sourceFile"":""skillnames.json""}]"
skill,SkillDescriptions.json,310509,控制,skill:310509:1,resetCooldown,reset,eventEvidenceRequired,high,true,unknown,,[],false,"[""localizedDescription"",""skillCooldownTable"",""skillDefinition"",""skillTags""]","[""damageEvent"",""killEvent"",""skillCastOrDamageEvent""]","[""controlledEncounterTriggerProof"",""targetSkillScopeMapping""]",true,[],"If you successfully evade Lethal Skill, CD will be reset immediately.","[{""sourceFile"":""skillnames.json""}]"
skill,SkillDescriptions.json,310510,控制,skill:310510:1,resetCooldown,reset,eventEvidenceRequired,high,true,unknown,,[],false,"[""localizedDescription"",""skillCooldownTable"",""skillDefinition"",""skillTags""]","[""damageEvent"",""killEvent"",""skillCastOrDamageEvent""]","[""controlledEncounterTriggerProof"",""targetSkillScopeMapping""]",true,[],"If you successfully evade Lethal Skill, CD will be reset immediately.","[{""sourceFile"":""skillnames.json""}]"
skill,SkillDescriptions.json,330101,辅助大招-群体治疗,skill:330101:1,flatCooldownReduce,flatReduceMs,activeBuffOrAttrCandidate,high,false,weaponSkill,all your Weapon skills,[],false,"[""localizedDescription"",""skillCooldownTable"",""skillDefinition"",""skillTags""]","[""killEvent"",""skillCastOrDamageEvent""]",[],true,[],"Calls down divine energy to heal yourself and all allies, and reduces the CD of all your Weapon skills.","[{""sourceFile"":""skillnames.json""}]"
skill,SkillDescriptions.json,330102,治疗流,skill:330102:1,flatCooldownReduce,flatReduceMs,activeBuffOrAttrCandidate,high,false,weaponSkill,all your Weapon skills,[],false,"[""localizedDescription"",""skillCooldownTable"",""skillDefinition"",""skillTags""]","[""killEvent"",""skillCastOrDamageEvent""]",[],true,[],"Calls down divine energy to heal yourself and all allies, and reduces the CD of all your Weapon skills.","[{""sourceFile"":""skillnames.json""}]"
skill,SkillDescriptions.json,330103,治疗流,skill:330103:1,flatCooldownReduce,flatReduceMs,activeBuffOrAttrCandidate,high,false,weaponSkill,all your Weapon skills,[],false,"[""localizedDescription"",""skillCooldownTable"",""skillDefinition"",""skillTags""]","[""killEvent"",""skillCastOrDamageEvent""]",[],true,[],"Calls down divine energy to heal yourself and all allies, and reduces the CD of all your Weapon skills.","[{""sourceFile"":""skillnames.json""}]"
skill,SkillDescriptions.json,330104,治疗流,skill:330104:1,flatCooldownReduce,flatReduceMs,activeBuffOrAttrCandidate,high,false,weaponSkill,all your Weapon skills,[],false,"[""localizedDescription"",""skillCooldownTable"",""skillDefinition"",""skillTags""]","[""killEvent"",""skillCastOrDamageEvent""]",[],true,[],"Calls down divine energy to heal yourself and all allies, and reduces the CD of all your Weapon skills.","[{""sourceFile"":""skillnames.json""}]"
skill,SkillDescriptions.json,330105,治疗流,skill:330105:1,flatCooldownReduce,flatReduceMs,activeBuffOrAttrCandidate,high,false,weaponSkill,all your Weapon skills,[],false,"[""localizedDescription"",""skillCooldownTable"",""skillDefinition"",""skillTags""]","[""killEvent"",""skillCastOrDamageEvent""]",[],true,[],"Calls down divine energy to heal yourself and all allies, and reduces the CD of all your Weapon skills.","[{""sourceFile"":""skillnames.json""}]"
skill,SkillDescriptions.json,330106,治疗流,skill:330106:1,flatCooldownReduce,flatReduceMs,activeBuffOrAttrCandidate,high,false,weaponSkill,all your Weapon skills,[],false,"[""localizedDescription"",""skillCooldownTable"",""skillDefinition"",""skillTags""]","[""killEvent"",""skillCastOrDamageEvent""]",[],true,[],"Calls down divine energy to heal yourself and all allies, and reduces the CD of all your Weapon skills.","[{""sourceFile"":""skillnames.json""}]"
skill,SkillDescriptions.json,330107,治疗流,skill:330107:1,flatCooldownReduce,flatReduceMs,activeBuffOrAttrCandidate,high,false,weaponSkill,all your Weapon skills,[],false,"[""localizedDescription"",""skillCooldownTable"",""skillDefinition"",""skillTags""]","[""killEvent"",""skillCastOrDamageEvent""]",[],true,[],"Calls down divine energy to heal yourself and all allies, and reduces the CD of all your Weapon skills.","[{""sourceFile"":""skillnames.json""}]"
skill,SkillDescriptions.json,330108,治疗流,skill:330108:1,flatCooldownReduce,flatReduceMs,activeBuffOrAttrCandidate,high,false,weaponSkill,all your Weapon skills,[],false,"[""localizedDescription"",""skillCooldownTable"",""skillDefinition"",""skillTags""]","[""killEvent"",""skillCastOrDamageEvent""]",[],true,[],"Calls down divine energy to heal yourself and all allies, and reduces the CD of all your Weapon skills.","[{""sourceFile"":""skillnames.json""}]"
skill,SkillDescriptions.json,330109,治疗流,skill:330109:1,flatCooldownReduce,flatReduceMs,activeBuffOrAttrCandidate,high,false,weaponSkill,all your Weapon skills,[],false,"[""localizedDescription"",""skillCooldownTable"",""skillDefinition"",""skillTags""]","[""killEvent"",""skillCastOrDamageEvent""]",[],true,[],"Calls down divine energy to heal yourself and all allies, and reduces the CD of all your Weapon skills.","[{""sourceFile"":""skillnames.json""}]"
skill,SkillDescriptions.json,330110,治疗流,skill:330110:1,flatCooldownReduce,flatReduceMs,activeBuffOrAttrCandidate,high,false,weaponSkill,all your Weapon skills,[],false,"[""localizedDescription"",""skillCooldownTable"",""skillDefinition"",""skillTags""]","[""killEvent"",""skillCastOrDamageEvent""]",[],true,[],"Calls down divine energy to heal yourself and all allies, and reduces the CD of all your Weapon skills.","[{""sourceFile"":""skillnames.json""}]"
skill,SkillDescriptions.json,331101,Overclock Shock,skill:331101:1,cooldownTextUnclassified,evidence,textOnly,medium,false,selfSkill,,[],false,"[""localizedDescription"",""skillCooldownTable"",""skillDefinition"",""skillTags""]","[""killEvent"",""skillCastOrDamageEvent""]","[""runtimeIdBridge""]",true,[],This skill is unaffected by CD effects.,"[{""sourceFile"":""skillnames.json""}]"
skill,SkillDescriptions.json,331201,Renewal Prayer,skill:331201:1,cooldownTextUnclassified,evidence,textOnly,medium,false,selfSkill,,[],false,"[""localizedDescription"",""skillCooldownTable"",""skillDefinition"",""skillTags""]","[""killEvent"",""skillCastOrDamageEvent""]","[""runtimeIdBridge""]",true,[],This skill is unaffected by CD effects.,"[{""sourceFile"":""skillnames.json""}]"
skill,SkillDescriptions.json,331301,Life Barrier,skill:331301:1,cooldownTextUnclassified,evidence,textOnly,medium,false,selfSkill,,[],false,"[""localizedDescription"",""skillCooldownTable"",""skillDefinition"",""skillTags""]","[""killEvent"",""skillCastOrDamageEvent""]","[""runtimeIdBridge""]",true,[],This skill is unaffected by CD effects.,"[{""sourceFile"":""skillnames.json""}]"
skill,SkillDescriptions.json,331401,Silent Command,skill:331401:1,cooldownTextUnclassified,evidence,textOnly,medium,false,selfSkill,,[],false,"[""localizedDescription"",""skillCooldownTable"",""skillDefinition"",""skillTags""]","[""killEvent"",""skillCastOrDamageEvent""]","[""runtimeIdBridge""]",true,[],This skill is unaffected by CD effects.,"[{""sourceFile"":""skillnames.json""}]"
skill,SkillDescriptions.json,340501,辅助 · 危机抵挡,skill:340501:1,flatCooldownReduce,flatReduceMs,eventEvidenceRequired,high,true,weaponSkill,all your Weapon skills,[],false,"[""localizedDescription"",""skillCooldownTable"",""skillDefinition"",""skillTags""]","[""damageEvent"",""killEvent"",""skillCastOrDamageEvent""]","[""controlledEncounterTriggerProof""]",true,[],Successful Block reduces the CD of all your Weapon skills.,"[{""sourceFile"":""skillnames.json""}]"
skill,SkillDescriptions.json,340502,格挡护盾,skill:340502:1,flatCooldownReduce,flatReduceMs,eventEvidenceRequired,high,true,weaponSkill,all your Weapon skills,[],false,"[""localizedDescription"",""skillCooldownTable"",""skillDefinition"",""skillTags""]","[""damageEvent"",""killEvent"",""skillCastOrDamageEvent""]","[""controlledEncounterTriggerProof""]",true,[],Successful Block reduces the CD of all your Weapon skills.,"[{""sourceFile"":""skillnames.json""}]"
skill,SkillDescriptions.json,340503,格挡护盾,skill:340503:1,flatCooldownReduce,flatReduceMs,eventEvidenceRequired,high,true,weaponSkill,all your Weapon skills,[],false,"[""localizedDescription"",""skillCooldownTable"",""skillDefinition"",""skillTags""]","[""damageEvent"",""killEvent"",""skillCastOrDamageEvent""]","[""controlledEncounterTriggerProof""]",true,[],Successful Block reduces the CD of all your Weapon skills.,"[{""sourceFile"":""skillnames.json""}]"
skill,SkillDescriptions.json,340504,格挡护盾,skill:340504:1,flatCooldownReduce,flatReduceMs,eventEvidenceRequired,high,true,weaponSkill,all your Weapon skills,[],false,"[""localizedDescription"",""skillCooldownTable"",""skillDefinition"",""skillTags""]","[""damageEvent"",""killEvent"",""skillCastOrDamageEvent""]","[""controlledEncounterTriggerProof""]",true,[],Successful Block reduces the CD of all your Weapon skills.,"[{""sourceFile"":""skillnames.json""}]"
skill,SkillDescriptions.json,340505,格挡护盾,skill:340505:1,flatCooldownReduce,flatReduceMs,eventEvidenceRequired,high,true,weaponSkill,all your Weapon skills,[],false,"[""localizedDescription"",""skillCooldownTable"",""skillDefinition"",""skillTags""]","[""damageEvent"",""killEvent"",""skillCastOrDamageEvent""]","[""controlledEncounterTriggerProof""]",true,[],Successful Block reduces the CD of all your Weapon skills.,"[{""sourceFile"":""skillnames.json""}]"
skill,SkillDescriptions.json,340506,格挡护盾,skill:340506:1,flatCooldownReduce,flatReduceMs,eventEvidenceRequired,high,true,weaponSkill,all your Weapon skills,[],false,"[""localizedDescription"",""skillCooldownTable"",""skillDefinition"",""skillTags""]","[""damageEvent"",""killEvent"",""skillCastOrDamageEvent""]","[""controlledEncounterTriggerProof""]",true,[],Successful Block reduces the CD of all your Weapon skills.,"[{""sourceFile"":""skillnames.json""}]"
skill,SkillDescriptions.json,340507,格挡护盾,skill:340507:1,flatCooldownReduce,flatReduceMs,eventEvidenceRequired,high,true,weaponSkill,all your Weapon skills,[],false,"[""localizedDescription"",""skillCooldownTable"",""skillDefinition"",""skillTags""]","[""damageEvent"",""killEvent"",""skillCastOrDamageEvent""]","[""controlledEncounterTriggerProof""]",true,[],Successful Block reduces the CD of all your Weapon skills.,"[{""sourceFile"":""skillnames.json""}]"
skill,SkillDescriptions.json,340508,格挡护盾,skill:340508:1,flatCooldownReduce,flatReduceMs,eventEvidenceRequired,high,true,weaponSkill,all your Weapon skills,[],false,"[""localizedDescription"",""skillCooldownTable"",""skillDefinition"",""skillTags""]","[""damageEvent"",""killEvent"",""skillCastOrDamageEvent""]","[""controlledEncounterTriggerProof""]",true,[],Successful Block reduces the CD of all your Weapon skills.,"[{""sourceFile"":""skillnames.json""}]"
skill,SkillDescriptions.json,340509,格挡护盾,skill:340509:1,flatCooldownReduce,flatReduceMs,eventEvidenceRequired,high,true,weaponSkill,all your Weapon skills,[],false,"[""localizedDescription"",""skillCooldownTable"",""skillDefinition"",""skillTags""]","[""damageEvent"",""killEvent"",""skillCastOrDamageEvent""]","[""controlledEncounterTriggerProof""]",true,[],Successful Block reduces the CD of all your Weapon skills.,"[{""sourceFile"":""skillnames.json""}]"
skill,SkillDescriptions.json,340510,格挡护盾,skill:340510:1,flatCooldownReduce,flatReduceMs,eventEvidenceRequired,high,true,weaponSkill,all your Weapon skills,[],false,"[""localizedDescription"",""skillCooldownTable"",""skillDefinition"",""skillTags""]","[""damageEvent"",""killEvent"",""skillCastOrDamageEvent""]","[""controlledEncounterTriggerProof""]",true,[],Successful Block reduces the CD of all your Weapon skills.,"[{""sourceFile"":""skillnames.json""}]"
skill,SkillDescriptions.json,360101,幸运陨石,skill:360101:1,cooldownTextUnclassified,evidence,textOnly,medium,false,unknown,,[],false,"[""localizedDescription"",""skillCooldownTable"",""skillDefinition"",""skillTags""]","[""skillCastOrDamageEvent""]","[""runtimeIdBridge""]",true,[],"This effect has a CD, which - your Sigil chance.","[{""sourceFile"":""skillnames.json""}]"
skill,SkillDescriptions.json,360102,幸运流大技能,skill:360102:1,cooldownTextUnclassified,evidence,textOnly,medium,false,unknown,,[],false,"[""localizedDescription"",""skillCooldownTable"",""skillDefinition"",""skillTags""]","[""skillCastOrDamageEvent""]","[""runtimeIdBridge""]",true,[],"This effect has a CD, which - your Sigil chance.","[{""sourceFile"":""skillnames.json""}]"
skill,SkillDescriptions.json,360103,幸运流大技能,skill:360103:1,cooldownTextUnclassified,evidence,textOnly,medium,false,unknown,,[],false,"[""localizedDescription"",""skillCooldownTable"",""skillDefinition"",""skillTags""]","[""skillCastOrDamageEvent""]","[""runtimeIdBridge""]",true,[],"This effect has a CD, which - your Sigil chance.","[{""sourceFile"":""skillnames.json""}]"
skill,SkillDescriptions.json,360104,幸运流大技能,skill:360104:1,cooldownTextUnclassified,evidence,textOnly,medium,false,unknown,,[],false,"[""localizedDescription"",""skillCooldownTable"",""skillDefinition"",""skillTags""]","[""skillCastOrDamageEvent""]","[""runtimeIdBridge""]",true,[],"This effect has a CD, which - your Sigil chance.","[{""sourceFile"":""skillnames.json""}]"
skill,SkillDescriptions.json,360105,幸运流大技能,skill:360105:1,cooldownTextUnclassified,evidence,textOnly,medium,false,unknown,,[],false,"[""localizedDescription"",""skillCooldownTable"",""skillDefinition"",""skillTags""]","[""skillCastOrDamageEvent""]","[""runtimeIdBridge""]",true,[],"This effect has a CD, which - your Sigil chance.","[{""sourceFile"":""skillnames.json""}]"
skill,SkillDescriptions.json,360106,幸运流大技能,skill:360106:1,cooldownTextUnclassified,evidence,textOnly,medium,false,unknown,,[],false,"[""localizedDescription"",""skillCooldownTable"",""skillDefinition"",""skillTags""]","[""skillCastOrDamageEvent""]","[""runtimeIdBridge""]",true,[],"This effect has a CD, which - your Sigil chance.","[{""sourceFile"":""skillnames.json""}]"
skill,SkillDescriptions.json,360107,幸运流大技能,skill:360107:1,cooldownTextUnclassified,evidence,textOnly,medium,false,unknown,,[],false,"[""localizedDescription"",""skillCooldownTable"",""skillDefinition"",""skillTags""]","[""skillCastOrDamageEvent""]","[""runtimeIdBridge""]",true,[],"This effect has a CD, which - your Sigil chance.","[{""sourceFile"":""skillnames.json""}]"
skill,SkillDescriptions.json,360108,幸运流大技能,skill:360108:1,cooldownTextUnclassified,evidence,textOnly,medium,false,unknown,,[],false,"[""localizedDescription"",""skillCooldownTable"",""skillDefinition"",""skillTags""]","[""skillCastOrDamageEvent""]","[""runtimeIdBridge""]",true,[],"This effect has a CD, which - your Sigil chance.","[{""sourceFile"":""skillnames.json""}]"
skill,SkillDescriptions.json,360109,幸运流大技能,skill:360109:1,cooldownTextUnclassified,evidence,textOnly,medium,false,unknown,,[],false,"[""localizedDescription"",""skillCooldownTable"",""skillDefinition"",""skillTags""]","[""skillCastOrDamageEvent""]","[""runtimeIdBridge""]",true,[],"This effect has a CD, which - your Sigil chance.","[{""sourceFile"":""skillnames.json""}]"
skill,SkillDescriptions.json,360110,幸运流大技能,skill:360110:1,cooldownTextUnclassified,evidence,textOnly,medium,false,unknown,,[],false,"[""localizedDescription"",""skillCooldownTable"",""skillDefinition"",""skillTags""]","[""skillCastOrDamageEvent""]","[""runtimeIdBridge""]",true,[],"This effect has a CD, which - your Sigil chance.","[{""sourceFile"":""skillnames.json""}]"
skill,SkillDescriptions.json,361101,Overclock Wave,skill:361101:1,cooldownTextUnclassified,evidence,textOnly,medium,false,selfSkill,,[],false,"[""localizedDescription"",""skillCooldownTable"",""skillDefinition"",""skillTags""]","[""killEvent"",""skillCastOrDamageEvent""]","[""runtimeIdBridge""]",true,[],This skill is unaffected by CD effects.,"[{""sourceFile"":""skillnames.json""}]"
skill,SkillDescriptions.json,361201,Unyielding Spirit,skill:361201:1,cooldownTextUnclassified,evidence,textOnly,medium,false,selfSkill,,[],false,"[""localizedDescription"",""skillCooldownTable"",""skillDefinition"",""skillTags""]","[""killEvent"",""skillCastOrDamageEvent""]","[""runtimeIdBridge""]",true,[],This skill is unaffected by CD effects.,"[{""sourceFile"":""skillnames.json""}]"
skill,SkillDescriptions.json,361301,Master of Stealth,skill:361301:1,cooldownTextUnclassified,evidence,textOnly,medium,false,selfSkill,,[],false,"[""localizedDescription"",""skillCooldownTable"",""skillDefinition"",""skillTags""]","[""killEvent"",""skillCastOrDamageEvent""]","[""runtimeIdBridge""]",true,[],This skill is unaffected by CD effects.,"[{""sourceFile"":""skillnames.json""}]"
skill,SkillDescriptions.json,361401,Energy Reflux,skill:361401:1,cooldownTextUnclassified,evidence,textOnly,medium,false,selfSkill,,[],false,"[""localizedDescription"",""skillCooldownTable"",""skillDefinition"",""skillTags""]","[""killEvent"",""skillCastOrDamageEvent""]","[""runtimeIdBridge""]",true,[],This skill is unaffected by CD effects.,"[{""sourceFile"":""skillnames.json""}]"
skill,SkillDescriptions.json,370201,灌篮高手,skill:370201:1,resetCooldown,reset,eventEvidenceRequired,high,true,selfSkill,"this skill will be reset, and it can be cast up to 5 times in succession","[""crit""]",true,"[""localizedDescription"",""skillCooldownTable"",""skillDefinition"",""skillTags""]","[""damageEventCritFlag"",""finalCharacterStats"",""killEvent"",""skillCastEvent"",""skillCastOrDamageEvent""]","[""controlledEncounterTriggerProof""]",true,"[{""value"":5,""unit"":"""",""raw"":""5 ""}]","If the attack lands a Crit, the CD of this skill will be reset, and it can be cast up to 5 times in succession.","[{""sourceFile"":""skillnames.json""}]"
skill,SkillDescriptions.json,370202,灌篮高手,skill:370202:1,resetCooldown,reset,eventEvidenceRequired,high,true,selfSkill,"this skill will be reset, and it can be cast up to 5 times in succession","[""crit""]",true,"[""localizedDescription"",""skillCooldownTable"",""skillDefinition"",""skillTags""]","[""damageEventCritFlag"",""finalCharacterStats"",""killEvent"",""skillCastEvent"",""skillCastOrDamageEvent""]","[""controlledEncounterTriggerProof""]",true,"[{""value"":5,""unit"":"""",""raw"":""5 ""}]","If the attack lands a Crit, the CD of this skill will be reset, and it can be cast up to 5 times in succession.","[{""sourceFile"":""skillnames.json""}]"
skill,SkillDescriptions.json,370203,灌篮高手,skill:370203:1,resetCooldown,reset,eventEvidenceRequired,high,true,selfSkill,"this skill will be reset, and it can be cast up to 5 times in succession","[""crit""]",true,"[""localizedDescription"",""skillCooldownTable"",""skillDefinition"",""skillTags""]","[""damageEventCritFlag"",""finalCharacterStats"",""killEvent"",""skillCastEvent"",""skillCastOrDamageEvent""]","[""controlledEncounterTriggerProof""]",true,"[{""value"":5,""unit"":"""",""raw"":""5 ""}]","If the attack lands a Crit, the CD of this skill will be reset, and it can be cast up to 5 times in succession.","[{""sourceFile"":""skillnames.json""}]"
skill,SkillDescriptions.json,370204,灌篮高手,skill:370204:1,resetCooldown,reset,eventEvidenceRequired,high,true,selfSkill,"this skill will be reset, and it can be cast up to 5 times in succession","[""crit""]",true,"[""localizedDescription"",""skillCooldownTable"",""skillDefinition"",""skillTags""]","[""damageEventCritFlag"",""finalCharacterStats"",""killEvent"",""skillCastEvent"",""skillCastOrDamageEvent""]","[""controlledEncounterTriggerProof""]",true,"[{""value"":5,""unit"":"""",""raw"":""5 ""}]","If the attack lands a Crit, the CD of this skill will be reset, and it can be cast up to 5 times in succession.","[{""sourceFile"":""skillnames.json""}]"
skill,SkillDescriptions.json,370205,灌篮高手,skill:370205:1,resetCooldown,reset,eventEvidenceRequired,high,true,selfSkill,"this skill will be reset, and it can be cast up to 5 times in succession","[""crit""]",true,"[""localizedDescription"",""skillCooldownTable"",""skillDefinition"",""skillTags""]","[""damageEventCritFlag"",""finalCharacterStats"",""killEvent"",""skillCastEvent"",""skillCastOrDamageEvent""]","[""controlledEncounterTriggerProof""]",true,"[{""value"":5,""unit"":"""",""raw"":""5 ""}]","If the attack lands a Crit, the CD of this skill will be reset, and it can be cast up to 5 times in succession.","[{""sourceFile"":""skillnames.json""}]"
skill,SkillDescriptions.json,370206,灌篮高手,skill:370206:1,resetCooldown,reset,eventEvidenceRequired,high,true,selfSkill,"this skill will be reset, and it can be cast up to 5 times in succession","[""crit""]",true,"[""localizedDescription"",""skillCooldownTable"",""skillDefinition"",""skillTags""]","[""damageEventCritFlag"",""finalCharacterStats"",""killEvent"",""skillCastEvent"",""skillCastOrDamageEvent""]","[""controlledEncounterTriggerProof""]",true,"[{""value"":5,""unit"":"""",""raw"":""5 ""}]","If the attack lands a Crit, the CD of this skill will be reset, and it can be cast up to 5 times in succession.","[{""sourceFile"":""skillnames.json""}]"
skill,SkillDescriptions.json,370207,灌篮高手,skill:370207:1,resetCooldown,reset,eventEvidenceRequired,high,true,selfSkill,"this skill will be reset, and it can be cast up to 5 times in succession","[""crit""]",true,"[""localizedDescription"",""skillCooldownTable"",""skillDefinition"",""skillTags""]","[""damageEventCritFlag"",""finalCharacterStats"",""killEvent"",""skillCastEvent"",""skillCastOrDamageEvent""]","[""controlledEncounterTriggerProof""]",true,"[{""value"":5,""unit"":"""",""raw"":""5 ""}]","If the attack lands a Crit, the CD of this skill will be reset, and it can be cast up to 5 times in succession.","[{""sourceFile"":""skillnames.json""}]"
skill,SkillDescriptions.json,370208,灌篮高手,skill:370208:1,resetCooldown,reset,eventEvidenceRequired,high,true,selfSkill,"this skill will be reset, and it can be cast up to 5 times in succession","[""crit""]",true,"[""localizedDescription"",""skillCooldownTable"",""skillDefinition"",""skillTags""]","[""damageEventCritFlag"",""finalCharacterStats"",""killEvent"",""skillCastEvent"",""skillCastOrDamageEvent""]","[""controlledEncounterTriggerProof""]",true,"[{""value"":5,""unit"":"""",""raw"":""5 ""}]","If the attack lands a Crit, the CD of this skill will be reset, and it can be cast up to 5 times in succession.","[{""sourceFile"":""skillnames.json""}]"
skill,SkillDescriptions.json,370209,灌篮高手,skill:370209:1,resetCooldown,reset,eventEvidenceRequired,high,true,selfSkill,"this skill will be reset, and it can be cast up to 5 times in succession","[""crit""]",true,"[""localizedDescription"",""skillCooldownTable"",""skillDefinition"",""skillTags""]","[""damageEventCritFlag"",""finalCharacterStats"",""killEvent"",""skillCastEvent"",""skillCastOrDamageEvent""]","[""controlledEncounterTriggerProof""]",true,"[{""value"":5,""unit"":"""",""raw"":""5 ""}]","If the attack lands a Crit, the CD of this skill will be reset, and it can be cast up to 5 times in succession.","[{""sourceFile"":""skillnames.json""}]"
skill,SkillDescriptions.json,370210,灌篮高手,skill:370210:1,resetCooldown,reset,eventEvidenceRequired,high,true,selfSkill,"this skill will be reset, and it can be cast up to 5 times in succession","[""crit""]",true,"[""localizedDescription"",""skillCooldownTable"",""skillDefinition"",""skillTags""]","[""damageEventCritFlag"",""finalCharacterStats"",""killEvent"",""skillCastEvent"",""skillCastOrDamageEvent""]","[""controlledEncounterTriggerProof""]",true,"[{""value"":5,""unit"":"""",""raw"":""5 ""}]","If the attack lands a Crit, the CD of this skill will be reset, and it can be cast up to 5 times in succession.","[{""sourceFile"":""skillnames.json""}]"
skill,SkillDescriptions.json,370501,格挡护盾-输出,skill:370501:1,flatCooldownReduce,flatReduceMs,eventEvidenceRequired,high,true,weaponSkill,all your Weapon skills,[],false,"[""localizedDescription"",""skillCooldownTable"",""skillDefinition"",""skillTags""]","[""damageEvent"",""killEvent"",""skillCastOrDamageEvent""]","[""controlledEncounterTriggerProof""]",true,[],Successful Block reduces the CD of all your Weapon skills.,"[{""sourceFile"":""skillnames.json""}]"
skill,SkillDescriptions.json,370502,格挡护盾,skill:370502:1,flatCooldownReduce,flatReduceMs,eventEvidenceRequired,high,true,weaponSkill,all your Weapon skills,[],false,"[""localizedDescription"",""skillCooldownTable"",""skillDefinition"",""skillTags""]","[""damageEvent"",""killEvent"",""skillCastOrDamageEvent""]","[""controlledEncounterTriggerProof""]",true,[],Successful Block reduces the CD of all your Weapon skills.,"[{""sourceFile"":""skillnames.json""}]"
skill,SkillDescriptions.json,370503,格挡护盾,skill:370503:1,flatCooldownReduce,flatReduceMs,eventEvidenceRequired,high,true,weaponSkill,all your Weapon skills,[],false,"[""localizedDescription"",""skillCooldownTable"",""skillDefinition"",""skillTags""]","[""damageEvent"",""killEvent"",""skillCastOrDamageEvent""]","[""controlledEncounterTriggerProof""]",true,[],Successful Block reduces the CD of all your Weapon skills.,"[{""sourceFile"":""skillnames.json""}]"
skill,SkillDescriptions.json,370504,格挡护盾,skill:370504:1,flatCooldownReduce,flatReduceMs,eventEvidenceRequired,high,true,weaponSkill,all your Weapon skills,[],false,"[""localizedDescription"",""skillCooldownTable"",""skillDefinition"",""skillTags""]","[""damageEvent"",""killEvent"",""skillCastOrDamageEvent""]","[""controlledEncounterTriggerProof""]",true,[],Successful Block reduces the CD of all your Weapon skills.,"[{""sourceFile"":""skillnames.json""}]"
skill,SkillDescriptions.json,370505,格挡护盾,skill:370505:1,flatCooldownReduce,flatReduceMs,eventEvidenceRequired,high,true,weaponSkill,all your Weapon skills,[],false,"[""localizedDescription"",""skillCooldownTable"",""skillDefinition"",""skillTags""]","[""damageEvent"",""killEvent"",""skillCastOrDamageEvent""]","[""controlledEncounterTriggerProof""]",true,[],Successful Block reduces the CD of all your Weapon skills.,"[{""sourceFile"":""skillnames.json""}]"
skill,SkillDescriptions.json,370506,格挡护盾,skill:370506:1,flatCooldownReduce,flatReduceMs,eventEvidenceRequired,high,true,weaponSkill,all your Weapon skills,[],false,"[""localizedDescription"",""skillCooldownTable"",""skillDefinition"",""skillTags""]","[""damageEvent"",""killEvent"",""skillCastOrDamageEvent""]","[""controlledEncounterTriggerProof""]",true,[],Successful Block reduces the CD of all your Weapon skills.,"[{""sourceFile"":""skillnames.json""}]"
skill,SkillDescriptions.json,370507,格挡护盾,skill:370507:1,flatCooldownReduce,flatReduceMs,eventEvidenceRequired,high,true,weaponSkill,all your Weapon skills,[],false,"[""localizedDescription"",""skillCooldownTable"",""skillDefinition"",""skillTags""]","[""damageEvent"",""killEvent"",""skillCastOrDamageEvent""]","[""controlledEncounterTriggerProof""]",true,[],Successful Block reduces the CD of all your Weapon skills.,"[{""sourceFile"":""skillnames.json""}]"
skill,SkillDescriptions.json,370508,格挡护盾,skill:370508:1,flatCooldownReduce,flatReduceMs,eventEvidenceRequired,high,true,weaponSkill,all your Weapon skills,[],false,"[""localizedDescription"",""skillCooldownTable"",""skillDefinition"",""skillTags""]","[""damageEvent"",""killEvent"",""skillCastOrDamageEvent""]","[""controlledEncounterTriggerProof""]",true,[],Successful Block reduces the CD of all your Weapon skills.,"[{""sourceFile"":""skillnames.json""}]"
skill,SkillDescriptions.json,370509,格挡护盾,skill:370509:1,flatCooldownReduce,flatReduceMs,eventEvidenceRequired,high,true,weaponSkill,all your Weapon skills,[],false,"[""localizedDescription"",""skillCooldownTable"",""skillDefinition"",""skillTags""]","[""damageEvent"",""killEvent"",""skillCastOrDamageEvent""]","[""controlledEncounterTriggerProof""]",true,[],Successful Block reduces the CD of all your Weapon skills.,"[{""sourceFile"":""skillnames.json""}]"
skill,SkillDescriptions.json,370510,格挡护盾,skill:370510:1,flatCooldownReduce,flatReduceMs,eventEvidenceRequired,high,true,weaponSkill,all your Weapon skills,[],false,"[""localizedDescription"",""skillCooldownTable"",""skillDefinition"",""skillTags""]","[""damageEvent"",""killEvent"",""skillCastOrDamageEvent""]","[""controlledEncounterTriggerProof""]",true,[],Successful Block reduces the CD of all your Weapon skills.,"[{""sourceFile"":""skillnames.json""}]"
skill,SkillDescriptions.json,390901,Stunt! Fox Assault,skill:390901:1,hasteStat,hasteEvidence,attrOrBuffEvidence,medium,false,unknown,,"[""haste""]",true,"[""localizedDescription"",""skillCooldownTable"",""skillDefinition"",""skillTags""]","[""finalCharacterStats"",""skillCastOrDamageEvent""]","[""targetSkillScopeMapping""]",true,"[{""value"":20,""unit"":""seconds"",""raw"":""20s""}]","Pounces forward with blinding speed, dealing AoE Attack DMG and increasing Haste for 20s.","[{""sourceFile"":""skillnames.json""}]"
skill,SkillDescriptions.json,392201,Arcane! Flash Execution,skill:392201:1,cooldownTextUnclassified,evidence,textOnly,medium,false,unknown,,[],false,"[""localizedDescription"",""skillCooldownTable"",""skillDefinition"",""skillTags""]","[""skillCastOrDamageEvent""]","[""runtimeIdBridge""]",true,"[{""value"":2,""unit"":""seconds"",""raw"":""2s""}]","Dealing DMG to targets with Seed of Lightning will cause an explosion (CD: 2s), dealing Magic DMG.","[{""sourceFile"":""skillnames.json""}]"
skill,SkillDescriptions.json,392201,Arcane! Flash Execution,skill:392201:2,flatCooldownReduce,flatReduceMs,eventEvidenceRequired,high,true,unknown,,[],false,"[""localizedDescription"",""skillCooldownTable"",""skillDefinition"",""skillTags""]","[""killEvent"",""skillCastOrDamageEvent""]","[""controlledEncounterTriggerProof"",""targetSkillScopeMapping""]",true,"[{""value"":20,""unit"":""seconds"",""raw"":""20s""}]",Any target with Seed of Lightning defeated will reduce CD time by 20s.,"[{""sourceFile"":""skillnames.json""}]"
skill,SkillDescriptions.json,393501,Arcane! Thunder Roar,skill:393501:1,cooldownTextUnclassified,evidence,textOnly,medium,false,unknown,,[],false,"[""localizedDescription"",""skillCooldownTable"",""skillDefinition"",""skillTags""]","[""skillCastOrDamageEvent""]","[""runtimeIdBridge""]",true,"[{""value"":0.5,""unit"":""seconds"",""raw"":""0.5s""}]","When dealing DMG, the shielded targets generate Thunderstrike (CD: 0.5s), and the DMG dealt depends on the friendly ATK.","[{""sourceFile"":""skillnames.json""}]"
skill,SkillDescriptions.json,394401,Arcane! Azure Gale,skill:394401:1,hasteStat,hasteEvidence,attrOrBuffEvidence,medium,false,unknown,,"[""haste""]",true,"[""localizedDescription"",""skillCooldownTable"",""skillDefinition"",""skillTags""]","[""finalCharacterStats"",""skillCastEvent"",""skillCastOrDamageEvent""]","[""targetSkillScopeMapping""]",true,[],"After casting, your Haste is increased for a period of time.","[{""sourceFile"":""skillnames.json""}]"
skill,SkillDescriptions.json,395101,Arcane! Guardian's Boundary,skill:395101:1,flatCooldownReduce,flatReduceMs,eventEvidenceRequired,high,true,selfSkill,this Skill,[],false,"[""localizedDescription"",""skillCooldownTable"",""skillDefinition"",""skillTags""]","[""damageEvent"",""killEvent"",""skillCastOrDamageEvent"",""tankedDamageEvent""]","[""controlledEncounterTriggerProof""]",true,"[{""value"":1,""unit"":""seconds"",""raw"":""1s""},{""value"":2,""unit"":""seconds"",""raw"":""2s""}]","When you take damage, reduce the CD of this Skill by 1s (can trigger at most once every 2s).","[{""sourceFile"":""skillnames.json""}]"
skill,SkillDescriptions.json,395301,Arcane! Peerless Thrust,skill:395301:1,flatCooldownReduce,flatReduceMs,eventEvidenceRequired,high,true,expertiseSkill,this Skill,[],false,"[""localizedDescription"",""skillCooldownTable"",""skillDefinition"",""skillTags""]","[""damageEvent"",""killEvent"",""skillCastOrDamageEvent""]","[""controlledEncounterTriggerProof""]",true,"[{""value"":0.3,""unit"":""seconds"",""raw"":""0.3s""},{""value"":1,""unit"":""seconds"",""raw"":""1s""}]","During this time, dealing damage with an Expertise Skill reduces the CD of this Skill by 0.3s (can trigger at most once every 1s).","[{""sourceFile"":""skillnames.json""}]"
skill,SkillDescriptions.json,395601,Arcane! Flame Spirit's Fortune,skill:395601:1,cooldownTextUnclassified,evidence,textOnly,medium,false,unknown,,"[""lucky""]",true,"[""localizedDescription"",""skillCooldownTable"",""skillDefinition"",""skillTags""]","[""damageEventLuckyFlag"",""finalCharacterStats"",""skillCastEvent"",""skillCastOrDamageEvent""]","[""runtimeIdBridge""]",true,"[{""value"":0.1,""unit"":""seconds"",""raw"":""0.1s""}]","Grants a Luck effect: Triggering a Lucky Strike causes an explosion at the target's location, dealing Magic DMG (cooldown: 0.1s), and immediately grants the Absolute Luck effect.","[{""sourceFile"":""skillnames.json""}]"
skill,SkillDescriptions.json,395601,Arcane! Flame Spirit's Fortune,skill:395601:2,cooldownTextUnclassified,evidence,textOnly,medium,false,unknown,,"[""lucky""]",true,"[""localizedDescription"",""skillCooldownTable"",""skillDefinition"",""skillTags""]","[""finalCharacterStats"",""skillCastOrDamageEvent""]","[""runtimeIdBridge""]",true,"[{""value"":5,""unit"":""seconds"",""raw"":""5s""}]","For the duration, Absolute Luck's cooldown becomes 5s.","[{""sourceFile"":""skillnames.json""}]"
skill,SkillDescriptions.json,396601,Stunt! Twin Fangs,skill:396601:1,hasteStat,hasteEvidence,attrOrBuffEvidence,medium,false,unknown,,"[""haste""]",true,"[""localizedDescription"",""skillCooldownTable"",""skillDefinition"",""skillTags""]","[""finalCharacterStats"",""skillCastEvent"",""skillCastOrDamageEvent""]","[""targetSkillScopeMapping""]",true,[],"After casting, your Haste is increased for a period of time.","[{""sourceFile"":""skillnames.json""}]"
skill,SkillDescriptions.json,397001,Arcane! Command Quadrant,skill:397001:1,percentCooldownReduce,pctReduce,eventEvidenceRequired,high,true,specialAttack,current Resonance Skill's,[],false,"[""localizedDescription"",""skillCooldownTable"",""skillDefinition"",""skillTags""]","[""killEvent"",""skillCastEvent"",""skillCastOrDamageEvent""]","[""controlledEncounterTriggerProof""]",true,"[{""value"":81.25,""unit"":""percent"",""raw"":""81.25%""}]","If cast directly or after a Special Attack, summons Stormblade Nappo to deal AoE Attack DMG once, and reduces the current Resonance Skill's CD by 81.25%.","[{""sourceFile"":""skillnames.json""}]"
skill,SkillDescriptions.json,397001,Arcane! Command Quadrant,skill:397001:2,percentCooldownReduce,pctReduce,eventEvidenceRequired,high,true,expertiseSkill,current Resonance Skill's,[],false,"[""localizedDescription"",""skillCooldownTable"",""skillDefinition"",""skillTags""]","[""killEvent"",""skillCastEvent"",""skillCastOrDamageEvent""]","[""controlledEncounterTriggerProof""]",true,"[{""value"":68.75,""unit"":""percent"",""raw"":""68.75%""}]","If cast after an Expertise Skill, summons Marksman Nappo to deal Attack DMG to a single target, and reduces the current Resonance Skill's CD by 68.75%.","[{""sourceFile"":""skillnames.json""}]"
skill,SkillDescriptions.json,397001,Arcane! Command Quadrant,skill:397001:3,percentCooldownReduce,pctReduce,eventEvidenceRequired,high,true,unknown,current Resonance Skill's,[],false,"[""localizedDescription"",""skillCooldownTable"",""skillDefinition"",""skillTags""]","[""killEvent"",""skillCastEvent"",""skillCastOrDamageEvent""]","[""controlledEncounterTriggerProof"",""targetSkillScopeMapping""]",true,"[{""value"":25,""unit"":""percent"",""raw"":""25%""}]","If cast after an Ultimate, summons Wind Knight Nappo to deal Attack DMG once, reduces the current Resonance Skill's CD by 25%, and temporarily increases your DMG.","[{""sourceFile"":""skillnames.json""}]"
skill,SkillDescriptions.json,397001,Arcane! Command Quadrant,skill:397001:4,flatCooldownReduce,flatReduceMs,eventEvidenceRequired,high,true,unknown,the previously cast Resonance Skill (excluding this one),[],false,"[""localizedDescription"",""skillCooldownTable"",""skillDefinition"",""skillTags""]","[""killEvent"",""skillCastEvent"",""skillCastOrDamageEvent""]","[""controlledEncounterTriggerProof"",""targetSkillScopeMapping""]",true,[],"If cast after another Resonance Skill, summons Beat Performer Nappo to reduce the CD of the previously cast Resonance Skill (excluding this one).","[{""sourceFile"":""skillnames.json""}]"
skill,SkillDescriptions.json,397501,Arcane! Piercing Roar,skill:397501:1,resetCooldown,reset,eventEvidenceRequired,high,true,unknown,Survival Instinct,[],false,"[""localizedDescription"",""skillCooldownTable"",""skillDefinition"",""skillTags""]","[""skillCastEvent"",""skillCastOrDamageEvent""]","[""controlledEncounterTriggerProof"",""targetSkillScopeMapping""]",true,[],"After casting, instantly resets Survival Instinct CD.","[{""sourceFile"":""skillnames.json""}]"
skill,SkillDescriptions.json,397801,Stunt! Absolute Zero,skill:397801:1,flatCooldownReduce,flatReduceMs,eventEvidenceRequired,high,true,classSkill,,[],false,"[""localizedDescription"",""skillCooldownTable"",""skillDefinition"",""skillTags""]","[""killEvent"",""skillCastEvent"",""skillCastOrDamageEvent""]","[""controlledEncounterTriggerProof""]",true,"[{""value"":1,""unit"":""seconds"",""raw"":""1s""}]","For a period of time after casting, each Class Skill used reduces your remaining Ultimate CD (triggers up to once every 1s).","[{""sourceFile"":""skillnames.json""}]"
skill,SkillDescriptions.json,398301,Arcane! Dragon Slayer,skill:398301:1,cooldownTextUnclassified,evidence,textOnly,medium,false,unknown,,[],false,"[""localizedDescription"",""skillCooldownTable"",""skillDefinition"",""skillTags""]","[""activeBuffStacks"",""killEvent"",""skillCastOrDamageEvent""]","[""runtimeIdBridge""]",true,[],"If at max Dragon Force stacks, consumes all stacks of Dragon Force to gain CD reduction for Natsu's skills and a Fire Bonus.","[{""sourceFile"":""skillnames.json""}]"
skill,SkillDescriptions.json,400401,Accelerate Summon,skill:400401:1,cooldownTextUnclassified,evidence,textOnly,medium,false,unknown,,[],false,"[""localizedDescription"",""skillCooldownTable"",""skillDefinition"",""skillTags""]","[""skillCastOrDamageEvent""]","[""runtimeIdBridge""]",true,[],Accelerate Target,"[{""sourceFile"":""skillnames.json""},{""sourceFile"":""SkillCooldowns.json""}]"
skill,SkillDescriptions.json,451201,Hunter's Pounce,skill:451201:1,cooldownTextUnclassified,evidence,textOnly,medium,false,unknown,,[],false,"[""localizedDescription"",""skillCooldownTable"",""skillDefinition"",""skillTags""]","[""killEvent"",""skillCastOrDamageEvent""]","[""runtimeIdBridge""]",true,[],The speed of skill CD increases while moving.,"[{""sourceFile"":""skillnames.json""}]"
skill,SkillDescriptions.json,451301,Digger Strike,skill:451301:1,flatCooldownReduce,flatReduceMs,activeBuffOrAttrCandidate,high,false,unknown,Hunter's Pounce,[],false,"[""localizedDescription"",""skillCooldownTable"",""skillDefinition"",""skillTags""]","[""killEvent"",""skillCastOrDamageEvent""]","[""targetSkillScopeMapping""]",true,[],Release at the right moment to dash forward and reduce the skill CD of Hunter's Pounce.,"[{""sourceFile"":""skillnames.json""}]"
skill,SkillDescriptions.json,451401,Shadow Strike,skill:451401:1,resetCooldown,reset,eventEvidenceRequired,high,true,unknown,Hunter's Pounce,[],false,"[""localizedDescription"",""skillCooldownTable"",""skillDefinition"",""skillTags""]","[""skillCastOrDamageEvent""]","[""controlledEncounterTriggerProof"",""targetSkillScopeMapping""]",true,[],Release at the right moment to dash forward and reset the CD of Hunter's Pounce.,"[{""sourceFile"":""skillnames.json""}]"
skill,SkillDescriptions.json,453101,Hyper Drift,skill:453101:1,cooldownTextUnclassified,evidence,textOnly,medium,false,unknown,,[],false,"[""localizedDescription"",""skillCooldownTable"",""skillDefinition"",""skillTags""]","[""skillCastOrDamageEvent""]","[""runtimeIdBridge""]",true,"[{""value"":100,""unit"":""percent"",""raw"":""+100%""}]",CD rate +100% while sprinting.,"[{""sourceFile"":""skillnames.json""}]"
skill,SkillDescriptions.json,454201,Rainbow Leap,skill:454201:1,cooldownTextUnclassified,evidence,textOnly,medium,false,unknown,,[],false,"[""localizedDescription"",""skillCooldownTable"",""skillDefinition"",""skillTags""]","[""skillCastOrDamageEvent""]","[""runtimeIdBridge""]",true,"[{""value"":100,""unit"":""percent"",""raw"":""+100%""}]","CD rate +100% while sprinting, and restores all charges of Dash after use.","[{""sourceFile"":""skillnames.json""}]"
skill,SkillDescriptions.json,454501,Rainbow Leap,skill:454501:1,cooldownTextUnclassified,evidence,textOnly,medium,false,unknown,,[],false,"[""localizedDescription"",""skillCooldownTable"",""skillDefinition"",""skillTags""]","[""killEvent"",""skillCastOrDamageEvent""]","[""runtimeIdBridge""]",true,"[{""value"":100,""unit"":""percent"",""raw"":""+100%""}]","CD rate +100% while sprinting, and restores all charges of the Dash skill after use.","[{""sourceFile"":""skillnames.json""}]"
skill,SkillDescriptions.json,454601,Rainbow Leap,skill:454601:1,cooldownTextUnclassified,evidence,textOnly,medium,false,unknown,,[],false,"[""localizedDescription"",""skillCooldownTable"",""skillDefinition"",""skillTags""]","[""killEvent"",""skillCastOrDamageEvent""]","[""runtimeIdBridge""]",true,"[{""value"":100,""unit"":""percent"",""raw"":""+100%""}]","CD rate +100% while sprinting, and restores all charges of the Dash skill after use.","[{""sourceFile"":""skillnames.json""}]"
skill,SkillDescriptions.json,454701,Dawn Leap,skill:454701:1,cooldownTextUnclassified,evidence,textOnly,medium,false,unknown,,[],false,"[""localizedDescription"",""skillCooldownTable"",""skillDefinition"",""skillTags""]","[""skillCastOrDamageEvent""]","[""runtimeIdBridge""]",true,"[{""value"":100,""unit"":""percent"",""raw"":""+100%""}]",CD rate +100% while sprinting.,"[{""sourceFile"":""skillnames.json""}]"
skill,SkillDescriptions.json,455301,Golem Strikes,skill:455301:1,cooldownTextUnclassified,evidence,textOnly,medium,false,unknown,,[],false,"[""localizedDescription"",""skillCooldownTable"",""skillDefinition"",""skillTags""]","[""skillCastOrDamageEvent""]","[""runtimeIdBridge""]",true,[],"Ignite, take off, thrusters accelerate forward!","[{""sourceFile"":""skillnames.json""}]"
skill,SkillDescriptions.json,460101,Blazing Dash,skill:460101:1,cooldownTextUnclassified,evidence,textOnly,medium,false,unknown,,[],false,"[""localizedDescription"",""skillCooldownTable"",""skillDefinition"",""skillTags""]","[""killEvent"",""skillCastOrDamageEvent""]","[""runtimeIdBridge""]",true,[],The speed of skill CD increases while moving.,"[{""sourceFile"":""skillnames.json""}]"
skill,SkillDescriptions.json,460201,Limit Break,skill:460201:1,flatCooldownReduce,flatReduceMs,activeBuffOrAttrCandidate,high,false,unknown,Blazing Dash,[],false,"[""localizedDescription"",""skillCooldownTable"",""skillDefinition"",""skillTags""]","[""skillCastOrDamageEvent""]","[""targetSkillScopeMapping""]",true,[],Release at the perfect moment to dash forward and reduce the CD of Blazing Dash.,"[{""sourceFile"":""skillnames.json""}]"
skill,SkillDescriptions.json,460301,Engine Flare,skill:460301:1,resetCooldown,reset,eventEvidenceRequired,high,true,unknown,Blazing Dash,[],false,"[""localizedDescription"",""skillCooldownTable"",""skillDefinition"",""skillTags""]","[""skillCastOrDamageEvent""]","[""controlledEncounterTriggerProof"",""targetSkillScopeMapping""]",true,[],Release at the perfect moment to dash forward and reset the CD of Blazing Dash.,"[{""sourceFile"":""skillnames.json""}]"
skill,SkillDescriptions.json,462201,Beyond the Stars,skill:462201:1,resetCooldown,reset,eventEvidenceRequired,high,true,unknown,Nebula Glide's,[],false,"[""localizedDescription"",""skillCooldownTable"",""skillDefinition"",""skillTags""]","[""skillCastEvent"",""skillCastOrDamageEvent""]","[""controlledEncounterTriggerProof"",""targetSkillScopeMapping""]",true,[],"Upon casting, instantly resets Nebula Glide's CD.","[{""sourceFile"":""skillnames.json""}]"
skill,SkillDescriptions.json,462201,Beyond the Stars,skill:462201:2,noCooldownTrigger,noCooldownTrigger,eventEvidenceRequired,high,true,unknown,,[],false,"[""localizedDescription"",""skillCooldownTable"",""skillDefinition"",""skillTags""]","[""skillCastEvent"",""skillCastOrDamageEvent""]","[""controlledEncounterTriggerProof"",""targetSkillScopeMapping""]",true,[],"For a short time afterward, successive casts of Nebula Glide won't trigger CD.","[{""sourceFile"":""skillnames.json""}]"
skill,SkillDescriptions.json,464201,Game of Luck,skill:464201:1,cooldownTextUnclassified,evidence,textOnly,medium,false,unknown,,"[""lucky""]",true,"[""localizedDescription"",""skillCooldownTable"",""skillDefinition"",""skillTags""]","[""damageEventLuckyFlag"",""finalCharacterStats"",""skillCastOrDamageEvent""]","[""runtimeIdBridge""]",true,[],Lucky Diamond: Increases the cooldown recovery speed of Teleport Trick for a period of time.,"[{""sourceFile"":""skillnames.json""}]"
skill,SkillDescriptions.json,465301,Graffiti Inspiration,skill:465301:1,cooldownTextUnclassified,evidence,textOnly,medium,false,unknown,,[],false,"[""localizedDescription"",""skillCooldownTable"",""skillDefinition"",""skillTags""]","[""skillCastOrDamageEvent""]","[""runtimeIdBridge""]",true,"[{""value"":30,""unit"":""percent"",""raw"":""30%""}]",Graffiti Coin: Restores 30% charge for Nitro Acceleration.,"[{""sourceFile"":""skillnames.json""}]"
skill,SkillDescriptions.json,465501,Graffiti Inspiration,skill:465501:1,percentCooldownReduce,pctReduce,activeBuffOrAttrCandidate,high,false,unknown,Nitro Acceleration,[],false,"[""localizedDescription"",""skillCooldownTable"",""skillDefinition"",""skillTags""]","[""skillCastOrDamageEvent""]","[""targetSkillScopeMapping""]",true,"[{""value"":30,""unit"":""percent"",""raw"":""30%""}]",Graffiti Coin: Reduces the CD of Nitro Acceleration by 30% and briefly increases Movement SPD.,"[{""sourceFile"":""skillnames.json""}]"
skill,SkillDescriptions.json,466201,Snowflake Steps,skill:466201:1,cooldownTextUnclassified,evidence,textOnly,medium,false,unknown,,[],false,"[""localizedDescription"",""skillCooldownTable"",""skillDefinition"",""skillTags""]","[""skillCastEvent"",""skillCastOrDamageEvent""]","[""runtimeIdBridge""]",true,[],"After casting, Winter Leap instantly resets its cooldown.","[{""sourceFile"":""skillnames.json""}]"
skill,SkillDescriptions.json,466201,Snowflake Steps,skill:466201:2,cooldownTextUnclassified,evidence,textOnly,medium,false,unknown,,[],false,"[""localizedDescription"",""skillCooldownTable"",""skillDefinition"",""skillTags""]","[""skillCastEvent"",""skillCastOrDamageEvent""]","[""runtimeIdBridge""]",true,[],"For a short duration, you can continue using Winter Leap at the right moment without triggering any cooldown.","[{""sourceFile"":""skillnames.json""}]"
skill,SkillDescriptions.json,469201,Sweet Journey,skill:469201:1,percentCooldownReduce,pctReduce,activeBuffOrAttrCandidate,high,false,unknown,Catapult Acceleration,[],false,"[""localizedDescription"",""skillCooldownTable"",""skillDefinition"",""skillTags""]","[""skillCastOrDamageEvent""]","[""targetSkillScopeMapping""]",true,"[{""value"":30,""unit"":""percent"",""raw"":""30%""}]",Taiyaki: Reduces the CD of Catapult Acceleration by 30% and briefly increases Movement Speed.,"[{""sourceFile"":""skillnames.json""}]"
skill,SkillDescriptions.json,471201,Sonic Ascent,skill:471201:1,resetCooldown,reset,eventEvidenceRequired,high,true,unknown,Musical Glide's,[],false,"[""localizedDescription"",""skillCooldownTable"",""skillDefinition"",""skillTags""]","[""skillCastEvent"",""skillCastOrDamageEvent""]","[""controlledEncounterTriggerProof"",""targetSkillScopeMapping""]",true,[],"Upon casting, instantly resets Musical Glide's CD.","[{""sourceFile"":""skillnames.json""}]"
skill,SkillDescriptions.json,471201,Sonic Ascent,skill:471201:2,noCooldownTrigger,noCooldownTrigger,eventEvidenceRequired,high,true,unknown,,[],false,"[""localizedDescription"",""skillCooldownTable"",""skillDefinition"",""skillTags""]","[""skillCastEvent"",""skillCastOrDamageEvent""]","[""controlledEncounterTriggerProof"",""targetSkillScopeMapping""]",true,[],"For a short time afterwards, successive casts of Musical Glide won't trigger CD.","[{""sourceFile"":""skillnames.json""}]"
skill,SkillDescriptions.json,471401,Sonic Ascent,skill:471401:1,resetCooldown,reset,eventEvidenceRequired,high,true,unknown,Musical Glide's,[],false,"[""localizedDescription"",""skillCooldownTable"",""skillDefinition"",""skillTags""]","[""skillCastEvent"",""skillCastOrDamageEvent""]","[""controlledEncounterTriggerProof"",""targetSkillScopeMapping""]",true,[],"Upon casting, instantly resets Musical Glide's CD.","[{""sourceFile"":""skillnames.json""}]"
skill,SkillDescriptions.json,471401,Sonic Ascent,skill:471401:2,noCooldownTrigger,noCooldownTrigger,eventEvidenceRequired,high,true,unknown,,[],false,"[""localizedDescription"",""skillCooldownTable"",""skillDefinition"",""skillTags""]","[""skillCastEvent"",""skillCastOrDamageEvent""]","[""controlledEncounterTriggerProof"",""targetSkillScopeMapping""]",true,[],"For a short time afterwards, successive casts of Musical Glide won't trigger CD.","[{""sourceFile"":""skillnames.json""}]"
skill,SkillDescriptions.json,472201,Night Phantom Waltz,skill:472201:1,cooldownTextUnclassified,evidence,textOnly,medium,false,unknown,,[],false,"[""localizedDescription"",""skillCooldownTable"",""skillDefinition"",""skillTags""]","[""killEvent"",""skillCastEvent"",""skillCastOrDamageEvent""]","[""runtimeIdBridge""]",true,[],"For a short duration after casting, the CD Speed of the Melt Into the Night skill is increased.","[{""sourceFile"":""skillnames.json""}]"
skill,SkillDescriptions.json,1006940,Arcane! Cocoon Tech,skill:1006940:1,hasteStat,hasteEvidence,attrOrBuffEvidence,medium,false,unknown,,"[""haste"",""mastery"",""lucky"",""crit""]",true,"[""localizedDescription"",""skillCooldownTable"",""skillDefinition"",""skillTags""]","[""damageEventCritFlag"",""finalCharacterStats"",""skillCastOrDamageEvent""]","[""targetSkillScopeMapping""]",true,"[{""value"":20,""unit"":""seconds"",""raw"":""20s""}]","After a short delay, the cocoon bursts, dealing Attack DMG and increasing the highest of your Crit/Luck/Haste/Mastery attributes for 20s.","[{""sourceFile"":""skillnames.json""},{""sourceFile"":""SkillCooldowns.json""}]"
skill,SkillDescriptions.json,2002840,Arcane! Swift Vortex,skill:2002840:1,hasteStat,hasteEvidence,attrOrBuffEvidence,medium,false,unknown,,"[""haste""]",true,"[""localizedDescription"",""skillCooldownTable"",""skillDefinition"",""skillTags""]","[""finalCharacterStats"",""skillCastOrDamageEvent""]","[""targetSkillScopeMapping""]",true,[],Allies within the field gain increased movement speed and Haste.,"[{""sourceFile"":""skillnames.json""},{""sourceFile"":""SkillCooldowns.json""}]"
skill,SkillDescriptions.json,2900340,Arcane! Time Decree,skill:2900340:1,cooldownTextUnclassified,evidence,textOnly,medium,false,unknown,,[],false,"[""localizedDescription"",""skillCooldownTable"",""skillDefinition"",""skillTags""]","[""skillCastEvent"",""skillCastOrDamageEvent""]","[""runtimeIdBridge""]",true,"[{""value"":15,""unit"":""seconds"",""raw"":""15s""}]","Infuses Allies with the power of time, granting them CD reduction for 15s.","[{""sourceFile"":""skillnames.json""},{""sourceFile"":""SkillCooldowns.json""}]"
skill,SkillDescriptions.json,2900540,Arcane! Flash Execution,skill:2900540:1,cooldownTextUnclassified,evidence,textOnly,medium,false,unknown,,[],false,"[""localizedDescription"",""skillCooldownTable"",""skillDefinition"",""skillTags""]","[""skillCastOrDamageEvent""]","[""runtimeIdBridge""]",true,"[{""value"":2,""unit"":""seconds"",""raw"":""2s""}]","Dealing DMG to targets with Seed of Lightning will cause it to explode (CD 2s), dealing Magic DMG, shared by surrounding enemies.","[{""sourceFile"":""skillnames.json""},{""sourceFile"":""SkillCooldowns.json""}]"
skill,SkillDescriptions.json,2900540,Arcane! Flash Execution,skill:2900540:2,flatCooldownReduce,flatReduceMs,eventEvidenceRequired,high,true,unknown,the,[],false,"[""localizedDescription"",""skillCooldownTable"",""skillDefinition"",""skillTags""]","[""killEvent"",""skillCastOrDamageEvent""]","[""controlledEncounterTriggerProof"",""targetSkillScopeMapping""]",true,"[{""value"":15,""unit"":""seconds"",""raw"":""15s""}]",Any defeated target with Seed of Lightning will reduce the CD by 15s.,"[{""sourceFile"":""skillnames.json""},{""sourceFile"":""SkillCooldowns.json""}]"
skill,SkillDescriptions.json,100694001,Arcane! Cocoon Tech,skill:100694001:1,hasteStat,hasteEvidence,attrOrBuffEvidence,medium,false,unknown,,"[""haste"",""mastery"",""lucky"",""crit""]",true,"[""localizedDescription"",""skillCooldownTable"",""skillDefinition"",""skillTags""]","[""damageEventCritFlag"",""finalCharacterStats"",""skillCastOrDamageEvent""]","[""targetSkillScopeMapping""]",true,"[{""value"":20,""unit"":""seconds"",""raw"":""20s""}]","After a short delay, the cocoon bursts, dealing Attack DMG and increasing the highest of your Crit/Luck/Haste/Mastery attributes for 20s.","[{""sourceFile"":""skillnames.json""}]"
skill,SkillDescriptions.json,123520101,Celestial Eagle,skill:123520101:1,cooldownAcceleration,accelerate,activeBuffOrAttrCandidate,high,false,unknown,Focus,"[""haste""]",true,"[""localizedDescription"",""skillCooldownTable"",""skillDefinition"",""skillTags""]","[""finalCharacterStats"",""skillCastOrDamageEvent""]","[""targetSkillScopeMapping""]",true,"[{""value"":1,""unit"":""percent"",""raw"":""1%""},{""value"":1,""unit"":""percent"",""raw"":""1%""}]","Now, each 1% of Haste increases the CD Boost of Focus by 1%.","[{""sourceFile"":""skillnames.json""}]"
skill,SkillDescriptions.json,123520103,Celestial Eagle,skill:123520103:1,cooldownAcceleration,accelerate,activeBuffOrAttrCandidate,high,false,unknown,Focus,"[""haste""]",true,"[""localizedDescription"",""skillCooldownTable"",""skillDefinition"",""skillTags""]","[""finalCharacterStats"",""skillCastOrDamageEvent""]","[""targetSkillScopeMapping""]",true,"[{""value"":1,""unit"":""percent"",""raw"":""1%""},{""value"":1,""unit"":""percent"",""raw"":""1%""}]","Now, each 1% of Haste increases the CD Boost of Focus by 1%.","[{""sourceFile"":""skillnames.json""}]"
skill,SkillDescriptions.json,200284001,Arcane! Swift Vortex,skill:200284001:1,hasteStat,hasteEvidence,attrOrBuffEvidence,medium,false,unknown,,"[""haste""]",true,"[""localizedDescription"",""skillCooldownTable"",""skillDefinition"",""skillTags""]","[""finalCharacterStats"",""skillCastOrDamageEvent""]","[""targetSkillScopeMapping""]",true,[],Allies within the field gain increased movement speed and Haste.,"[{""sourceFile"":""skillnames.json""}]"
skill,SkillDescriptions.json,290034001,Arcane! Time Decree,skill:290034001:1,cooldownTextUnclassified,evidence,textOnly,medium,false,unknown,,[],false,"[""localizedDescription"",""skillCooldownTable"",""skillDefinition"",""skillTags""]","[""skillCastEvent"",""skillCastOrDamageEvent""]","[""runtimeIdBridge""]",true,"[{""value"":15,""unit"":""seconds"",""raw"":""15s""}]","Infuses Allies with the power of time, granting them CD reduction for 15s.","[{""sourceFile"":""skillnames.json""}]"
skill,SkillDescriptions.json,290054001,Arcane! Flash Execution,skill:290054001:1,cooldownTextUnclassified,evidence,textOnly,medium,false,unknown,,[],false,"[""localizedDescription"",""skillCooldownTable"",""skillDefinition"",""skillTags""]","[""skillCastOrDamageEvent""]","[""runtimeIdBridge""]",true,"[{""value"":2,""unit"":""seconds"",""raw"":""2s""}]","Dealing DMG to targets with Seed of Lightning will cause it to explode (CD 2s), dealing Magic DMG, shared by surrounding enemies.","[{""sourceFile"":""skillnames.json""}]"
skill,SkillDescriptions.json,290054001,Arcane! Flash Execution,skill:290054001:2,flatCooldownReduce,flatReduceMs,eventEvidenceRequired,high,true,unknown,the,[],false,"[""localizedDescription"",""skillCooldownTable"",""skillDefinition"",""skillTags""]","[""killEvent"",""skillCastOrDamageEvent""]","[""controlledEncounterTriggerProof"",""targetSkillScopeMapping""]",true,"[{""value"":15,""unit"":""seconds"",""raw"":""15s""}]",Any defeated target with Seed of Lightning will reduce the CD by 15s.,"[{""sourceFile"":""skillnames.json""}]"
skill,SkillDescriptions.json,11799070101,Bladewind Domain,skill:11799070101:1,flatCooldownReduce,flatReduceMs,eventEvidenceRequired,high,true,unknown,Oblivion Combo,[],false,"[""localizedDescription"",""skillCooldownTable"",""skillDefinition"",""skillTags""]","[""skillCastOrDamageEvent""]","[""controlledEncounterTriggerProof"",""targetSkillScopeMapping""]",true,"[{""value"":1.5,""unit"":""seconds"",""raw"":""1.5s""}]","Each time Bladewind Domain deals DMG, reduces the CD of Oblivion Combo by 1.5s.","[{""sourceFile"":""skillnames.json""}]"
skill,SkillDescriptions.json,11799070102,Bladewind Domain,skill:11799070102:1,flatCooldownReduce,flatReduceMs,eventEvidenceRequired,high,true,unknown,Oblivion Combo,[],false,"[""localizedDescription"",""skillCooldownTable"",""skillDefinition"",""skillTags""]","[""skillCastOrDamageEvent""]","[""controlledEncounterTriggerProof"",""targetSkillScopeMapping""]",true,"[{""value"":1.5,""unit"":""seconds"",""raw"":""1.5s""}]","Each time Bladewind Domain deals DMG, reduces the CD of Oblivion Combo by 1.5s.","[{""sourceFile"":""skillnames.json""}]"
skill,SkillDescriptions.json,11799070103,Bladewind Domain,skill:11799070103:1,flatCooldownReduce,flatReduceMs,eventEvidenceRequired,high,true,unknown,Oblivion Combo,[],false,"[""localizedDescription"",""skillCooldownTable"",""skillDefinition"",""skillTags""]","[""skillCastOrDamageEvent""]","[""controlledEncounterTriggerProof"",""targetSkillScopeMapping""]",true,"[{""value"":1.5,""unit"":""seconds"",""raw"":""1.5s""}]","Each time Bladewind Domain deals DMG, reduces the CD of Oblivion Combo by 1.5s.","[{""sourceFile"":""skillnames.json""}]"
skill,SkillDescriptions.json,11799070104,Bladewind Domain,skill:11799070104:1,flatCooldownReduce,flatReduceMs,eventEvidenceRequired,high,true,unknown,Oblivion Combo,[],false,"[""localizedDescription"",""skillCooldownTable"",""skillDefinition"",""skillTags""]","[""skillCastOrDamageEvent""]","[""controlledEncounterTriggerProof"",""targetSkillScopeMapping""]",true,"[{""value"":1.5,""unit"":""seconds"",""raw"":""1.5s""}]","Each time Bladewind Domain deals DMG, reduces the CD of Oblivion Combo by 1.5s.","[{""sourceFile"":""skillnames.json""}]"
talent,TalentDescriptions.json,112,Flash Frenzy Blade,talent:112:1,resetCooldown,reset,eventEvidenceRequired,high,true,unknown,Flash Strike and Raijin Dash,[],false,"[""localizedDescription"",""talentDefinition""]","[""activeProfessionTalent"",""killEvent""]","[""controlledEncounterTriggerProof"",""targetSkillScopeMapping""]",true,"[{""value"":10,""unit"":""percent"",""raw"":""10%""}]","When Iaido Slash and its enhanced skill (Thunder Cut) deal DMG, there is a fixed 10% chance to reset the remaining CD of Flash Strike and Raijin Dash.","[{""sourceFile"":""probing-reports\\TalentEffectModelProbe.json""},{""sourceFile"":""probing-reports\\TalentEffectModelProbe.json""},{""sourceFile"":""probing-reports\\TalentEffectModelProbe.json""},{""sourceFile"":""probing-reports\\TalentEffectModelProbe.json""},{""sourceFile"":""probing-reports\\TalentEffectModelProbe.json""}]"
talent,TalentDescriptions.json,112,Flash Frenzy Blade,talent:112:2,resetCooldown,reset,eventEvidenceRequired,high,true,unknown,Flash Strike and Raijin Dash,[],false,"[""localizedDescription"",""talentDefinition""]","[""activeProfessionTalent"",""killEvent""]","[""controlledEncounterTriggerProof"",""targetSkillScopeMapping""]",true,"[{""value"":10,""unit"":""percent"",""raw"":""10%""}]","When Iaido Slash and its enhanced skill ( Thunder Cut ) deal DMG, there is a fixed 10% chance to reset the remaining CD of Flash Strike and Raijin Dash .","[{""sourceFile"":""probing-reports\\TalentEffectModelProbe.json""},{""sourceFile"":""probing-reports\\TalentEffectModelProbe.json""},{""sourceFile"":""probing-reports\\TalentEffectModelProbe.json""},{""sourceFile"":""probing-reports\\TalentEffectModelProbe.json""},{""sourceFile"":""probing-reports\\TalentEffectModelProbe.json""}]"
talent,TalentDescriptions.json,113,Bladewind Domain,talent:113:1,flatCooldownReduce,flatReduceMs,eventEvidenceRequired,high,true,unknown,Oblivion Combo,[],false,"[""localizedDescription"",""talentDefinition""]","[""activeProfessionTalent""]","[""controlledEncounterTriggerProof"",""targetSkillScopeMapping""]",true,"[{""value"":1.5,""unit"":""seconds"",""raw"":""1.5s""}]","Each time Bladewind Domain deals DMG, reduces the CD of Oblivion Combo by 1.5s.","[{""sourceFile"":""probing-reports\\TalentEffectModelProbe.json""},{""sourceFile"":""probing-reports\\TalentEffectModelProbe.json""},{""sourceFile"":""probing-reports\\TalentEffectModelProbe.json""},{""sourceFile"":""probing-reports\\TalentEffectModelProbe.json""},{""sourceFile"":""probing-reports\\TalentEffectModelProbe.json""}]"
talent,TalentDescriptions.json,135,Swift,talent:135:1,hasteStat,hasteEvidence,attrOrBuffEvidence,medium,false,unknown,,"[""haste""]",true,"[""localizedDescription"",""talentDefinition""]","[""activeProfessionTalent"",""finalCharacterStats""]","[""targetSkillScopeMapping""]",true,"[{""value"":1,""unit"":""percent"",""raw"":""1%""},{""value"":1,""unit"":""percent"",""raw"":""1%""}]",Each 1% Haste provides 1% Attack Speed.,"[{""sourceFile"":""probing-reports\\TalentEffectModelProbe.json""},{""sourceFile"":""probing-reports\\TalentEffectModelProbe.json""},{""sourceFile"":""probing-reports\\TalentEffectModelProbe.json""}]"
talent,TalentDescriptions.json,139,Infinite Thunder,talent:139:1,cooldownTextUnclassified,evidence,textOnly,medium,false,unknown,Volt Surge -0,[],false,"[""localizedDescription"",""talentDefinition""]","[""activeProfessionTalent""]","[""runtimeIdBridge""]",true,"[{""value"":5,""unit"":"""",""raw"":""5 ""},{""value"":-0.5,""unit"":""seconds"",""raw"":""-0.5s""}]","For every 5 Thunder Sigils consumed, the remaining CD of Volt Surge -0.5s.","[{""sourceFile"":""probing-reports\\TalentEffectModelProbe.json""},{""sourceFile"":""probing-reports\\TalentEffectModelProbe.json""},{""sourceFile"":""probing-reports\\TalentEffectModelProbe.json""},{""sourceFile"":""probing-reports\\TalentEffectModelProbe.json""},{""sourceFile"":""probing-reports\\TalentEffectModelProbe.json""}]"
talent,TalentDescriptions.json,148,Overdrive Refinement,talent:148:1,percentCooldownReduce,pctReduce,activeBuffOrAttrCandidate,high,false,unknown,Overdrive,[],false,"[""localizedDescription"",""talentDefinition""]","[""activeProfessionTalent""]","[""targetSkillScopeMapping""]",true,"[{""value"":30,""unit"":""percent"",""raw"":""30%""}]",Reduces the CD of Overdrive by 30%.,"[{""sourceFile"":""probing-reports\\TalentEffectModelProbe.json""},{""sourceFile"":""probing-reports\\TalentEffectModelProbe.json""},{""sourceFile"":""probing-reports\\TalentEffectModelProbe.json""},{""sourceFile"":""probing-reports\\TalentEffectModelProbe.json""},{""sourceFile"":""probing-reports\\TalentEffectModelProbe.json""}]"
talent,TalentDescriptions.json,156,Blade Intent Recovery,talent:156:1,hasteStat,hasteEvidence,attrOrBuffEvidence,medium,false,unknown,,"[""haste""]",true,"[""localizedDescription"",""talentDefinition""]","[""activeProfessionTalent"",""finalCharacterStats""]","[""targetSkillScopeMapping""]",true,"[{""value"":1,""unit"":""percent"",""raw"":""1%""},{""value"":1,""unit"":""percent"",""raw"":""1%""}]",Each 1% Haste increases the REG SPD of Blade Intent by 1%.,"[{""sourceFile"":""probing-reports\\TalentEffectModelProbe.json""},{""sourceFile"":""probing-reports\\TalentEffectModelProbe.json""},{""sourceFile"":""probing-reports\\TalentEffectModelProbe.json""},{""sourceFile"":""probing-reports\\TalentEffectModelProbe.json""},{""sourceFile"":""probing-reports\\TalentEffectModelProbe.json""}]"
talent,TalentDescriptions.json,157,Moonstrike Spec,talent:157:1,hasteStat,hasteEvidence,attrOrBuffEvidence,medium,false,unknown,,"[""haste""]",true,"[""localizedDescription"",""talentDefinition""]","[""activeProfessionTalent"",""finalCharacterStats""]","[""targetSkillScopeMapping""]",true,[],High Haste accelerates Moonblades' attacks.,"[{""sourceFile"":""probing-reports\\TalentEffectModelProbe.json""},{""sourceFile"":""probing-reports\\TalentEffectModelProbe.json""},{""sourceFile"":""probing-reports\\TalentEffectModelProbe.json""}]"
talent,TalentDescriptions.json,161,Thousand Thunder Flashes,talent:161:1,flatCooldownReduce,flatReduceMs,activeBuffOrAttrCandidate,high,false,unknown,Stormflash is reduced,[],false,"[""localizedDescription"",""talentDefinition""]","[""activeProfessionTalent""]","[""targetSkillScopeMapping""]",true,"[{""value"":2,""unit"":"""",""raw"":""2 ""},{""value"":0.7,""unit"":""seconds"",""raw"":""0.7s""}]","Every 2 times Thunderstrike is triggered, the CD of Stormflash is reduced by 0.7s.","[{""sourceFile"":""probing-reports\\TalentEffectModelProbe.json""},{""sourceFile"":""probing-reports\\TalentEffectModelProbe.json""},{""sourceFile"":""probing-reports\\TalentEffectModelProbe.json""},{""sourceFile"":""probing-reports\\TalentEffectModelProbe.json""},{""sourceFile"":""probing-reports\\TalentEffectModelProbe.json""}]"
talent,TalentDescriptions.json,170,Moonblade Swift,talent:170:1,percentCooldownReduce,pctReduce,activeBuffOrAttrCandidate,high,false,unknown,its,"[""haste""]",true,"[""localizedDescription"",""talentDefinition""]","[""activeProfessionTalent"",""finalCharacterStats""]","[""targetSkillScopeMapping""]",true,"[{""value"":2,""unit"":""percent"",""raw"":""2%""},{""value"":1,""unit"":""percent"",""raw"":""1%""}]",Each 2% Haste reduces its CD by 1%.,"[{""sourceFile"":""probing-reports\\TalentEffectModelProbe.json""},{""sourceFile"":""probing-reports\\TalentEffectModelProbe.json""},{""sourceFile"":""probing-reports\\TalentEffectModelProbe.json""},{""sourceFile"":""probing-reports\\TalentEffectModelProbe.json""},{""sourceFile"":""probing-reports\\TalentEffectModelProbe.json""}]"
talent,TalentDescriptions.json,212,Frostbeam Spec,talent:212:1,flatCooldownReduce,flatReduceMs,eventEvidenceRequired,high,true,unknown,Permafrostby 1s (hitting multiple targets only counts once),[],false,"[""localizedDescription"",""talentDefinition""]","[""activeProfessionTalent"",""damageEvent""]","[""controlledEncounterTriggerProof"",""targetSkillScopeMapping""]",true,"[{""value"":13,""unit"":"""",""raw"":""13 ""},{""value"":1,""unit"":""seconds"",""raw"":""1s""}]","When Frostbeam hits a target, every 13 hits reduce the remaining CD of Permafrostby 1s (hitting multiple targets only counts once).","[{""sourceFile"":""probing-reports\\TalentEffectModelProbe.json""},{""sourceFile"":""probing-reports\\TalentEffectModelProbe.json""},{""sourceFile"":""probing-reports\\TalentEffectModelProbe.json""}]"
talent,TalentDescriptions.json,212,Frostbeam Spec,talent:212:2,hasteStat,hasteEvidence,attrOrBuffEvidence,medium,false,unknown,,"[""haste"",""mastery""]",true,"[""localizedDescription"",""talentDefinition""]","[""activeProfessionTalent"",""finalCharacterStats""]","[""targetSkillScopeMapping""]",true,[],High Haste and Mastery greatly speed up its channeling while improving Ice Energy recovery.,"[{""sourceFile"":""probing-reports\\TalentEffectModelProbe.json""},{""sourceFile"":""probing-reports\\TalentEffectModelProbe.json""},{""sourceFile"":""probing-reports\\TalentEffectModelProbe.json""}]"
talent,TalentDescriptions.json,212,Frostbeam Spec,talent:212:3,flatCooldownReduce,flatReduceMs,eventEvidenceRequired,high,true,unknown,Permafrost,[],false,"[""localizedDescription"",""talentDefinition""]","[""activeProfessionTalent"",""damageEvent""]","[""controlledEncounterTriggerProof"",""targetSkillScopeMapping""]",true,"[{""value"":13,""unit"":"""",""raw"":""13 ""},{""value"":1,""unit"":""seconds"",""raw"":""1s""}]","When Frostbeam hits a target, every 13 hits reduce the remaining CD of Permafrost by 1s (hitting multiple targets only counts once).","[{""sourceFile"":""probing-reports\\TalentEffectModelProbe.json""},{""sourceFile"":""probing-reports\\TalentEffectModelProbe.json""},{""sourceFile"":""probing-reports\\TalentEffectModelProbe.json""}]"
talent,TalentDescriptions.json,214,Snow Shadow,talent:214:1,cooldownTextUnclassified,evidence,textOnly,medium,false,unknown,Crystal Veil -1s,[],false,"[""localizedDescription"",""talentDefinition""]","[""activeProfessionTalent""]","[""runtimeIdBridge""]",true,"[{""value"":25,""unit"":"""",""raw"":""25 ""},{""value"":-1,""unit"":""seconds"",""raw"":""-1s""}]","For every 25 Ice Energy consumed, the CD of Crystal Veil -1s.","[{""sourceFile"":""probing-reports\\TalentEffectModelProbe.json""},{""sourceFile"":""probing-reports\\TalentEffectModelProbe.json""},{""sourceFile"":""probing-reports\\TalentEffectModelProbe.json""},{""sourceFile"":""probing-reports\\TalentEffectModelProbe.json""},{""sourceFile"":""probing-reports\\TalentEffectModelProbe.json""}]"
talent,TalentDescriptions.json,216,Frozen Stars,talent:216:1,resetCooldown,reset,eventEvidenceRequired,high,true,unknown,,"[""lucky"",""crit""]",true,"[""localizedDescription"",""talentDefinition""]","[""activeProfessionTalent"",""damageEventCritFlag"",""damageEventLuckyFlag"",""finalCharacterStats""]","[""controlledEncounterTriggerProof"",""targetSkillScopeMapping""]",true,[],"When Frost Lance triggers both a Crit and a Lucky Strike, Meteor Storm's CD is immediately reset.","[{""sourceFile"":""probing-reports\\TalentEffectModelProbe.json""},{""sourceFile"":""probing-reports\\TalentEffectModelProbe.json""},{""sourceFile"":""probing-reports\\TalentEffectModelProbe.json""},{""sourceFile"":""probing-reports\\TalentEffectModelProbe.json""},{""sourceFile"":""probing-reports\\TalentEffectModelProbe.json""}]"
talent,TalentDescriptions.json,216,Frozen Stars,talent:216:2,cooldownTextUnclassified,evidence,textOnly,medium,false,unknown,,[],false,"[""localizedDescription"",""talentDefinition""]","[""activeProfessionTalent"",""damageEvent"",""skillCastEvent""]","[""runtimeIdBridge""]",true,[],"If Meteor Storm is already off cooldown, it will be automatically cast (but this Meteor Storm will deal half damage).","[{""sourceFile"":""probing-reports\\TalentEffectModelProbe.json""},{""sourceFile"":""probing-reports\\TalentEffectModelProbe.json""},{""sourceFile"":""probing-reports\\TalentEffectModelProbe.json""},{""sourceFile"":""probing-reports\\TalentEffectModelProbe.json""},{""sourceFile"":""probing-reports\\TalentEffectModelProbe.json""}]"
talent,TalentDescriptions.json,216,Frozen Stars,talent:216:3,resetCooldown,reset,eventEvidenceRequired,high,true,unknown,,"[""lucky"",""crit""]",true,"[""localizedDescription"",""talentDefinition""]","[""activeProfessionTalent"",""damageEventCritFlag"",""damageEventLuckyFlag"",""finalCharacterStats""]","[""controlledEncounterTriggerProof"",""targetSkillScopeMapping""]",true,[],"When Frost Lance triggers both a Crit and a Lucky Strike, Meteor Storm 's CD is immediately reset.","[{""sourceFile"":""probing-reports\\TalentEffectModelProbe.json""},{""sourceFile"":""probing-reports\\TalentEffectModelProbe.json""},{""sourceFile"":""probing-reports\\TalentEffectModelProbe.json""},{""sourceFile"":""probing-reports\\TalentEffectModelProbe.json""},{""sourceFile"":""probing-reports\\TalentEffectModelProbe.json""}]"
talent,TalentDescriptions.json,219,Stormy Encounter,talent:219:1,flatCooldownReduce,flatReduceMs,eventEvidenceRequired,high,true,unknown,Blizzard,[],false,"[""localizedDescription"",""talentDefinition""]","[""activeProfessionTalent""]","[""controlledEncounterTriggerProof"",""targetSkillScopeMapping""]",true,"[{""value"":1,""unit"":""seconds"",""raw"":""1s""}]","When Crystal Veil deals DMG, it has a fixed chance to reduce the CD of Blizzard by 1s.","[{""sourceFile"":""probing-reports\\TalentEffectModelProbe.json""},{""sourceFile"":""probing-reports\\TalentEffectModelProbe.json""},{""sourceFile"":""probing-reports\\TalentEffectModelProbe.json""},{""sourceFile"":""probing-reports\\TalentEffectModelProbe.json""},{""sourceFile"":""probing-reports\\TalentEffectModelProbe.json""}]"
talent,TalentDescriptions.json,228,Icy Calm,talent:228:1,hasteStat,hasteEvidence,attrOrBuffEvidence,medium,false,expertiseSkill,,"[""haste"",""mastery"",""lucky"",""crit""]",true,"[""localizedDescription"",""talentDefinition""]","[""activeProfessionTalent"",""damageEvent"",""damageEventCritFlag"",""finalCharacterStats"",""killEvent""]",[],true,"[{""value"":2,""unit"":""percent"",""raw"":""2%""},{""value"":5,""unit"":""seconds"",""raw"":""5s""}]","Each additional target hit by an Expertise Skill or Ultimate grants a 2% bonus to your highest stat among Mastery, Haste, Crit, or Luck for 5s.","[{""sourceFile"":""probing-reports\\TalentEffectModelProbe.json""},{""sourceFile"":""probing-reports\\TalentEffectModelProbe.json""},{""sourceFile"":""probing-reports\\TalentEffectModelProbe.json""},{""sourceFile"":""probing-reports\\TalentEffectModelProbe.json""},{""sourceFile"":""probing-reports\\TalentEffectModelProbe.json""}]"
talent,TalentDescriptions.json,229,Instant Cooling,talent:229:1,flatCooldownReduce,flatReduceMs,activeBuffOrAttrCandidate,high,false,unknown,Meteor Storm and Frozen Gale,[],false,"[""localizedDescription"",""talentDefinition""]","[""activeProfessionTalent""]","[""targetSkillScopeMapping""]",true,"[{""value"":35,""unit"":"""",""raw"":""35 ""},{""value"":1.3,""unit"":""seconds"",""raw"":""1.3s""}]",Every 35 Ice Energy consumed reduces the remaining CD of Meteor Storm and Frozen Gale by 1.3s.,"[{""sourceFile"":""probing-reports\\TalentEffectModelProbe.json""},{""sourceFile"":""probing-reports\\TalentEffectModelProbe.json""},{""sourceFile"":""probing-reports\\TalentEffectModelProbe.json""},{""sourceFile"":""probing-reports\\TalentEffectModelProbe.json""},{""sourceFile"":""probing-reports\\TalentEffectModelProbe.json""}]"
talent,TalentDescriptions.json,230,Cold Stream,talent:230:1,hasteStat,hasteEvidence,attrOrBuffEvidence,medium,false,unknown,,"[""haste""]",true,"[""localizedDescription"",""talentDefinition""]","[""activeProfessionTalent"",""finalCharacterStats""]","[""targetSkillScopeMapping""]",true,"[{""value"":1,""unit"":""percent"",""raw"":""1%""},{""value"":1,""unit"":""percent"",""raw"":""1%""}]",Every 1% Haste increases Ice Energy's auto REG SPD by 1%.,"[{""sourceFile"":""probing-reports\\TalentEffectModelProbe.json""},{""sourceFile"":""probing-reports\\TalentEffectModelProbe.json""},{""sourceFile"":""probing-reports\\TalentEffectModelProbe.json""},{""sourceFile"":""probing-reports\\TalentEffectModelProbe.json""},{""sourceFile"":""probing-reports\\TalentEffectModelProbe.json""}]"
talent,TalentDescriptions.json,236,Intellect Cooling,talent:236:1,cooldownTextUnclassified,evidence,textOnly,medium,false,unknown,,[],false,"[""localizedDescription"",""talentDefinition""]","[""activeProfessionTalent"",""killEvent""]","[""runtimeIdBridge""]",true,"[{""value"":300,""unit"":"""",""raw"":""300""},{""value"":-10,""unit"":""percent"",""raw"":""-10%""}]","When Intellect reaches 300, skill CD -10%.","[{""sourceFile"":""probing-reports\\TalentEffectModelProbe.json""},{""sourceFile"":""probing-reports\\TalentEffectModelProbe.json""},{""sourceFile"":""probing-reports\\TalentEffectModelProbe.json""},{""sourceFile"":""probing-reports\\TalentEffectModelProbe.json""},{""sourceFile"":""probing-reports\\TalentEffectModelProbe.json""}]"
talent,TalentDescriptions.json,237,Secondary Amp,talent:237:1,hasteStat,hasteEvidence,attrOrBuffEvidence,medium,false,unknown,,"[""versatility"",""haste"",""mastery"",""lucky"",""crit""]",true,"[""localizedDescription"",""talentDefinition""]","[""activeProfessionTalent"",""damageEventCritFlag"",""finalCharacterStats""]","[""targetSkillScopeMapping""]",true,"[{""value"":5,""unit"":""seconds"",""raw"":""5 s""},{""value"":3.5,""unit"":""percent"",""raw"":""3.5%""}]","Boost the highest stat among the following 5 stats: Crit, Haste, Luck, Mastery, and Versatility by 3.5% as a final value.","[{""sourceFile"":""probing-reports\\TalentEffectModelProbe.json""},{""sourceFile"":""probing-reports\\TalentEffectModelProbe.json""},{""sourceFile"":""probing-reports\\TalentEffectModelProbe.json""},{""sourceFile"":""probing-reports\\TalentEffectModelProbe.json""},{""sourceFile"":""probing-reports\\TalentEffectModelProbe.json""}]"
talent,TalentDescriptions.json,240,Endless Cold,talent:240:1,cooldownTextUnclassified,evidence,textOnly,medium,false,unknown,,[],false,"[""localizedDescription"",""talentDefinition""]","[""activeProfessionTalent""]","[""runtimeIdBridge""]",true,"[{""value"":10,""unit"":""seconds"",""raw"":""10s""},{""value"":150,""unit"":""percent"",""raw"":""150%""}]","Endless Cold: For 10s, increases Meteor Storm DMG by 150%, and removes its CD and Ice Energy cost.","[{""sourceFile"":""probing-reports\\TalentEffectModelProbe.json""},{""sourceFile"":""probing-reports\\TalentEffectModelProbe.json""},{""sourceFile"":""probing-reports\\TalentEffectModelProbe.json""},{""sourceFile"":""probing-reports\\TalentEffectModelProbe.json""},{""sourceFile"":""probing-reports\\TalentEffectModelProbe.json""}]"
talent,TalentDescriptions.json,267,Quick Chant,talent:267:1,hasteStat,hasteEvidence,attrOrBuffEvidence,medium,false,unknown,,"[""haste""]",true,"[""localizedDescription"",""talentDefinition""]","[""activeProfessionTalent"",""finalCharacterStats""]","[""targetSkillScopeMapping""]",true,"[{""value"":2500,""unit"":"""",""raw"":""2500""}]",Increases Haste by 2500.,"[{""sourceFile"":""probing-reports\\TalentEffectModelProbe.json""},{""sourceFile"":""probing-reports\\TalentEffectModelProbe.json""},{""sourceFile"":""probing-reports\\TalentEffectModelProbe.json""},{""sourceFile"":""probing-reports\\TalentEffectModelProbe.json""},{""sourceFile"":""probing-reports\\TalentEffectModelProbe.json""}]"
talent,TalentDescriptions.json,301,Swift Turn,talent:301:1,hasteStat,hasteEvidence,attrOrBuffEvidence,medium,false,unknown,,"[""haste""]",true,"[""localizedDescription"",""talentDefinition""]","[""activeProfessionTalent"",""finalCharacterStats""]","[""targetSkillScopeMapping""]",true,"[{""value"":1,""unit"":""percent"",""raw"":""1%""},{""value"":1,""unit"":""percent"",""raw"":""1%""}]","For every 1% Haste, gains 1% Attack SPD.","[{""sourceFile"":""probing-reports\\TalentEffectModelProbe.json""},{""sourceFile"":""probing-reports\\TalentEffectModelProbe.json""},{""sourceFile"":""probing-reports\\TalentEffectModelProbe.json""}]"
talent,TalentDescriptions.json,312,Formless Expertise Spec,talent:312:1,cooldownTextUnclassified,evidence,textOnly,medium,false,unknown,,[],false,"[""localizedDescription"",""talentDefinition""]","[""activeProfessionTalent""]","[""runtimeIdBridge""]",true,"[{""value"":8,""unit"":""seconds"",""raw"":""8s""},{""value"":1,""unit"":"""",""raw"":""1 ""},{""value"":2,""unit"":""percent"",""raw"":""2%""}]","During its 8s duration, each 1 level grants Blazing Assault, Rage Cleave, and Axe Wind a 2% CD Speed increase.","[{""sourceFile"":""probing-reports\\TalentEffectModelProbe.json""},{""sourceFile"":""probing-reports\\TalentEffectModelProbe.json""},{""sourceFile"":""probing-reports\\TalentEffectModelProbe.json""},{""sourceFile"":""probing-reports\\TalentEffectModelProbe.json""},{""sourceFile"":""probing-reports\\TalentEffectModelProbe.json""}]"
talent,TalentDescriptions.json,312,Formless Expertise Spec,talent:312:2,cooldownAcceleration,accelerate,activeBuffOrAttrCandidate,high,false,expertiseSkill,,[],false,"[""localizedDescription"",""talentDefinition""]","[""activeProfessionTalent"",""killEvent""]",[],true,[],"Trigger Formless effects to accelerate CDs, chain Blazing Assault to boost Expertise Skill DMG, and combine with the core Formless Flame Slash mechanic to deal massive combo DMG.","[{""sourceFile"":""probing-reports\\TalentEffectModelProbe.json""},{""sourceFile"":""probing-reports\\TalentEffectModelProbe.json""},{""sourceFile"":""probing-reports\\TalentEffectModelProbe.json""},{""sourceFile"":""probing-reports\\TalentEffectModelProbe.json""},{""sourceFile"":""probing-reports\\TalentEffectModelProbe.json""}]"
talent,TalentDescriptions.json,312,Formless Expertise Spec,talent:312:3,cooldownTextUnclassified,evidence,textOnly,medium,false,unknown,,[],false,"[""localizedDescription"",""talentDefinition""]","[""activeProfessionTalent""]","[""runtimeIdBridge""]",true,"[{""value"":8,""unit"":""seconds"",""raw"":""8s""},{""value"":1,""unit"":"""",""raw"":""1 ""},{""value"":2,""unit"":""percent"",""raw"":""2%""}]","During its 8s duration, each 1 level grants Blazing Assault , Rage Cleave , and Axe Wind a 2% CD Speed increase.","[{""sourceFile"":""probing-reports\\TalentEffectModelProbe.json""},{""sourceFile"":""probing-reports\\TalentEffectModelProbe.json""},{""sourceFile"":""probing-reports\\TalentEffectModelProbe.json""},{""sourceFile"":""probing-reports\\TalentEffectModelProbe.json""},{""sourceFile"":""probing-reports\\TalentEffectModelProbe.json""}]"
talent,TalentDescriptions.json,315,Time Wheel Rewind,talent:315:1,flatCooldownReduce,flatReduceMs,eventEvidenceRequired,high,true,unknown,"the skill with the longest current CD among Blazing Assault, Rage Cleave, and Axe Wind is reduced",[],false,"[""localizedDescription"",""talentDefinition""]","[""activeProfessionTalent"",""killEvent""]","[""controlledEncounterTriggerProof"",""targetSkillScopeMapping""]",true,"[{""value"":1.5,""unit"":""seconds"",""raw"":""1.5s""}]","When Formless is obtained, the remaining CD of the skill with the longest current CD among Blazing Assault, Rage Cleave, and Axe Wind is reduced by 1.5s.","[{""sourceFile"":""probing-reports\\TalentEffectModelProbe.json""},{""sourceFile"":""probing-reports\\TalentEffectModelProbe.json""},{""sourceFile"":""probing-reports\\TalentEffectModelProbe.json""},{""sourceFile"":""probing-reports\\TalentEffectModelProbe.json""},{""sourceFile"":""probing-reports\\TalentEffectModelProbe.json""}]"
talent,TalentDescriptions.json,315,Time Wheel Rewind,talent:315:2,flatCooldownReduce,flatReduceMs,eventEvidenceRequired,high,true,unknown,"the skill with the longest current CD among Blazing Assault , Rage Cleave , and Axe Wind is reduced",[],false,"[""localizedDescription"",""talentDefinition""]","[""activeProfessionTalent"",""killEvent""]","[""controlledEncounterTriggerProof"",""targetSkillScopeMapping""]",true,"[{""value"":1.5,""unit"":""seconds"",""raw"":""1.5s""}]","When Formless is obtained, the remaining CD of the skill with the longest current CD among Blazing Assault , Rage Cleave , and Axe Wind is reduced by 1.5s.","[{""sourceFile"":""probing-reports\\TalentEffectModelProbe.json""},{""sourceFile"":""probing-reports\\TalentEffectModelProbe.json""},{""sourceFile"":""probing-reports\\TalentEffectModelProbe.json""},{""sourceFile"":""probing-reports\\TalentEffectModelProbe.json""},{""sourceFile"":""probing-reports\\TalentEffectModelProbe.json""}]"
talent,TalentDescriptions.json,337,Instant Wasteland,talent:337:1,flatCooldownReduce,flatReduceMs,eventEvidenceRequired,high,true,unknown,Wasteland's End is reduced,[],false,"[""localizedDescription"",""talentDefinition""]","[""activeProfessionTalent""]","[""controlledEncounterTriggerProof"",""targetSkillScopeMapping""]",true,"[{""value"":0.5,""unit"":""seconds"",""raw"":""0.5s""},{""value"":0.5,""unit"":""seconds"",""raw"":""0.5s""},{""value"":5,""unit"":""seconds"",""raw"":""5s""}]","When Formless is obtained, the remaining CD of Wasteland's End is reduced by 0.5s or its duration is extended by 0.5s (total extended duration cannot exceed 5s).","[{""sourceFile"":""probing-reports\\TalentEffectModelProbe.json""},{""sourceFile"":""probing-reports\\TalentEffectModelProbe.json""},{""sourceFile"":""probing-reports\\TalentEffectModelProbe.json""},{""sourceFile"":""probing-reports\\TalentEffectModelProbe.json""},{""sourceFile"":""probing-reports\\TalentEffectModelProbe.json""}]"
talent,TalentDescriptions.json,348,Raging Flame Sharpness II,talent:348:1,cooldownAcceleration,accelerate,activeBuffOrAttrCandidate,high,false,expertiseSkill,,"[""haste""]",true,"[""localizedDescription"",""talentDefinition""]","[""activeProfessionTalent"",""finalCharacterStats"",""killEvent""]",[],true,"[{""value"":1,""unit"":""percent"",""raw"":""1%""},{""value"":0.5,""unit"":""percent"",""raw"":""0.5%""}]",Every 1% Haste grants 0.5% Expertise Skill CD Boost.,"[{""sourceFile"":""probing-reports\\TalentEffectModelProbe.json""},{""sourceFile"":""probing-reports\\TalentEffectModelProbe.json""},{""sourceFile"":""probing-reports\\TalentEffectModelProbe.json""},{""sourceFile"":""probing-reports\\TalentEffectModelProbe.json""},{""sourceFile"":""probing-reports\\TalentEffectModelProbe.json""}]"
talent,TalentDescriptions.json,364,Arcane Wildfire Bloodline,talent:364:1,hasteStat,hasteEvidence,attrOrBuffEvidence,medium,false,unknown,,"[""haste""]",true,"[""localizedDescription"",""talentDefinition""]","[""activeBuffStacks"",""activeProfessionTalent"",""finalCharacterStats""]","[""targetSkillScopeMapping""]",true,"[{""value"":12,""unit"":""percent"",""raw"":""12%""},{""value"":2.5,""unit"":"""",""raw"":""2.5 ""},{""value"":1,""unit"":""seconds"",""raw"":""1 s""}]","When Wildfire Dance deals DMG, there is a fixed chance of 12% + Haste% / 2.5 to gain 1 stack of Crimson Bloodline.","[{""sourceFile"":""probing-reports\\TalentEffectModelProbe.json""},{""sourceFile"":""probing-reports\\TalentEffectModelProbe.json""},{""sourceFile"":""probing-reports\\TalentEffectModelProbe.json""},{""sourceFile"":""probing-reports\\TalentEffectModelProbe.json""},{""sourceFile"":""probing-reports\\TalentEffectModelProbe.json""}]"
talent,TalentDescriptions.json,366,Arcane Raging Flame,talent:366:1,percentCooldownReduce,pctReduce,activeBuffOrAttrCandidate,high,false,unknown,Endless Hellfire,[],false,"[""localizedDescription"",""talentDefinition""]","[""activeProfessionTalent""]","[""targetSkillScopeMapping""]",true,"[{""value"":15,""unit"":""percent"",""raw"":""15%""},{""value"":0.5,""unit"":""seconds"",""raw"":""0.5s""}]",Every 15% Crimson Soul Gauge charged reduces the remaining CD of Endless Hellfire by 0.5s.,"[{""sourceFile"":""probing-reports\\TalentEffectModelProbe.json""},{""sourceFile"":""probing-reports\\TalentEffectModelProbe.json""},{""sourceFile"":""probing-reports\\TalentEffectModelProbe.json""},{""sourceFile"":""probing-reports\\TalentEffectModelProbe.json""},{""sourceFile"":""probing-reports\\TalentEffectModelProbe.json""}]"
talent,TalentDescriptions.json,366,Arcane Raging Flame,talent:366:2,hasteStat,hasteEvidence,attrOrBuffEvidence,medium,false,unknown,,"[""haste""]",true,"[""localizedDescription"",""talentDefinition""]","[""activeProfessionTalent"",""finalCharacterStats""]","[""targetSkillScopeMapping""]",true,"[{""value"":10,""unit"":""percent"",""raw"":""10%""},{""value"":0.1,""unit"":""seconds"",""raw"":""0.1s""},{""value"":1,""unit"":""seconds"",""raw"":""1s""}]","Every 10% of Haste reduces it by an additional 0.1s, up to 1s.","[{""sourceFile"":""probing-reports\\TalentEffectModelProbe.json""},{""sourceFile"":""probing-reports\\TalentEffectModelProbe.json""},{""sourceFile"":""probing-reports\\TalentEffectModelProbe.json""},{""sourceFile"":""probing-reports\\TalentEffectModelProbe.json""},{""sourceFile"":""probing-reports\\TalentEffectModelProbe.json""}]"
talent,TalentDescriptions.json,400,Swift Shadow,talent:400:1,flatCooldownReduce,flatReduceMs,activeBuffOrAttrCandidate,high,false,unknown,"Spiral Thrust, Breach Pursuit, and Falcon Toss",[],false,"[""localizedDescription"",""talentDefinition""]","[""activeProfessionTalent""]","[""targetSkillScopeMapping""]",true,"[{""value"":50,""unit"":"""",""raw"":""50 ""},{""value"":1,""unit"":""seconds"",""raw"":""1s""}]","Every 50 points of Courage consumed reduces the CD of Spiral Thrust, Breach Pursuit, and Falcon Toss by 1s.","[{""sourceFile"":""probing-reports\\TalentEffectModelProbe.json""},{""sourceFile"":""probing-reports\\TalentEffectModelProbe.json""},{""sourceFile"":""probing-reports\\TalentEffectModelProbe.json""},{""sourceFile"":""probing-reports\\TalentEffectModelProbe.json""},{""sourceFile"":""probing-reports\\TalentEffectModelProbe.json""}]"
talent,TalentDescriptions.json,400,Swift Shadow,talent:400:2,flatCooldownReduce,flatReduceMs,activeBuffOrAttrCandidate,high,false,unknown,"Spiral Thrust , Breach Pursuit , and Falcon Toss",[],false,"[""localizedDescription"",""talentDefinition""]","[""activeProfessionTalent""]","[""targetSkillScopeMapping""]",true,"[{""value"":50,""unit"":"""",""raw"":""50 ""},{""value"":1,""unit"":""seconds"",""raw"":""1s""}]","Every 50 points of Courage consumed reduces the CD of Spiral Thrust , Breach Pursuit , and Falcon Toss by 1s.","[{""sourceFile"":""probing-reports\\TalentEffectModelProbe.json""},{""sourceFile"":""probing-reports\\TalentEffectModelProbe.json""},{""sourceFile"":""probing-reports\\TalentEffectModelProbe.json""},{""sourceFile"":""probing-reports\\TalentEffectModelProbe.json""},{""sourceFile"":""probing-reports\\TalentEffectModelProbe.json""}]"
talent,TalentDescriptions.json,430,Divine Concealment,talent:430:1,hasteStat,hasteEvidence,attrOrBuffEvidence,medium,false,unknown,,"[""haste""]",true,"[""localizedDescription"",""talentDefinition""]","[""activeBuffStacks"",""activeProfessionTalent"",""finalCharacterStats""]","[""targetSkillScopeMapping""]",true,"[{""value"":1,""unit"":""percent"",""raw"":""1%""},{""value"":2,""unit"":""percent"",""raw"":""2%""},{""value"":5,""unit"":""seconds"",""raw"":""5s""},{""value"":5,""unit"":"""",""raw"":""5 ""}]","Consuming Courage increases Haste by 1% and Speed by 2% for 5s, stacking up to 5 times.","[{""sourceFile"":""probing-reports\\TalentEffectModelProbe.json""},{""sourceFile"":""probing-reports\\TalentEffectModelProbe.json""},{""sourceFile"":""probing-reports\\TalentEffectModelProbe.json""},{""sourceFile"":""probing-reports\\TalentEffectModelProbe.json""},{""sourceFile"":""probing-reports\\TalentEffectModelProbe.json""}]"
talent,TalentDescriptions.json,433,Vanguard Spec,talent:433:1,flatCooldownReduce,flatReduceMs,activeBuffOrAttrCandidate,high,false,expertiseSkill,Expertise skills,[],false,"[""localizedDescription"",""talentDefinition""]","[""activeProfessionTalent"",""killEvent""]",[],true,[],Maximize Courage gain and expenditure to reduce the CD of Expertise skills.,"[{""sourceFile"":""probing-reports\\TalentEffectModelProbe.json""},{""sourceFile"":""probing-reports\\TalentEffectModelProbe.json""},{""sourceFile"":""probing-reports\\TalentEffectModelProbe.json""},{""sourceFile"":""probing-reports\\TalentEffectModelProbe.json""},{""sourceFile"":""probing-reports\\TalentEffectModelProbe.json""}]"
talent,TalentDescriptions.json,433,Vanguard Spec,talent:433:2,hasteStat,hasteEvidence,attrOrBuffEvidence,medium,false,expertiseSkill,,"[""haste""]",true,"[""localizedDescription"",""talentDefinition""]","[""activeProfessionTalent"",""finalCharacterStats"",""killEvent"",""skillCastEvent""]",[],true,[],Haste increases Courage generation and the casting speed of core Expertise skills.,"[{""sourceFile"":""probing-reports\\TalentEffectModelProbe.json""},{""sourceFile"":""probing-reports\\TalentEffectModelProbe.json""},{""sourceFile"":""probing-reports\\TalentEffectModelProbe.json""},{""sourceFile"":""probing-reports\\TalentEffectModelProbe.json""},{""sourceFile"":""probing-reports\\TalentEffectModelProbe.json""}]"
talent,TalentDescriptions.json,434,Battle Cry,talent:434:1,hasteStat,hasteEvidence,attrOrBuffEvidence,medium,false,unknown,,"[""haste""]",true,"[""localizedDescription"",""talentDefinition""]","[""activeProfessionTalent"",""finalCharacterStats""]","[""targetSkillScopeMapping""]",true,"[{""value"":10,""unit"":""percent"",""raw"":""10%""}]",All allies gain 10% Haste (only one effect can be active at a time).,"[{""sourceFile"":""probing-reports\\TalentEffectModelProbe.json""},{""sourceFile"":""probing-reports\\TalentEffectModelProbe.json""},{""sourceFile"":""probing-reports\\TalentEffectModelProbe.json""}]"
talent,TalentDescriptions.json,435,Swift,talent:435:1,hasteStat,hasteEvidence,attrOrBuffEvidence,medium,false,unknown,,"[""haste""]",true,"[""localizedDescription"",""talentDefinition""]","[""activeProfessionTalent"",""finalCharacterStats""]","[""targetSkillScopeMapping""]",true,"[{""value"":1,""unit"":""percent"",""raw"":""1%""},{""value"":1,""unit"":""percent"",""raw"":""1%""}]",Each 1% Haste provides 1% Attack Speed.,"[{""sourceFile"":""probing-reports\\TalentEffectModelProbe.json""},{""sourceFile"":""probing-reports\\TalentEffectModelProbe.json""},{""sourceFile"":""probing-reports\\TalentEffectModelProbe.json""}]"
talent,TalentDescriptions.json,439,Break Pursuit Advancement,talent:439:1,cooldownTextUnclassified,evidence,textOnly,medium,false,unknown,,[],false,"[""localizedDescription"",""talentDefinition""]","[""activeProfessionTalent"",""skillCastEvent""]","[""runtimeIdBridge""]",true,"[{""value"":15,""unit"":""seconds"",""raw"":""15s""}]","Within 15s after Casting the Ultimate, Casting Breach Pursuit will not start CD.","[{""sourceFile"":""probing-reports\\TalentEffectModelProbe.json""},{""sourceFile"":""probing-reports\\TalentEffectModelProbe.json""},{""sourceFile"":""probing-reports\\TalentEffectModelProbe.json""},{""sourceFile"":""probing-reports\\TalentEffectModelProbe.json""},{""sourceFile"":""probing-reports\\TalentEffectModelProbe.json""}]"
talent,TalentDescriptions.json,441,Vigor Spike,talent:441:1,cooldownAcceleration,accelerate,eventEvidenceRequired,high,true,unknown,,[],false,"[""localizedDescription"",""talentDefinition""]","[""activeProfessionTalent"",""skillCastEvent""]","[""controlledEncounterTriggerProof"",""targetSkillScopeMapping""]",true,"[{""value"":30,""unit"":""seconds"",""raw"":""30s""}]","When Sharp reaches full amount and the caster is in combat, enters Vigor Spike state, effective up to once every 30s (affected by CD Boost stats).","[{""sourceFile"":""probing-reports\\TalentEffectModelProbe.json""},{""sourceFile"":""probing-reports\\TalentEffectModelProbe.json""},{""sourceFile"":""probing-reports\\TalentEffectModelProbe.json""},{""sourceFile"":""probing-reports\\TalentEffectModelProbe.json""},{""sourceFile"":""probing-reports\\TalentEffectModelProbe.json""}]"
talent,TalentDescriptions.json,448,Swift Breeze,talent:448:1,hasteStat,hasteEvidence,attrOrBuffEvidence,medium,false,unknown,,"[""haste""]",true,"[""localizedDescription"",""talentDefinition""]","[""activeProfessionTalent"",""finalCharacterStats""]","[""targetSkillScopeMapping""]",true,"[{""value"":1,""unit"":""percent"",""raw"":""1%""},{""value"":2,""unit"":""percent"",""raw"":""2%""}]",Each 1% Haste accelerates the REG SPD of Courage by 2%.,"[{""sourceFile"":""probing-reports\\TalentEffectModelProbe.json""},{""sourceFile"":""probing-reports\\TalentEffectModelProbe.json""},{""sourceFile"":""probing-reports\\TalentEffectModelProbe.json""},{""sourceFile"":""probing-reports\\TalentEffectModelProbe.json""},{""sourceFile"":""probing-reports\\TalentEffectModelProbe.json""}]"
talent,TalentDescriptions.json,451,Strong Attack,talent:451:1,flatCooldownReduce,flatReduceMs,eventEvidenceRequired,high,true,unknown,Ultimate,[],false,"[""localizedDescription"",""talentDefinition""]","[""activeProfessionTalent"",""damageEvent""]","[""controlledEncounterTriggerProof"",""targetSkillScopeMapping""]",true,"[{""value"":0.5,""unit"":""seconds"",""raw"":""0.5s""}]","When Valor Cyclone deals DMG, reduces the CD of Ultimate by 0.5s (which can only be triggers once on multiple hits).","[{""sourceFile"":""probing-reports\\TalentEffectModelProbe.json""},{""sourceFile"":""probing-reports\\TalentEffectModelProbe.json""},{""sourceFile"":""probing-reports\\TalentEffectModelProbe.json""},{""sourceFile"":""probing-reports\\TalentEffectModelProbe.json""},{""sourceFile"":""probing-reports\\TalentEffectModelProbe.json""}]"
talent,TalentDescriptions.json,452,Spiral Flame,talent:452:1,hasteStat,hasteEvidence,attrOrBuffEvidence,medium,false,unknown,,"[""haste""]",true,"[""localizedDescription"",""talentDefinition""]","[""activeProfessionTalent"",""finalCharacterStats"",""skillCastEvent""]","[""targetSkillScopeMapping""]",true,"[{""value"":25,""unit"":""percent"",""raw"":""25%""},{""value"":10,""unit"":""seconds"",""raw"":""10s""}]","Using Vortex Strike, increases Haste by 25% for 10s.","[{""sourceFile"":""probing-reports\\TalentEffectModelProbe.json""},{""sourceFile"":""probing-reports\\TalentEffectModelProbe.json""},{""sourceFile"":""probing-reports\\TalentEffectModelProbe.json""},{""sourceFile"":""probing-reports\\TalentEffectModelProbe.json""},{""sourceFile"":""probing-reports\\TalentEffectModelProbe.json""}]"
talent,TalentDescriptions.json,452,Spiral Flame,talent:452:2,hasteStat,hasteEvidence,attrOrBuffEvidence,medium,false,unknown,,"[""haste""]",true,"[""localizedDescription"",""talentDefinition""]","[""activeProfessionTalent"",""finalCharacterStats"",""skillCastEvent""]","[""targetSkillScopeMapping""]",true,"[{""value"":25,""unit"":""percent"",""raw"":""25%""},{""value"":10,""unit"":""seconds"",""raw"":""10s""}]","Using Vortex Strike , increases Haste by 25% for 10s.","[{""sourceFile"":""probing-reports\\TalentEffectModelProbe.json""},{""sourceFile"":""probing-reports\\TalentEffectModelProbe.json""},{""sourceFile"":""probing-reports\\TalentEffectModelProbe.json""},{""sourceFile"":""probing-reports\\TalentEffectModelProbe.json""},{""sourceFile"":""probing-reports\\TalentEffectModelProbe.json""}]"
talent,TalentDescriptions.json,453,Dragon's Fury Flame,talent:453:1,hasteStat,hasteEvidence,attrOrBuffEvidence,medium,false,unknown,,"[""haste"",""crit"",""critDamage""]",true,"[""localizedDescription"",""talentDefinition""]","[""activeProfessionTalent"",""damageEventCritFlag"",""finalCharacterStats""]","[""targetSkillScopeMapping""]",true,"[{""value"":1,""unit"":""percent"",""raw"":""1%""},{""value"":0.5,""unit"":""percent"",""raw"":""0.5%""}]",Each 1% Haste grants 0.5% Crit DMG for Drake Cannon and Vortex Strike.,"[{""sourceFile"":""probing-reports\\TalentEffectModelProbe.json""},{""sourceFile"":""probing-reports\\TalentEffectModelProbe.json""},{""sourceFile"":""probing-reports\\TalentEffectModelProbe.json""},{""sourceFile"":""probing-reports\\TalentEffectModelProbe.json""},{""sourceFile"":""probing-reports\\TalentEffectModelProbe.json""}]"
talent,TalentDescriptions.json,453,Dragon's Fury Flame,talent:453:2,hasteStat,hasteEvidence,attrOrBuffEvidence,medium,false,unknown,,"[""haste"",""crit"",""critDamage""]",true,"[""localizedDescription"",""talentDefinition""]","[""activeProfessionTalent"",""damageEventCritFlag"",""finalCharacterStats""]","[""targetSkillScopeMapping""]",true,"[{""value"":1,""unit"":""percent"",""raw"":""1%""},{""value"":0.5,""unit"":""percent"",""raw"":""0.5%""}]",Each 1% Haste grants 0.5% Crit DMG for Drake Cannon and Vortex Strike .,"[{""sourceFile"":""probing-reports\\TalentEffectModelProbe.json""},{""sourceFile"":""probing-reports\\TalentEffectModelProbe.json""},{""sourceFile"":""probing-reports\\TalentEffectModelProbe.json""},{""sourceFile"":""probing-reports\\TalentEffectModelProbe.json""},{""sourceFile"":""probing-reports\\TalentEffectModelProbe.json""}]"
talent,TalentDescriptions.json,457,Spear Recovery,talent:457:1,flatCooldownReduce,flatReduceMs,eventEvidenceRequired,high,true,unknown,Falcon Toss,[],false,"[""localizedDescription"",""talentDefinition""]","[""activeProfessionTalent"",""damageEvent""]","[""controlledEncounterTriggerProof"",""targetSkillScopeMapping""]",true,"[{""value"":2,""unit"":""seconds"",""raw"":""2s""}]",Spear Thrust reduces the CD of Falcon Toss by 2s (which can only be triggers once on multiple hits).,"[{""sourceFile"":""probing-reports\\TalentEffectModelProbe.json""},{""sourceFile"":""probing-reports\\TalentEffectModelProbe.json""},{""sourceFile"":""probing-reports\\TalentEffectModelProbe.json""},{""sourceFile"":""probing-reports\\TalentEffectModelProbe.json""},{""sourceFile"":""probing-reports\\TalentEffectModelProbe.json""}]"
talent,TalentDescriptions.json,509,Flourish,talent:509:1,percentCooldownReduce,pctReduce,eventEvidenceRequired,high,true,unknown,the Ultimate,[],false,"[""localizedDescription"",""talentDefinition""]","[""activeProfessionTalent""]","[""controlledEncounterTriggerProof"",""targetSkillScopeMapping""]",true,"[{""value"":30,""unit"":""percent"",""raw"":""30%""},{""value"":1,""unit"":""seconds"",""raw"":""1s""}]","When Infusion, Feral Seed, or Wild Bloom deals DMG, 30% chance to reduce the CD of the Ultimate by 1s, once per second.","[{""sourceFile"":""probing-reports\\TalentEffectModelProbe.json""},{""sourceFile"":""probing-reports\\TalentEffectModelProbe.json""},{""sourceFile"":""probing-reports\\TalentEffectModelProbe.json""},{""sourceFile"":""probing-reports\\TalentEffectModelProbe.json""},{""sourceFile"":""probing-reports\\TalentEffectModelProbe.json""}]"
talent,TalentDescriptions.json,509,Flourish,talent:509:2,percentCooldownReduce,pctReduce,eventEvidenceRequired,high,true,unknown,the Ultimate,[],false,"[""localizedDescription"",""talentDefinition""]","[""activeProfessionTalent""]","[""controlledEncounterTriggerProof"",""targetSkillScopeMapping""]",true,"[{""value"":30,""unit"":""percent"",""raw"":""30%""},{""value"":1,""unit"":""seconds"",""raw"":""1s""}]","When Infusion , Feral Seed , or Wild Bloom deals DMG, 30% chance to reduce the CD of the Ultimate by 1s, once per second.","[{""sourceFile"":""probing-reports\\TalentEffectModelProbe.json""},{""sourceFile"":""probing-reports\\TalentEffectModelProbe.json""},{""sourceFile"":""probing-reports\\TalentEffectModelProbe.json""},{""sourceFile"":""probing-reports\\TalentEffectModelProbe.json""},{""sourceFile"":""probing-reports\\TalentEffectModelProbe.json""}]"
talent,TalentDescriptions.json,512,Final Bloomwheel,talent:512:1,flatCooldownReduce,flatReduceMs,eventEvidenceRequired,high,true,unknown,Infusion,[],false,"[""localizedDescription"",""talentDefinition""]","[""activeProfessionTalent""]","[""controlledEncounterTriggerProof"",""targetSkillScopeMapping""]",true,"[{""value"":1,""unit"":""seconds"",""raw"":""1s""}]","When Wild Bloom deals DMG, reduces the remaining CD of Infusion by 1s.","[{""sourceFile"":""probing-reports\\TalentEffectModelProbe.json""},{""sourceFile"":""probing-reports\\TalentEffectModelProbe.json""},{""sourceFile"":""probing-reports\\TalentEffectModelProbe.json""},{""sourceFile"":""probing-reports\\TalentEffectModelProbe.json""},{""sourceFile"":""probing-reports\\TalentEffectModelProbe.json""}]"
talent,TalentDescriptions.json,512,Final Bloomwheel,talent:512:2,flatCooldownReduce,flatReduceMs,activeBuffOrAttrCandidate,high,false,unknown,,"[""lucky""]",true,"[""localizedDescription"",""talentDefinition""]","[""activeProfessionTalent"",""damageEventLuckyFlag"",""finalCharacterStats""]","[""targetSkillScopeMapping""]",true,"[{""value"":3,""unit"":""seconds"",""raw"":""3s""}]","If the DMG triggers a Lucky Strike, the remaining CD is reduced by 3s.","[{""sourceFile"":""probing-reports\\TalentEffectModelProbe.json""},{""sourceFile"":""probing-reports\\TalentEffectModelProbe.json""},{""sourceFile"":""probing-reports\\TalentEffectModelProbe.json""},{""sourceFile"":""probing-reports\\TalentEffectModelProbe.json""},{""sourceFile"":""probing-reports\\TalentEffectModelProbe.json""}]"
talent,TalentDescriptions.json,514,Verdant Root,talent:514:1,hasteStat,hasteEvidence,attrOrBuffEvidence,medium,false,unknown,,"[""haste""]",true,"[""localizedDescription"",""talentDefinition""]","[""activeProfessionTalent"",""finalCharacterStats""]","[""targetSkillScopeMapping""]",true,"[{""value"":10,""unit"":""percent"",""raw"":""+10%""}]","Grass Domain: While inside the Grass Domain, your Haste +10%.","[{""sourceFile"":""probing-reports\\TalentEffectModelProbe.json""},{""sourceFile"":""probing-reports\\TalentEffectModelProbe.json""},{""sourceFile"":""probing-reports\\TalentEffectModelProbe.json""},{""sourceFile"":""probing-reports\\TalentEffectModelProbe.json""},{""sourceFile"":""probing-reports\\TalentEffectModelProbe.json""}]"
talent,TalentDescriptions.json,515,Full Bloom,talent:515:1,percentCooldownReduce,pctReduce,eventEvidenceRequired,high,true,unknown,Blossom Charge and Nourish,[],false,"[""localizedDescription"",""talentDefinition""]","[""activeProfessionTalent"",""skillCastEvent""]","[""controlledEncounterTriggerProof"",""targetSkillScopeMapping""]",true,"[{""value"":40,""unit"":""percent"",""raw"":""40%""},{""value"":2,""unit"":""seconds"",""raw"":""2s""}]",Casting Life Bloom grants a 40% chance to reduce the remaining CD of Blossom Charge and Nourish by 2s.,"[{""sourceFile"":""probing-reports\\TalentEffectModelProbe.json""},{""sourceFile"":""probing-reports\\TalentEffectModelProbe.json""},{""sourceFile"":""probing-reports\\TalentEffectModelProbe.json""},{""sourceFile"":""probing-reports\\TalentEffectModelProbe.json""},{""sourceFile"":""probing-reports\\TalentEffectModelProbe.json""}]"
talent,TalentDescriptions.json,515,Full Bloom,talent:515:2,percentCooldownReduce,pctReduce,eventEvidenceRequired,high,true,unknown,Fast Growth,[],false,"[""localizedDescription"",""talentDefinition""]","[""activeProfessionTalent"",""skillCastEvent""]","[""controlledEncounterTriggerProof"",""targetSkillScopeMapping""]",true,"[{""value"":50,""unit"":""percent"",""raw"":""50%""},{""value"":0.2,""unit"":""seconds"",""raw"":""0.2s""},{""value"":10,""unit"":""seconds"",""raw"":""10s""}]","Casting Life Bloom grants a 50% chance to reduce the remaining CD of Fast Growth by 0.2s, triggering at most once every 10s.","[{""sourceFile"":""probing-reports\\TalentEffectModelProbe.json""},{""sourceFile"":""probing-reports\\TalentEffectModelProbe.json""},{""sourceFile"":""probing-reports\\TalentEffectModelProbe.json""},{""sourceFile"":""probing-reports\\TalentEffectModelProbe.json""},{""sourceFile"":""probing-reports\\TalentEffectModelProbe.json""}]"
talent,TalentDescriptions.json,515,Full Bloom,talent:515:3,hasteStat,hasteEvidence,attrOrBuffEvidence,medium,false,unknown,,"[""haste""]",true,"[""localizedDescription"",""talentDefinition""]","[""activeProfessionTalent"",""finalCharacterStats""]","[""targetSkillScopeMapping""]",true,"[{""value"":20,""unit"":""percent"",""raw"":""20%""},{""value"":0.1,""unit"":""seconds"",""raw"":""0.1s""},{""value"":0.5,""unit"":""seconds"",""raw"":""0.5s""}]","Each 20% of Haste increases the CD reduction by 0.1s, up to a maximum of 0.5s.","[{""sourceFile"":""probing-reports\\TalentEffectModelProbe.json""},{""sourceFile"":""probing-reports\\TalentEffectModelProbe.json""},{""sourceFile"":""probing-reports\\TalentEffectModelProbe.json""},{""sourceFile"":""probing-reports\\TalentEffectModelProbe.json""},{""sourceFile"":""probing-reports\\TalentEffectModelProbe.json""}]"
talent,TalentDescriptions.json,531,Lifebind Spec,talent:531:1,hasteStat,hasteEvidence,attrOrBuffEvidence,medium,false,unknown,,"[""haste"",""mastery""]",true,"[""localizedDescription"",""talentDefinition""]","[""activeProfessionTalent"",""finalCharacterStats"",""healEvent"",""skillCastEvent""]","[""targetSkillScopeMapping""]",true,[],"Haste increases cast speed, and Mastery enhances healing potency.","[{""sourceFile"":""probing-reports\\TalentEffectModelProbe.json""},{""sourceFile"":""probing-reports\\TalentEffectModelProbe.json""},{""sourceFile"":""probing-reports\\TalentEffectModelProbe.json""}]"
talent,TalentDescriptions.json,537,Energy Surge,talent:537:1,hasteStat,hasteEvidence,attrOrBuffEvidence,medium,false,unknown,,"[""haste""]",true,"[""localizedDescription"",""talentDefinition""]","[""activeProfessionTalent"",""finalCharacterStats""]","[""targetSkillScopeMapping""]",true,"[{""value"":2,""unit"":""percent"",""raw"":""2%""},{""value"":1,""unit"":""percent"",""raw"":""1%""}]",Every 2% haste provides 1% energy natural recovery efficiency.,"[{""sourceFile"":""probing-reports\\TalentEffectModelProbe.json""},{""sourceFile"":""probing-reports\\TalentEffectModelProbe.json""},{""sourceFile"":""probing-reports\\TalentEffectModelProbe.json""},{""sourceFile"":""probing-reports\\TalentEffectModelProbe.json""},{""sourceFile"":""probing-reports\\TalentEffectModelProbe.json""}]"
talent,TalentDescriptions.json,547,Swift Shelter,talent:547:1,flatCooldownReduce,flatReduceMs,eventEvidenceRequired,high,true,unknown,Nature Ward,[],false,"[""localizedDescription"",""talentDefinition""]","[""activeProfessionTalent"",""skillCastEvent""]","[""controlledEncounterTriggerProof"",""targetSkillScopeMapping""]",true,"[{""value"":2,""unit"":""seconds"",""raw"":""2s""}]","Each use or trigger of Regen Pulse, reduces the CD of Nature Ward by 2s.","[{""sourceFile"":""probing-reports\\TalentEffectModelProbe.json""},{""sourceFile"":""probing-reports\\TalentEffectModelProbe.json""},{""sourceFile"":""probing-reports\\TalentEffectModelProbe.json""},{""sourceFile"":""probing-reports\\TalentEffectModelProbe.json""},{""sourceFile"":""probing-reports\\TalentEffectModelProbe.json""}]"
talent,TalentDescriptions.json,547,Swift Shelter,talent:547:2,flatCooldownReduce,flatReduceMs,eventEvidenceRequired,high,true,unknown,Nature Ward,[],false,"[""localizedDescription"",""talentDefinition""]","[""activeProfessionTalent"",""skillCastEvent""]","[""controlledEncounterTriggerProof"",""targetSkillScopeMapping""]",true,"[{""value"":2,""unit"":""seconds"",""raw"":""2s""}]","Each use or trigger of Regen Pulse , reduces the CD of Nature Ward by 2s.","[{""sourceFile"":""probing-reports\\TalentEffectModelProbe.json""},{""sourceFile"":""probing-reports\\TalentEffectModelProbe.json""},{""sourceFile"":""probing-reports\\TalentEffectModelProbe.json""},{""sourceFile"":""probing-reports\\TalentEffectModelProbe.json""},{""sourceFile"":""probing-reports\\TalentEffectModelProbe.json""}]"
talent,TalentDescriptions.json,549,Swift Bud,talent:549:1,flatCooldownReduce,flatReduceMs,activeBuffOrAttrCandidate,high,false,unknown,Feral Seed,[],false,"[""localizedDescription"",""talentDefinition""]","[""activeProfessionTalent""]","[""targetSkillScopeMapping""]",true,"[{""value"":1,""unit"":""seconds"",""raw"":""1 s""}]","Each Regen Bud gained, reduces the CD of Feral Seed by 1 second.","[{""sourceFile"":""probing-reports\\TalentEffectModelProbe.json""},{""sourceFile"":""probing-reports\\TalentEffectModelProbe.json""},{""sourceFile"":""probing-reports\\TalentEffectModelProbe.json""},{""sourceFile"":""probing-reports\\TalentEffectModelProbe.json""},{""sourceFile"":""probing-reports\\TalentEffectModelProbe.json""}]"
talent,TalentDescriptions.json,571,Instant Bloom,talent:571:1,cooldownTextUnclassified,evidence,textOnly,medium,false,unknown,,[],false,"[""localizedDescription"",""talentDefinition""]","[""activeProfessionTalent"",""healEvent"",""skillCastEvent""]","[""runtimeIdBridge""]",true,"[{""value"":5,""unit"":"""",""raw"":""5 ""},{""value"":100,""unit"":""percent"",""raw"":""100%""},{""value"":50,""unit"":""percent"",""raw"":""50%""},{""value"":15,""unit"":""seconds"",""raw"":""15s""}]",Every 5 uses of Life Bloom accelerates the using of Grove Wish or Regen Pulse by 100% and increases their Healing by 50% in 15s.,"[{""sourceFile"":""probing-reports\\TalentEffectModelProbe.json""},{""sourceFile"":""probing-reports\\TalentEffectModelProbe.json""},{""sourceFile"":""probing-reports\\TalentEffectModelProbe.json""},{""sourceFile"":""probing-reports\\TalentEffectModelProbe.json""},{""sourceFile"":""probing-reports\\TalentEffectModelProbe.json""}]"
talent,TalentDescriptions.json,920,Breath of Stone,talent:920:1,flatCooldownReduce,flatReduceMs,activeBuffOrAttrCandidate,high,false,unknown,Stoneform,[],false,"[""localizedDescription"",""talentDefinition""]","[""activeProfessionTalent""]","[""targetSkillScopeMapping""]",true,"[{""value"":1,""unit"":""seconds"",""raw"":""1s""}]",Each Sand Crystal consumed reduces the CD of Stoneform by 1s.,"[{""sourceFile"":""probing-reports\\TalentEffectModelProbe.json""},{""sourceFile"":""probing-reports\\TalentEffectModelProbe.json""},{""sourceFile"":""probing-reports\\TalentEffectModelProbe.json""},{""sourceFile"":""probing-reports\\TalentEffectModelProbe.json""},{""sourceFile"":""probing-reports\\TalentEffectModelProbe.json""}]"
talent,TalentDescriptions.json,933,Sandstone Rewind,talent:933:1,flatCooldownReduce,flatReduceMs,eventEvidenceRequired,high,true,unknown,Brave Bastion,[],false,"[""localizedDescription"",""talentDefinition""]","[""activeProfessionTalent""]","[""controlledEncounterTriggerProof"",""targetSkillScopeMapping""]",true,"[{""value"":3,""unit"":""seconds"",""raw"":""3s""}]","When Rageblow deals DMG, it reduces the CD of Brave Bastion by 3s.","[{""sourceFile"":""probing-reports\\TalentEffectModelProbe.json""},{""sourceFile"":""probing-reports\\TalentEffectModelProbe.json""},{""sourceFile"":""probing-reports\\TalentEffectModelProbe.json""},{""sourceFile"":""probing-reports\\TalentEffectModelProbe.json""},{""sourceFile"":""probing-reports\\TalentEffectModelProbe.json""}]"
talent,TalentDescriptions.json,1101,Agility Conversion,talent:1101:1,hasteStat,hasteEvidence,attrOrBuffEvidence,medium,false,unknown,,"[""agility"",""haste""]",true,"[""localizedDescription"",""talentDefinition""]","[""activeProfessionTalent"",""finalCharacterStats""]","[""targetSkillScopeMapping""]",true,"[{""value"":10,""unit"":"""",""raw"":""10 ""},{""value"":7,""unit"":"""",""raw"":""7 ""}]",Every 10 Agility grants 7 Haste.,"[{""sourceFile"":""probing-reports\\TalentEffectModelProbe.json""},{""sourceFile"":""probing-reports\\TalentEffectModelProbe.json""},{""sourceFile"":""probing-reports\\TalentEffectModelProbe.json""}]"
talent,TalentDescriptions.json,1106,Direwolf's Hunger,talent:1106:1,hasteStat,hasteEvidence,attrOrBuffEvidence,medium,false,unknown,,"[""haste"",""crit"",""critDamage""]",true,"[""localizedDescription"",""talentDefinition""]","[""activeProfessionTalent"",""damageEventCritFlag"",""finalCharacterStats""]","[""targetSkillScopeMapping""]",true,"[{""value"":2,""unit"":""percent"",""raw"":""2%""},{""value"":10,""unit"":""seconds"",""raw"":""10s""}]","When the Wild Wolf deals Crit DMG, you and your Beast gain 2% Haste for 10s.","[{""sourceFile"":""probing-reports\\TalentEffectModelProbe.json""},{""sourceFile"":""probing-reports\\TalentEffectModelProbe.json""},{""sourceFile"":""probing-reports\\TalentEffectModelProbe.json""},{""sourceFile"":""probing-reports\\TalentEffectModelProbe.json""},{""sourceFile"":""probing-reports\\TalentEffectModelProbe.json""}]"
talent,TalentDescriptions.json,1106,Direwolf's Hunger,talent:1106:2,hasteStat,hasteEvidence,attrOrBuffEvidence,medium,false,unknown,,"[""haste""]",true,"[""localizedDescription"",""talentDefinition""]","[""activeProfessionTalent"",""finalCharacterStats""]","[""targetSkillScopeMapping""]",true,"[{""value"":35,""unit"":""percent"",""raw"":""35%""},{""value"":1,""unit"":""percent"",""raw"":""1%""},{""value"":0.2,""unit"":""percent"",""raw"":""0.2%""}]","When Haste exceeds 35%, every extra 1% of Haste grants 0.2% ATK.","[{""sourceFile"":""probing-reports\\TalentEffectModelProbe.json""},{""sourceFile"":""probing-reports\\TalentEffectModelProbe.json""},{""sourceFile"":""probing-reports\\TalentEffectModelProbe.json""},{""sourceFile"":""probing-reports\\TalentEffectModelProbe.json""},{""sourceFile"":""probing-reports\\TalentEffectModelProbe.json""}]"
talent,TalentDescriptions.json,1126,Wildpack Spec,talent:1126:1,hasteStat,hasteEvidence,attrOrBuffEvidence,medium,false,unknown,,"[""haste""]",true,"[""localizedDescription"",""talentDefinition""]","[""activeProfessionTalent"",""finalCharacterStats""]","[""targetSkillScopeMapping""]",true,[],"The Wild Wolf becomes empowered, and Haste allows both you and the wolf to attack more frequently.","[{""sourceFile"":""probing-reports\\TalentEffectModelProbe.json""},{""sourceFile"":""probing-reports\\TalentEffectModelProbe.json""},{""sourceFile"":""probing-reports\\TalentEffectModelProbe.json""},{""sourceFile"":""probing-reports\\TalentEffectModelProbe.json""},{""sourceFile"":""probing-reports\\TalentEffectModelProbe.json""}]"
talent,TalentDescriptions.json,1129,Falconry Spec,talent:1129:1,hasteStat,hasteEvidence,attrOrBuffEvidence,medium,false,unknown,,"[""haste""]",true,"[""localizedDescription"",""talentDefinition""]","[""activeProfessionTalent"",""finalCharacterStats""]","[""targetSkillScopeMapping""]",true,"[{""value"":1,""unit"":""percent"",""raw"":""1%""},{""value"":1,""unit"":""percent"",""raw"":""1%""}]",Each 1% Haste grants 1% CD decrease to Double Arrow.,"[{""sourceFile"":""probing-reports\\TalentEffectModelProbe.json""},{""sourceFile"":""probing-reports\\TalentEffectModelProbe.json""},{""sourceFile"":""probing-reports\\TalentEffectModelProbe.json""}]"
talent,TalentDescriptions.json,1129,Falconry Spec,talent:1129:2,hasteStat,hasteEvidence,attrOrBuffEvidence,medium,false,unknown,,"[""haste"",""crit""]",true,"[""localizedDescription"",""talentDefinition""]","[""activeProfessionTalent"",""damageEventCritFlag"",""finalCharacterStats""]","[""targetSkillScopeMapping""]",true,[],"Haste and Crit increase its strike frequency, and after learning Lightning Strike, the Falcon deals significantly more DMG.","[{""sourceFile"":""probing-reports\\TalentEffectModelProbe.json""},{""sourceFile"":""probing-reports\\TalentEffectModelProbe.json""},{""sourceFile"":""probing-reports\\TalentEffectModelProbe.json""}]"
talent,TalentDescriptions.json,1129,Falconry Spec,talent:1129:3,hasteStat,hasteEvidence,attrOrBuffEvidence,medium,false,unknown,,"[""haste""]",true,"[""localizedDescription"",""talentDefinition""]","[""activeProfessionTalent"",""finalCharacterStats""]","[""targetSkillScopeMapping""]",true,"[{""value"":1,""unit"":""percent"",""raw"":""1%""},{""value"":1,""unit"":""percent"",""raw"":""1%""}]",Each 1% Haste grants 1% CD decrease to Double Arrow .,"[{""sourceFile"":""probing-reports\\TalentEffectModelProbe.json""},{""sourceFile"":""probing-reports\\TalentEffectModelProbe.json""},{""sourceFile"":""probing-reports\\TalentEffectModelProbe.json""}]"
talent,TalentDescriptions.json,1132,Rapid Shot,talent:1132:1,hasteStat,hasteEvidence,attrOrBuffEvidence,medium,false,unknown,,"[""haste""]",true,"[""localizedDescription"",""talentDefinition""]","[""activeProfessionTalent"",""finalCharacterStats""]","[""targetSkillScopeMapping""]",true,"[{""value"":5,""unit"":""percent"",""raw"":""5%""},{""value"":1,""unit"":""percent"",""raw"":""1%""}]",Every 5% Haste provides an additional 1% attack speed.,"[{""sourceFile"":""probing-reports\\TalentEffectModelProbe.json""},{""sourceFile"":""probing-reports\\TalentEffectModelProbe.json""},{""sourceFile"":""probing-reports\\TalentEffectModelProbe.json""},{""sourceFile"":""probing-reports\\TalentEffectModelProbe.json""},{""sourceFile"":""probing-reports\\TalentEffectModelProbe.json""}]"
talent,TalentDescriptions.json,1138,Arrow Rain Acceleration,talent:1138:1,cooldownTextUnclassified,evidence,textOnly,medium,false,unknown,Arrow Rain -0,[],false,"[""localizedDescription"",""talentDefinition""]","[""activeProfessionTalent""]","[""runtimeIdBridge""]",true,"[{""value"":1,""unit"":"""",""raw"":""1 ""},{""value"":-0.5,""unit"":""seconds"",""raw"":""-0.5s""}]","Each time you summon 1 Wolf or Phantom Wolf, the remaining CD of Arrow Rain -0.5s.","[{""sourceFile"":""probing-reports\\TalentEffectModelProbe.json""},{""sourceFile"":""probing-reports\\TalentEffectModelProbe.json""},{""sourceFile"":""probing-reports\\TalentEffectModelProbe.json""},{""sourceFile"":""probing-reports\\TalentEffectModelProbe.json""},{""sourceFile"":""probing-reports\\TalentEffectModelProbe.json""}]"
talent,TalentDescriptions.json,1140,Wolf Fang Pact,talent:1140:1,flatCooldownReduce,flatReduceMs,eventEvidenceRequired,high,true,unknown,Storm Arrow,[],false,"[""localizedDescription"",""talentDefinition""]","[""activeProfessionTalent"",""damageEvent""]","[""controlledEncounterTriggerProof"",""targetSkillScopeMapping""]",true,"[{""value"":1,""unit"":""seconds"",""raw"":""1s""}]",Wild Wolf's Coordinated Attack or Tail Sweep deals damage (triggers only once even when hitting multiple targets) and reduces the remaining CD of Storm Arrow by 1s.,"[{""sourceFile"":""probing-reports\\TalentEffectModelProbe.json""},{""sourceFile"":""probing-reports\\TalentEffectModelProbe.json""},{""sourceFile"":""probing-reports\\TalentEffectModelProbe.json""},{""sourceFile"":""probing-reports\\TalentEffectModelProbe.json""},{""sourceFile"":""probing-reports\\TalentEffectModelProbe.json""}]"
talent,TalentDescriptions.json,1145,Wild Call CD,talent:1145:1,percentCooldownReduce,pctReduce,eventEvidenceRequired,high,true,unknown,Wildcall,"[""haste""]",true,"[""localizedDescription"",""talentDefinition""]","[""activeProfessionTalent"",""finalCharacterStats""]","[""controlledEncounterTriggerProof"",""targetSkillScopeMapping""]",true,"[{""value"":0.4,""unit"":""seconds"",""raw"":""0.4s""},{""value"":30,""unit"":""percent"",""raw"":""30%""},{""value"":1,""unit"":""percent"",""raw"":""1%""},{""value"":0.005,""unit"":""seconds"",""raw"":""0.005s""},{""value"":0.8,""unit"":""seconds"",""raw"":""0.8s""}]","For each Lightseeker Arrow fired, reduces the remaining CD of Wildcall by 0.4s (when Haste exceeds 30%, each extra 1% Haste reduces an additional 0.005s, up to 0.8s).","[{""sourceFile"":""probing-reports\\TalentEffectModelProbe.json""},{""sourceFile"":""probing-reports\\TalentEffectModelProbe.json""},{""sourceFile"":""probing-reports\\TalentEffectModelProbe.json""},{""sourceFile"":""probing-reports\\TalentEffectModelProbe.json""},{""sourceFile"":""probing-reports\\TalentEffectModelProbe.json""}]"
talent,TalentDescriptions.json,1147,Light Chasing Sharp,talent:1147:1,percentCooldownReduce,pctReduce,activeBuffOrAttrCandidate,high,false,unknown,Storm Arrow,[],false,"[""localizedDescription"",""talentDefinition""]","[""activeBuffState"",""activeProfessionTalent""]","[""targetSkillScopeMapping""]",true,"[{""value"":50,""unit"":""percent"",""raw"":""50%""}]","While Photon Reforge is active, reduces Storm Arrow CD by 50%.","[{""sourceFile"":""probing-reports\\TalentEffectModelProbe.json""},{""sourceFile"":""probing-reports\\TalentEffectModelProbe.json""},{""sourceFile"":""probing-reports\\TalentEffectModelProbe.json""},{""sourceFile"":""probing-reports\\TalentEffectModelProbe.json""},{""sourceFile"":""probing-reports\\TalentEffectModelProbe.json""}]"
talent,TalentDescriptions.json,1155,Dual Arrow Mastery,talent:1155:1,flatCooldownReduce,flatReduceMs,eventEvidenceRequired,high,true,specialAttack,Blast Shot and Powerdraw,"[""crit"",""critDamage""]",true,"[""localizedDescription"",""talentDefinition""]","[""activeProfessionTalent"",""damageEventCritFlag"",""finalCharacterStats"",""skillCastEvent""]","[""controlledEncounterTriggerProof""]",true,"[{""value"":1,""unit"":""seconds"",""raw"":""1 s""}]","When a Special Attack deals Crit DMG, reduces the remaining CD of Blast Shot and Powerdraw by 1 second.","[{""sourceFile"":""probing-reports\\TalentEffectModelProbe.json""},{""sourceFile"":""probing-reports\\TalentEffectModelProbe.json""},{""sourceFile"":""probing-reports\\TalentEffectModelProbe.json""},{""sourceFile"":""probing-reports\\TalentEffectModelProbe.json""},{""sourceFile"":""probing-reports\\TalentEffectModelProbe.json""}]"
talent,TalentDescriptions.json,1160,Celestial Eagle,talent:1160:1,cooldownAcceleration,accelerate,activeBuffOrAttrCandidate,high,false,unknown,Focus,"[""haste""]",true,"[""localizedDescription"",""talentDefinition""]","[""activeProfessionTalent"",""finalCharacterStats""]","[""targetSkillScopeMapping""]",true,"[{""value"":1,""unit"":""percent"",""raw"":""1%""},{""value"":1,""unit"":""percent"",""raw"":""1%""}]","Now, each 1% of Haste increases the CD Boost of Focus by 1%.","[{""sourceFile"":""probing-reports\\TalentEffectModelProbe.json""},{""sourceFile"":""probing-reports\\TalentEffectModelProbe.json""},{""sourceFile"":""probing-reports\\TalentEffectModelProbe.json""},{""sourceFile"":""probing-reports\\TalentEffectModelProbe.json""},{""sourceFile"":""probing-reports\\TalentEffectModelProbe.json""}]"
talent,TalentDescriptions.json,1164,Energy Gathering Power,talent:1164:1,cooldownTextUnclassified,evidence,textOnly,medium,false,unknown,,[],false,"[""localizedDescription"",""talentDefinition""]","[""activeProfessionTalent""]","[""runtimeIdBridge""]",true,"[{""value"":-50,""unit"":""percent"",""raw"":""-50%""}]",Powerdraw CD -50%.,"[{""sourceFile"":""probing-reports\\TalentEffectModelProbe.json""},{""sourceFile"":""probing-reports\\TalentEffectModelProbe.json""},{""sourceFile"":""probing-reports\\TalentEffectModelProbe.json""},{""sourceFile"":""probing-reports\\TalentEffectModelProbe.json""},{""sourceFile"":""probing-reports\\TalentEffectModelProbe.json""}]"
talent,TalentDescriptions.json,1203,Ring of Judgment,talent:1203:1,cooldownTextUnclassified,evidence,textOnly,medium,false,unknown,30s,[],false,"[""localizedDescription"",""talentDefinition""]","[""activeProfessionTalent"",""skillCastEvent""]","[""runtimeIdBridge""]",true,"[{""value"":30,""unit"":""seconds"",""raw"":""30s""}]","Casting Judgment generates a Divine Circle, with a CD of 30s.","[{""sourceFile"":""probing-reports\\TalentEffectModelProbe.json""},{""sourceFile"":""probing-reports\\TalentEffectModelProbe.json""},{""sourceFile"":""probing-reports\\TalentEffectModelProbe.json""},{""sourceFile"":""probing-reports\\TalentEffectModelProbe.json""},{""sourceFile"":""probing-reports\\TalentEffectModelProbe.json""}]"
talent,TalentDescriptions.json,1203,Ring of Judgment,talent:1203:2,flatCooldownReduce,flatReduceMs,activeBuffOrAttrCandidate,high,false,unknown,remaining,[],false,"[""localizedDescription"",""talentDefinition""]","[""activeProfessionTalent""]","[""targetSkillScopeMapping""]",true,"[{""value"":1,""unit"":""seconds"",""raw"":""1s""}]",Each Holy Sigil consumed reduces the remaining CD by 1s.,"[{""sourceFile"":""probing-reports\\TalentEffectModelProbe.json""},{""sourceFile"":""probing-reports\\TalentEffectModelProbe.json""},{""sourceFile"":""probing-reports\\TalentEffectModelProbe.json""},{""sourceFile"":""probing-reports\\TalentEffectModelProbe.json""},{""sourceFile"":""probing-reports\\TalentEffectModelProbe.json""}]"
talent,TalentDescriptions.json,1203,Ring of Judgment,talent:1203:3,cooldownTextUnclassified,evidence,textOnly,medium,false,unknown,30s,[],false,"[""localizedDescription"",""talentDefinition""]","[""activeProfessionTalent"",""skillCastEvent""]","[""runtimeIdBridge""]",true,"[{""value"":30,""unit"":""seconds"",""raw"":""30s""}]","Casting Judgment generates a Divine Circle , with a CD of 30s.","[{""sourceFile"":""probing-reports\\TalentEffectModelProbe.json""},{""sourceFile"":""probing-reports\\TalentEffectModelProbe.json""},{""sourceFile"":""probing-reports\\TalentEffectModelProbe.json""},{""sourceFile"":""probing-reports\\TalentEffectModelProbe.json""},{""sourceFile"":""probing-reports\\TalentEffectModelProbe.json""}]"
talent,TalentDescriptions.json,1205,Haste Sigil,talent:1205:1,hasteStat,hasteEvidence,attrOrBuffEvidence,medium,false,unknown,,"[""haste""]",true,"[""localizedDescription"",""talentDefinition""]","[""activeProfessionTalent"",""finalCharacterStats""]","[""targetSkillScopeMapping""]",true,"[{""value"":1,""unit"":""percent"",""raw"":""1%""},{""value"":1,""unit"":""percent"",""raw"":""1%""}]",Each 1% Haste increases the recovery speed of Holy Sigil by 1%.,"[{""sourceFile"":""probing-reports\\TalentEffectModelProbe.json""},{""sourceFile"":""probing-reports\\TalentEffectModelProbe.json""},{""sourceFile"":""probing-reports\\TalentEffectModelProbe.json""},{""sourceFile"":""probing-reports\\TalentEffectModelProbe.json""},{""sourceFile"":""probing-reports\\TalentEffectModelProbe.json""}]"
talent,TalentDescriptions.json,1213,Aegis Ward's Anthem,talent:1213:1,cooldownTextUnclassified,evidence,textOnly,medium,false,unknown,Aegis Ward -1 second,[],false,"[""localizedDescription"",""talentDefinition""]","[""activeProfessionTalent""]","[""runtimeIdBridge""]",true,"[{""value"":2,""unit"":"""",""raw"":""2 ""},{""value"":-1,""unit"":""seconds"",""raw"":""-1 s""}]","For every 2 Holy Sigils consumed, the remaining CD of Aegis Ward -1 second.","[{""sourceFile"":""probing-reports\\TalentEffectModelProbe.json""},{""sourceFile"":""probing-reports\\TalentEffectModelProbe.json""},{""sourceFile"":""probing-reports\\TalentEffectModelProbe.json""},{""sourceFile"":""probing-reports\\TalentEffectModelProbe.json""},{""sourceFile"":""probing-reports\\TalentEffectModelProbe.json""}]"
talent,TalentDescriptions.json,1215,Aegis Ward's Retribution,talent:1215:1,flatCooldownReduce,flatReduceMs,eventEvidenceRequired,high,true,unknown,Aegis Ward's remaining,[],false,"[""localizedDescription"",""talentDefinition""]","[""activeProfessionTalent""]","[""controlledEncounterTriggerProof"",""targetSkillScopeMapping""]",true,"[{""value"":0.5,""unit"":""seconds"",""raw"":""0.5s""}]","When attacked, reduces Aegis Ward's remaining CD by 0.5s.","[{""sourceFile"":""probing-reports\\TalentEffectModelProbe.json""},{""sourceFile"":""probing-reports\\TalentEffectModelProbe.json""},{""sourceFile"":""probing-reports\\TalentEffectModelProbe.json""},{""sourceFile"":""probing-reports\\TalentEffectModelProbe.json""},{""sourceFile"":""probing-reports\\TalentEffectModelProbe.json""}]"
talent,TalentDescriptions.json,1215,Aegis Ward's Retribution,talent:1215:2,flatCooldownReduce,flatReduceMs,eventEvidenceRequired,high,true,unknown,Aegis Ward 's remaining,[],false,"[""localizedDescription"",""talentDefinition""]","[""activeProfessionTalent""]","[""controlledEncounterTriggerProof"",""targetSkillScopeMapping""]",true,"[{""value"":0.5,""unit"":""seconds"",""raw"":""0.5s""}]","When attacked, reduces Aegis Ward 's remaining CD by 0.5s.","[{""sourceFile"":""probing-reports\\TalentEffectModelProbe.json""},{""sourceFile"":""probing-reports\\TalentEffectModelProbe.json""},{""sourceFile"":""probing-reports\\TalentEffectModelProbe.json""},{""sourceFile"":""probing-reports\\TalentEffectModelProbe.json""},{""sourceFile"":""probing-reports\\TalentEffectModelProbe.json""}]"
talent,TalentDescriptions.json,1221,Divine Circle Chant,talent:1221:1,hasteStat,hasteEvidence,attrOrBuffEvidence,medium,false,unknown,,"[""haste""]",true,"[""localizedDescription"",""talentDefinition""]","[""activeProfessionTalent"",""finalCharacterStats""]","[""targetSkillScopeMapping""]",true,"[{""value"":100,""unit"":""percent"",""raw"":""+100%""}]",The recovery rate of Holy Sigils from Haste +100%.,"[{""sourceFile"":""probing-reports\\TalentEffectModelProbe.json""},{""sourceFile"":""probing-reports\\TalentEffectModelProbe.json""},{""sourceFile"":""probing-reports\\TalentEffectModelProbe.json""},{""sourceFile"":""probing-reports\\TalentEffectModelProbe.json""},{""sourceFile"":""probing-reports\\TalentEffectModelProbe.json""}]"
talent,TalentDescriptions.json,1228,Judgment Pursuit,talent:1228:1,hasteStat,hasteEvidence,attrOrBuffEvidence,medium,false,unknown,,"[""haste""]",true,"[""localizedDescription"",""talentDefinition""]","[""activeProfessionTalent"",""finalCharacterStats""]","[""targetSkillScopeMapping""]",true,"[{""value"":1,""unit"":""percent"",""raw"":""1%""},{""value"":1,""unit"":""percent"",""raw"":""1%""},{""value"":50,""unit"":""percent"",""raw"":""50%""}]",Every 1% of Haste reduces the trigger interval by 1% (up to 50%).,"[{""sourceFile"":""probing-reports\\TalentEffectModelProbe.json""},{""sourceFile"":""probing-reports\\TalentEffectModelProbe.json""},{""sourceFile"":""probing-reports\\TalentEffectModelProbe.json""},{""sourceFile"":""probing-reports\\TalentEffectModelProbe.json""},{""sourceFile"":""probing-reports\\TalentEffectModelProbe.json""}]"
talent,TalentDescriptions.json,1234,Condemn Time Limit,talent:1234:1,cooldownTextUnclassified,evidence,textOnly,medium,false,unknown,,[],false,"[""localizedDescription"",""talentDefinition""]","[""activeProfessionTalent"",""damageEvent""]","[""runtimeIdBridge""]",true,"[{""value"":1,""unit"":"""",""raw"":""1 ""}]","When Condemn deals damage, it immediately cools down 1 Holy Sigil (prioritizing the Holy Sigil with the longest remaining CD).","[{""sourceFile"":""probing-reports\\TalentEffectModelProbe.json""},{""sourceFile"":""probing-reports\\TalentEffectModelProbe.json""},{""sourceFile"":""probing-reports\\TalentEffectModelProbe.json""},{""sourceFile"":""probing-reports\\TalentEffectModelProbe.json""},{""sourceFile"":""probing-reports\\TalentEffectModelProbe.json""}]"
talent,TalentDescriptions.json,1238,Holy Light Time Limit,talent:1238:1,resetCooldown,reset,eventEvidenceRequired,high,true,expertiseSkill,,"[""crit"",""critDamage""]",true,"[""localizedDescription"",""talentDefinition""]","[""activeProfessionTalent"",""damageEventCritFlag"",""finalCharacterStats"",""killEvent""]","[""controlledEncounterTriggerProof""]",true,"[{""value"":50,""unit"":""percent"",""raw"":""50%""},{""value"":1,""unit"":"""",""raw"":""1 ""}]","During Aegis Ward, when an Expertise Skill deals Crit DMG, there's a 50% fixed chance to instantly reset 1 Holy Sigil CD (prioritizing Holy Sigil with the longest remaining CD).","[{""sourceFile"":""probing-reports\\TalentEffectModelProbe.json""},{""sourceFile"":""probing-reports\\TalentEffectModelProbe.json""},{""sourceFile"":""probing-reports\\TalentEffectModelProbe.json""},{""sourceFile"":""probing-reports\\TalentEffectModelProbe.json""},{""sourceFile"":""probing-reports\\TalentEffectModelProbe.json""}]"
talent,TalentDescriptions.json,1238,Holy Light Time Limit,talent:1238:2,resetCooldown,reset,eventEvidenceRequired,high,true,expertiseSkill,,"[""crit"",""critDamage""]",true,"[""localizedDescription"",""talentDefinition""]","[""activeProfessionTalent"",""damageEventCritFlag"",""finalCharacterStats"",""killEvent""]","[""controlledEncounterTriggerProof""]",true,"[{""value"":50,""unit"":""percent"",""raw"":""50%""},{""value"":1,""unit"":"""",""raw"":""1 ""}]","During Aegis Ward , when an Expertise Skill deals Crit DMG, there's a 50% fixed chance to instantly reset 1 Holy Sigil CD (prioritizing Holy Sigil with the longest remaining CD).","[{""sourceFile"":""probing-reports\\TalentEffectModelProbe.json""},{""sourceFile"":""probing-reports\\TalentEffectModelProbe.json""},{""sourceFile"":""probing-reports\\TalentEffectModelProbe.json""},{""sourceFile"":""probing-reports\\TalentEffectModelProbe.json""},{""sourceFile"":""probing-reports\\TalentEffectModelProbe.json""}]"
talent,TalentDescriptions.json,1253,Bold Fearless,talent:1253:1,hasteStat,hasteEvidence,attrOrBuffEvidence,medium,false,unknown,,"[""haste""]",true,"[""localizedDescription"",""talentDefinition""]","[""activeBuffStacks"",""activeProfessionTalent"",""finalCharacterStats""]","[""targetSkillScopeMapping""]",true,"[{""value"":3,""unit"":""percent"",""raw"":""3%""},{""value"":10,""unit"":""seconds"",""raw"":""10s""},{""value"":10,""unit"":"""",""raw"":""10 ""}]","Bold Fearless: Increases Haste by 3% for 10s, stacking up to 10 times.","[{""sourceFile"":""probing-reports\\TalentEffectModelProbe.json""},{""sourceFile"":""probing-reports\\TalentEffectModelProbe.json""},{""sourceFile"":""probing-reports\\TalentEffectModelProbe.json""},{""sourceFile"":""probing-reports\\TalentEffectModelProbe.json""},{""sourceFile"":""probing-reports\\TalentEffectModelProbe.json""}]"
talent,TalentDescriptions.json,1257,Zeal Haste,talent:1257:1,cooldownTextUnclassified,evidence,textOnly,medium,false,unknown,Zeal Crusade -1 second,[],false,"[""localizedDescription"",""talentDefinition""]","[""activeProfessionTalent""]","[""runtimeIdBridge""]",true,"[{""value"":15,""unit"":"""",""raw"":""15 ""},{""value"":-1,""unit"":""seconds"",""raw"":""-1 s""}]","For every 15 points of Photon Energy consumed, the remaining CD of Zeal Crusade -1 second.","[{""sourceFile"":""probing-reports\\TalentEffectModelProbe.json""},{""sourceFile"":""probing-reports\\TalentEffectModelProbe.json""},{""sourceFile"":""probing-reports\\TalentEffectModelProbe.json""},{""sourceFile"":""probing-reports\\TalentEffectModelProbe.json""},{""sourceFile"":""probing-reports\\TalentEffectModelProbe.json""}]"
talent,TalentDescriptions.json,1265,Resolved to Return,talent:1265:1,flatCooldownReduce,flatReduceMs,eventEvidenceRequired,high,true,unknown,Radiance,[],false,"[""localizedDescription"",""talentDefinition""]","[""activeBuffStacks"",""activeProfessionTalent""]","[""controlledEncounterTriggerProof"",""targetSkillScopeMapping""]",true,"[{""value"":1,""unit"":""seconds"",""raw"":""1 s""},{""value"":1,""unit"":""seconds"",""raw"":""1 s""}]","Each time 1 stack of Lightforged Barrier is consumed or deducted, reduces the remaining CD of Radiance by 1 second.","[{""sourceFile"":""probing-reports\\TalentEffectModelProbe.json""},{""sourceFile"":""probing-reports\\TalentEffectModelProbe.json""},{""sourceFile"":""probing-reports\\TalentEffectModelProbe.json""},{""sourceFile"":""probing-reports\\TalentEffectModelProbe.json""},{""sourceFile"":""probing-reports\\TalentEffectModelProbe.json""}]"
talent,TalentDescriptions.json,1308,Dissonance Spec,talent:1308:1,cooldownTextUnclassified,evidence,textOnly,medium,false,unknown,,[],false,"[""localizedDescription"",""talentDefinition""]","[""activeProfessionTalent"",""healEvent"",""skillCastEvent""]","[""runtimeIdBridge""]",true,[],Heroic Melody enhances healing while consecutive Fierce Strikes accelerate Harmonic Anthem casting frequency.,"[{""sourceFile"":""probing-reports\\TalentEffectModelProbe.json""},{""sourceFile"":""probing-reports\\TalentEffectModelProbe.json""},{""sourceFile"":""probing-reports\\TalentEffectModelProbe.json""},{""sourceFile"":""probing-reports\\TalentEffectModelProbe.json""},{""sourceFile"":""probing-reports\\TalentEffectModelProbe.json""}]"
talent,TalentDescriptions.json,1310,Trio Rhapsody,talent:1310:1,hasteStat,hasteEvidence,attrOrBuffEvidence,medium,false,unknown,,"[""haste""]",true,"[""localizedDescription"",""talentDefinition""]","[""activeProfessionTalent"",""finalCharacterStats""]","[""targetSkillScopeMapping""]",true,"[{""value"":0.6,""unit"":"""",""raw"":""0.6""}]","While in Rhapsody of Flame, ATK increases by Haste % x 0.6.","[{""sourceFile"":""probing-reports\\TalentEffectModelProbe.json""},{""sourceFile"":""probing-reports\\TalentEffectModelProbe.json""},{""sourceFile"":""probing-reports\\TalentEffectModelProbe.json""},{""sourceFile"":""probing-reports\\TalentEffectModelProbe.json""},{""sourceFile"":""probing-reports\\TalentEffectModelProbe.json""}]"
talent,TalentDescriptions.json,1310,Trio Rhapsody,talent:1310:2,hasteStat,hasteEvidence,attrOrBuffEvidence,medium,false,unknown,,"[""haste""]",true,"[""localizedDescription"",""talentDefinition""]","[""activeProfessionTalent"",""finalCharacterStats""]","[""targetSkillScopeMapping""]",true,"[{""value"":0.6,""unit"":"""",""raw"":""0.6""}]","While in Rhapsody of Flame , ATK increases by Haste % x 0.6.","[{""sourceFile"":""probing-reports\\TalentEffectModelProbe.json""},{""sourceFile"":""probing-reports\\TalentEffectModelProbe.json""},{""sourceFile"":""probing-reports\\TalentEffectModelProbe.json""},{""sourceFile"":""probing-reports\\TalentEffectModelProbe.json""},{""sourceFile"":""probing-reports\\TalentEffectModelProbe.json""}]"
talent,TalentDescriptions.json,1316,Restart,talent:1316:1,resetCooldown,reset,eventEvidenceRequired,high,true,unknown,,"[""lucky""]",true,"[""localizedDescription"",""talentDefinition""]","[""activeProfessionTalent"",""damageEventLuckyFlag"",""finalCharacterStats"",""skillCastEvent""]","[""controlledEncounterTriggerProof"",""targetSkillScopeMapping""]",true,"[{""value"":10,""unit"":""seconds"",""raw"":""10s""}]","When Harmonic Anthem or Fierce Strike triggers a Lucky Strike, limited to a single activation when striking multiple targets, immediately resets Rhapsody of Flame's CD and allows Rhapsody of Flame not to consume Performance Passion for 10s, this effect is nullified upon casting Rhapsody of Flame.","[{""sourceFile"":""probing-reports\\TalentEffectModelProbe.json""},{""sourceFile"":""probing-reports\\TalentEffectModelProbe.json""},{""sourceFile"":""probing-reports\\TalentEffectModelProbe.json""},{""sourceFile"":""probing-reports\\TalentEffectModelProbe.json""},{""sourceFile"":""probing-reports\\TalentEffectModelProbe.json""}]"
talent,TalentDescriptions.json,1316,Restart,talent:1316:2,resetCooldown,reset,eventEvidenceRequired,high,true,unknown,,"[""lucky""]",true,"[""localizedDescription"",""talentDefinition""]","[""activeProfessionTalent"",""damageEventLuckyFlag"",""finalCharacterStats"",""skillCastEvent""]","[""controlledEncounterTriggerProof"",""targetSkillScopeMapping""]",true,"[{""value"":10,""unit"":""seconds"",""raw"":""10s""}]","When Harmonic Anthem or Fierce Strike triggers a Lucky Strike, limited to a single activation when striking multiple targets, immediately resets Rhapsody of Flame 's CD and allows Rhapsody of Flame not to consume Performance Passion for 10s, this effect is nullified upon casting Rhapsody of Flame .","[{""sourceFile"":""probing-reports\\TalentEffectModelProbe.json""},{""sourceFile"":""probing-reports\\TalentEffectModelProbe.json""},{""sourceFile"":""probing-reports\\TalentEffectModelProbe.json""},{""sourceFile"":""probing-reports\\TalentEffectModelProbe.json""},{""sourceFile"":""probing-reports\\TalentEffectModelProbe.json""}]"
talent,TalentDescriptions.json,1317,Concerto Spec,talent:1317:1,flatCooldownReduce,flatReduceMs,activeBuffOrAttrCandidate,high,false,unknown,Fivefold Crescendo and Passion Burst,[],false,"[""localizedDescription"",""talentDefinition""]","[""activeBuffState"",""activeProfessionTalent"",""healEvent""]","[""targetSkillScopeMapping""]",true,"[{""value"":1,""unit"":""seconds"",""raw"":""1 s""}]","While Healing Melody is active, reduces the remaining CD of Fivefold Crescendo and Passion Burst by 1 second per second.","[{""sourceFile"":""probing-reports\\TalentEffectModelProbe.json""},{""sourceFile"":""probing-reports\\TalentEffectModelProbe.json""},{""sourceFile"":""probing-reports\\TalentEffectModelProbe.json""},{""sourceFile"":""probing-reports\\TalentEffectModelProbe.json""},{""sourceFile"":""probing-reports\\TalentEffectModelProbe.json""}]"
talent,TalentDescriptions.json,1334,Melody Chord,talent:1334:1,hasteStat,hasteEvidence,attrOrBuffEvidence,medium,false,unknown,,"[""haste""]",true,"[""localizedDescription"",""talentDefinition""]","[""activeProfessionTalent"",""finalCharacterStats""]","[""targetSkillScopeMapping""]",true,"[{""value"":1,""unit"":""percent"",""raw"":""1%""},{""value"":1,""unit"":""percent"",""raw"":""1%""}]",Each 1% Haste increases the REG SPD of Performance Passion by 1%.,"[{""sourceFile"":""probing-reports\\TalentEffectModelProbe.json""},{""sourceFile"":""probing-reports\\TalentEffectModelProbe.json""},{""sourceFile"":""probing-reports\\TalentEffectModelProbe.json""},{""sourceFile"":""probing-reports\\TalentEffectModelProbe.json""},{""sourceFile"":""probing-reports\\TalentEffectModelProbe.json""}]"
talent,TalentDescriptions.json,1342,Flame's Rampage,talent:1342:1,hasteStat,hasteEvidence,attrOrBuffEvidence,medium,false,unknown,,"[""haste""]",true,"[""localizedDescription"",""talentDefinition""]","[""activeProfessionTalent"",""finalCharacterStats""]","[""targetSkillScopeMapping""]",true,"[{""value"":350,""unit"":""percent"",""raw"":""350%""},{""value"":3,""unit"":""seconds"",""raw"":""3s""}]","When Heroic Melody is active, Rhapsody of Flame will erupt, dealing Magic DMG equal to 350% ATK every 3s to targets it touches (DMG interval affected by Haste).","[{""sourceFile"":""probing-reports\\TalentEffectModelProbe.json""},{""sourceFile"":""probing-reports\\TalentEffectModelProbe.json""},{""sourceFile"":""probing-reports\\TalentEffectModelProbe.json""},{""sourceFile"":""probing-reports\\TalentEffectModelProbe.json""},{""sourceFile"":""probing-reports\\TalentEffectModelProbe.json""}]"
talent,TalentDescriptions.json,1349,Center Stage: Mad Tune,talent:1349:1,flatCooldownReduce,flatReduceMs,activeBuffOrAttrCandidate,high,false,unknown,Center Stage,[],false,"[""localizedDescription"",""talentDefinition""]","[""activeProfessionTalent""]","[""targetSkillScopeMapping""]",true,"[{""value"":1,""unit"":""seconds"",""raw"":""1 s""}]",Each Performance Passion consumed reduces the CD of Center Stage by 1 second.,"[{""sourceFile"":""probing-reports\\TalentEffectModelProbe.json""},{""sourceFile"":""probing-reports\\TalentEffectModelProbe.json""},{""sourceFile"":""probing-reports\\TalentEffectModelProbe.json""},{""sourceFile"":""probing-reports\\TalentEffectModelProbe.json""},{""sourceFile"":""probing-reports\\TalentEffectModelProbe.json""}]"
talent,TalentDescriptions.json,1356,Sonic Verdict,talent:1356:1,hasteStat,hasteEvidence,attrOrBuffEvidence,medium,false,unknown,,"[""haste""]",true,"[""localizedDescription"",""talentDefinition""]","[""activeBuffState"",""activeProfessionTalent"",""finalCharacterStats"",""healEvent"",""skillCastEvent""]","[""targetSkillScopeMapping""]",true,"[{""value"":10,""unit"":""percent"",""raw"":""10%""},{""value"":0.4,""unit"":"""",""raw"":""0.4""},{""value"":-30,""unit"":""percent"",""raw"":""-30%""}]","While Healing Melody is active, reduces the caster's DMG taken by (10% + Haste % x 0.4) (max -30%).","[{""sourceFile"":""probing-reports\\TalentEffectModelProbe.json""},{""sourceFile"":""probing-reports\\TalentEffectModelProbe.json""},{""sourceFile"":""probing-reports\\TalentEffectModelProbe.json""},{""sourceFile"":""probing-reports\\TalentEffectModelProbe.json""},{""sourceFile"":""probing-reports\\TalentEffectModelProbe.json""}]"
talent,TalentDescriptions.json,1363,Tower Resonance,talent:1363:1,flatCooldownReduce,flatReduceMs,activeBuffOrAttrCandidate,high,false,unknown,Expertise,[],false,"[""localizedDescription"",""talentDefinition""]","[""activeProfessionTalent""]","[""targetSkillScopeMapping""]",true,"[{""value"":1,""unit"":""seconds"",""raw"":""1 s""}]",Each trigger of Encore Strings reduces the remaining CD of Expertise by 1 second.,"[{""sourceFile"":""probing-reports\\TalentEffectModelProbe.json""},{""sourceFile"":""probing-reports\\TalentEffectModelProbe.json""},{""sourceFile"":""probing-reports\\TalentEffectModelProbe.json""},{""sourceFile"":""probing-reports\\TalentEffectModelProbe.json""},{""sourceFile"":""probing-reports\\TalentEffectModelProbe.json""}]"
